#pragma once

#include <Arduino.h>

namespace pipa {

constexpr uint16_t kValPortraitFrameWidth = 48;
constexpr uint16_t kValPortraitFrameHeight = 48;
constexpr uint16_t kValPortraitFrameCount = 18;
constexpr uint16_t kValPortraitTransparent = 0x0001;

static const uint16_t kValPortraitFrames[kValPortraitFrameCount][kValPortraitFrameWidth * kValPortraitFrameHeight] PROGMEM = {
  {
    0x0001, 0x0001, 0x0001, 0x0001, 0x0001, 0x0001, 0x0001, 0x0001, 0x0001, 0x0001, 0x0001, 0x51CE,
    0x6B55, 0x6B55, 0x6B55, 0x6B55, 0x6B55, 0x6B55, 0x6B55, 0x6B55, 0x6B55, 0x6B55, 0x6B55, 0x6B55,
    0x6B55, 0x6B55, 0x6B55, 0x8C38, 0x8C38, 0x8C38, 0x8C38, 0x8C38, 0x8C38, 0x8C38, 0x6B55, 0x6B55,
    0x51CE, 0x0001, 0x0001, 0x0001, 0x0001, 0x0001, 0x0001, 0x0001, 0x0001, 0x0001, 0x0001, 0x0001,
    0x0001, 0x0001, 0x0001, 0x0001, 0x0001, 0x0001, 0x0001, 0x0001, 0x0001, 0x0001, 0x51CE, 0x6B55,
    0x6B55, 0x6B55, 0x6B55, 0x6B55, 0x6B55, 0x6B55, 0x6B55, 0x6B55, 0x6B55, 0x6B55, 0x6B55, 0x6B55,
    0x8C38, 0x8C38, 0x8C38, 0x8C38, 0x8C38, 0x6B55, 0x6B55, 0x6B55, 0x6B55, 0x8C38, 0x8C38, 0x8C38,
    0x6B55, 0x51CE, 0x0001, 0x0001, 0x0001, 0x0001, 0x0001, 0x0001, 0x0001, 0x0001, 0x0001, 0x0001,
    0x0001, 0x0001, 0x0001, 0x0001, 0x0001, 0x0001, 0x0001, 0x0001, 0x0001, 0x51CE, 0x6B55, 0x6B55,
    0x6B55, 0x6B55, 0x6B55, 0x6B55, 0x6B55, 0x6B55, 0x6B55, 0x6B55, 0x6B55, 0x6B55, 0x8C38, 0x8C38,
    0x8C38, 0x8C38, 0x8C38, 0x8C38, 0x8C38, 0x6B55, 0x6B55, 0x6B55, 0x6B55, 0x6B55, 0x8C38, 0x8C38,
    0x8C38, 0x6B55, 0x51CE, 0x0001, 0x0001, 0x0001, 0x0001, 0x0001, 0x0001, 0x0001, 0x0001, 0x0001,
    0x0001, 0x0001, 0x0001, 0x0001, 0x0001, 0x0001, 0x0001, 0x0001, 0x51CE, 0x6B55, 0x6B55, 0x6B55,
    0x6B55, 0x6B55, 0x6B55, 0x6B55, 0x6B55, 0x6B55, 0x6B55, 0x6B55, 0x6B55, 0x8C38, 0x8C38, 0x8C38,
    0x8C38, 0x8C38, 0x8C38, 0x8C38, 0x8C38, 0x8C38, 0x6B55, 0x6B55, 0x6B55, 0x6B55, 0x6B55, 0x8C38,
    0x8C38, 0x8C38, 0x6B55, 0x51CE, 0x0001, 0x0001, 0x0001, 0x0001, 0x0001, 0x0001, 0x0001, 0x0001,
    0x0001, 0x0001, 0x0001, 0x0001, 0x0001, 0x0001, 0x0001, 0x51CE, 0x6B55, 0x6B55, 0x6B55, 0x6B55,
    0x6B55, 0x6B55, 0x6B55, 0x6B55, 0x6B55, 0x6B55, 0x6B55, 0x6B55, 0x8C38, 0x8C38, 0x8C38, 0x8C38,
    0x8C38, 0x8C38, 0x8C38, 0x8C38, 0x8C38, 0x8C38, 0x8C38, 0x6B55, 0x6B55, 0x6B55, 0x6B55, 0x6B55,
    0x8C38, 0x8C38, 0x8C38, 0x6B55, 0x51CE, 0x0001, 0x0001, 0x0001, 0x0001, 0x0001, 0x0001, 0x0001,
    0x0001, 0x0001, 0x0001, 0x0001, 0x0001, 0x0001, 0x0001, 0x51CE, 0x6B55, 0x6B55, 0x6B55, 0x6B55,
    0x6B55, 0x6B55, 0x6B55, 0x6B55, 0x6B55, 0x6B55, 0x6B55, 0x6B55, 0x8C38, 0x8C38, 0x8C38, 0x8C38,
    0x8C38, 0x8C38, 0x8C38, 0x8C38, 0x8C38, 0x8C38, 0x8C38, 0x8C38, 0x8C38, 0x8C38, 0x6B55, 0x6B55,
    0x8C38, 0x8C38, 0x8C38, 0x8C38, 0x51CE, 0x0001, 0x0001, 0x0001, 0x0001, 0x0001, 0x0001, 0x0001,
    0x0001, 0x0001, 0x0001, 0x0001, 0x0001, 0x0001, 0x51CE, 0x6B55, 0x6B55, 0x6B55, 0x6B55, 0x6B55,
    0x6B55, 0x6B55, 0x6B55, 0x6B55, 0x6B55, 0x6B55, 0x6B55, 0x8C38, 0x8C38, 0x8C38, 0x8C38, 0x8C38,
    0x8C38, 0x8C38, 0x8C38, 0x8C38, 0x8C38, 0x8C38, 0x8C38, 0x8C38, 0x8C38, 0x8C38, 0x8C38, 0x6B55,
    0x8C38, 0x8C38, 0x8C38, 0x8C38, 0x6B55, 0x51CE, 0x0001, 0x0001, 0x0001, 0x0001, 0x0001, 0x0001,
    0x0001, 0x0001, 0x0001, 0x0001, 0x0001, 0x0001, 0x51CE, 0x6B55, 0x6B55, 0x6B55, 0x6B55, 0x6B55,
    0x6B55, 0x6B55, 0x6B55, 0x6B55, 0x6B55, 0x6B55, 0x6B55, 0x8C38, 0x8C38, 0x8C38, 0x8C38, 0x8C38,
    0x8C38, 0x8C38, 0x8C38, 0x8C38, 0x8C38, 0x8C38, 0x8C38, 0x8C38, 0x8C38, 0x8C38, 0x8C38, 0x8C38,
    0x8C38, 0x8C38, 0x8C38, 0x8C38, 0x8C38, 0x51CE, 0x0001, 0x0001, 0x0001, 0x0001, 0x0001, 0x0001,
    0x0001, 0x0001, 0x0001, 0x0001, 0x0001, 0x0001, 0x51CE, 0x6B55, 0x6B55, 0x6B55, 0x6B55, 0x6B55,
    0x6B55, 0x6B55, 0x6B55, 0x6B55, 0x6B55, 0x6B55, 0x6B55, 0x6B55, 0x8C38, 0x8C38, 0x8C38, 0x8C38,
    0x8C38, 0x8C38, 0x8C38, 0x8C38, 0x8C38, 0x8C38, 0x8C38, 0x8C38, 0x8C38, 0x8C38, 0x6B55, 0x8C38,
    0x6B55, 0x8C38, 0x8C38, 0x8C38, 0x8C38, 0x51CE, 0x0001, 0x0001, 0x0001, 0x0001, 0x0001, 0x0001,
    0x0001, 0x0001, 0x0001, 0x0001, 0x0001, 0x51CE, 0x6B55, 0x6B55, 0x6B55, 0x6B55, 0x6B55, 0x6B55,
    0x6B55, 0x6B55, 0x6B55, 0x6B55, 0x6B55, 0x6B55, 0x6B55, 0x6B55, 0x6B55, 0x6B55, 0x6B55, 0x8C38,
    0x8C38, 0x8C38, 0x8C38, 0x8C38, 0x8C38, 0x8C38, 0x8C38, 0x8C38, 0x8C38, 0x8C38, 0x8C38, 0x6B55,
    0x6B55, 0x8C38, 0x8C38, 0x8C38, 0x8C38, 0x6B55, 0x51CE, 0x0001, 0x0001, 0x0001, 0x0001, 0x0001,
    0x0001, 0x0001, 0x0001, 0x0001, 0x0001, 0x51CE, 0x6B55, 0x6B55, 0x6B55, 0x6B55, 0x6B55, 0x6B55,
    0x6B55, 0x6B55, 0x6B55, 0x6B55, 0x6B55, 0x6B55, 0x6B55, 0x6B55, 0x6B55, 0x6B55, 0x6B55, 0x6B55,
    0x6B55, 0x6B55, 0x8C38, 0x8C38, 0x8C38, 0x8C38, 0x8C38, 0x8C38, 0x8C38, 0x8C38, 0x8C38, 0x8C38,
    0x6B55, 0x6B55, 0x8C38, 0x8C38, 0x8C38, 0x8C38, 0x51CE, 0x0001, 0x0001, 0x0001, 0x0001, 0x0001,
    0x0001, 0x0001, 0x0001, 0x0001, 0x0001, 0x51CE, 0x6B55, 0x6B55, 0x6B55, 0x6B55, 0x6B55, 0x6B55,
    0x6B55, 0x6B55, 0x6B55, 0x6B55, 0x6B55, 0x6B55, 0x6B55, 0x6B55, 0x51CE, 0x51CE, 0x51CE, 0x51CE,
    0x51CE, 0x51CE, 0x51CE, 0x6B55, 0x8C38, 0x8C38, 0x8C38, 0x8C38, 0x8C38, 0x8C38, 0x8C38, 0x8C38,
    0x8C38, 0x6B55, 0x8C38, 0x8C38, 0x8C38, 0x8C38, 0x51CE, 0x0001, 0x0001, 0x0001, 0x0001, 0x0001,
    0x0001, 0x0001, 0x0001, 0x0001, 0x51CE, 0x6B55, 0x6B55, 0x6B55, 0x6B55, 0x6B55, 0x6B55, 0x6B55,
    0x6B55, 0x6B55, 0x6B55, 0x6B55, 0x6B55, 0x6B55, 0x51CE, 0x51CE, 0x4B2F, 0x4B2F, 0x4B2F, 0x4B2F,
    0x4B2F, 0x4B2F, 0x4B2F, 0x51CE, 0x6B55, 0x8C38, 0x8C38, 0x8C38, 0x8C38, 0x8C38, 0x8C38, 0x8C38,
    0x8C38, 0x6B55, 0x6B55, 0x8C38, 0x8C38, 0x8C38, 0x6B55, 0x51CE, 0x0001, 0x0001, 0x0001, 0x0001,
    0x0001, 0x0001, 0x0001, 0x0001, 0x51CE, 0x6B55, 0x6B55, 0x6B55, 0x6B55, 0x6B55, 0x6B55, 0x6B55,
    0x6B55, 0x6B55, 0x6B55, 0x6B55, 0x6B55, 0x51CE, 0x4B2F, 0x4B2F, 0x4B2F, 0x5BD2, 0x5BD2, 0x5BD2,
    0x5BD2, 0x5BD2, 0x5BD2, 0x4B2F, 0x51CE, 0x6B55, 0x8C38, 0x8C38, 0x8C38, 0x8C38, 0x8C38, 0x8C38,
    0x8C38, 0x8C38, 0x6B55, 0x8C38, 0x8C38, 0x8C38, 0x8C38, 0x51CE, 0x0001, 0x0001, 0x0001, 0x0001,
    0x0001, 0x0001, 0x0001, 0x0001, 0x51CE, 0x6B55, 0x6B55, 0x6B55, 0x6B55, 0x6B55, 0x6B55, 0x6B55,
    0x6B55, 0x6B55, 0x6B55, 0x6B55, 0x51CE, 0x4B2F, 0x5BD2, 0x5BD2, 0x5BD2, 0x8D59, 0x8D59, 0x8D59,
    0x8D59, 0x8D59, 0x8D59, 0x5BD2, 0x5BD2, 0x51CE, 0x51CE, 0x8C38, 0x8C38, 0x8C38, 0x8C38, 0x8C38,
    0x8C38, 0x8C38, 0x6B55, 0x8C38, 0x8C38, 0x8C38, 0x8C38, 0x51CE, 0x0001, 0x0001, 0x0001, 0x0001,
    0x0001, 0x0001, 0x0001, 0x0001, 0x51CE, 0x6B55, 0x6B55, 0x6B55, 0x6B55, 0x6B55, 0x6B55, 0x6B55,
    0x6B55, 0x6B55, 0x6B55, 0x51CE, 0x4B2F, 0x5BD2, 0x8D59, 0x8D59, 0x8D59, 0xA63C, 0xA63C, 0xA63C,
    0xA63C, 0xA63C, 0xA63C, 0x8D59, 0x8D59, 0x5BD2, 0x51CE, 0x6B55, 0x8C38, 0x8C38, 0x8C38, 0x8C38,
    0x8C38, 0x8C38, 0x8C38, 0x8C38, 0x8C38, 0x8C38, 0x8C38, 0x51CE, 0x0001, 0x0001, 0x0001, 0x0001,
    0x0001, 0x0001, 0x0001, 0x0001, 0x51CE, 0x6B55, 0x6B55, 0x6B55, 0x6B55, 0x6B55, 0x6B55, 0x6B55,
    0x6B55, 0x6B55, 0x6B55, 0x51CE, 0x5BD2, 0x8D59, 0x8D59, 0x8D59, 0xA63C, 0xA63C, 0xA63C, 0xA63C,
    0xA63C, 0xBEDE, 0xBEDE, 0xBEDE, 0xA63C, 0x8D59, 0x5BD2, 0x51CE, 0x6B55, 0x8C38, 0x8C38, 0x8C38,
    0x8C38, 0x8C38, 0x8C38, 0x8C38, 0x8C38, 0x8C38, 0x8C38, 0x51CE, 0x0001, 0x0001, 0x0001, 0x0001,
    0x0001, 0x0001, 0x0001, 0x0001, 0x51CE, 0x6B55, 0x6B55, 0x6B55, 0x6B55, 0x6B55, 0x6B55, 0x6B55,
    0x6B55, 0x6B55, 0x51CE, 0x4B2F, 0x5BD2, 0x8D59, 0x8D59, 0xA63C, 0xA63C, 0xA63C, 0xA63C, 0xA63C,
    0xA63C, 0xBEDE, 0xBEDE, 0xBEDE, 0xBEDE, 0xA63C, 0x8D59, 0x5BD2, 0x51CE, 0x6B55, 0x8C38, 0x8C38,
    0x8C38, 0x8C38, 0x8C38, 0x8C38, 0x8C38, 0x8C38, 0x6B55, 0x51CE, 0x0001, 0x0001, 0x0001, 0x0001,
    0x0001, 0x0001, 0x0001, 0x0001, 0x51CE, 0x6B55, 0x6B55, 0x6B55, 0x6B55, 0x6B55, 0x6B55, 0x6B55,
    0x6B55, 0x51CE, 0x4B2F, 0x5BD2, 0x8D59, 0x8D59, 0x8D59, 0xA63C, 0xA63C, 0xA63C, 0xA63C, 0xA63C,
    0xA63C, 0xBEDE, 0xBEDE, 0xBEDE, 0xBEDE, 0xBEDE, 0xA63C, 0x8D59, 0x5BD2, 0x51CE, 0x51CE, 0x6B55,
    0x8C38, 0x8C38, 0x8C38, 0x8C38, 0x6B55, 0x8C38, 0x6B55, 0x51CE, 0x0001, 0x0001, 0x0001, 0x0001,
    0x0001, 0x0001, 0x0001, 0x51CE, 0x6B55, 0x6B55, 0x6B55, 0x6B55, 0x6B55, 0x51CE, 0x6B55, 0x6B55,
    0x51CE, 0x4B2F, 0x5BD2, 0x5BD2, 0x8D59, 0x8D59, 0x8D59, 0xA63C, 0xA63C, 0xA63C, 0xA63C, 0xA63C,
    0xA63C, 0xA63C, 0xBEDE, 0xBEDE, 0xBEDE, 0xA63C, 0xA63C, 0x8D59, 0x8D59, 0x5BD2, 0x4B2F, 0x51CE,
    0x6B55, 0x8C38, 0x8C38, 0x51CE, 0x8C38, 0x8C38, 0x6B55, 0x6B55, 0x51CE, 0x0001, 0x0001, 0x0001,
    0x0001, 0x0001, 0x0001, 0x51CE, 0x6B55, 0x6B55, 0x6B55, 0x6B55, 0x6B55, 0x6B55, 0x51CE, 0x51CE,
    0x4B2F, 0x5BD2, 0x5BD2, 0x5BD2, 0x8D59, 0x8D59, 0x8D59, 0xA63C, 0xA63C, 0xA63C, 0xA63C, 0xA63C,
    0xA63C, 0xA63C, 0xA63C, 0xA63C, 0xA63C, 0xA63C, 0xA63C, 0x8D59, 0x8D59, 0x8D59, 0x5BD2, 0x4B2F,
    0x51CE, 0x51CE, 0x51CE, 0x6B55, 0x8C38, 0x8C38, 0x6B55, 0x6B55, 0x51CE, 0x0001, 0x0001, 0x0001,
    0x0001, 0x0001, 0x0001, 0x51CE, 0x6B55, 0x6B55, 0x6B55, 0x6B55, 0x6B55, 0x6B55, 0x6B55, 0x4B2F,
    0x5BD2, 0x5BD2, 0x4B2F, 0x4B2F, 0x4B2F, 0x8D59, 0x8D59, 0x8D59, 0xA63C, 0xA63C, 0xA63C, 0xA63C,
    0xA63C, 0xA63C, 0xA63C, 0xA63C, 0xA63C, 0xA63C, 0x8D59, 0x4B2F, 0x4B2F, 0x4B2F, 0x5BD2, 0x5BD2,
    0x4B2F, 0x51CE, 0x6B55, 0x8C38, 0x8C38, 0x6B55, 0x6B55, 0x6B55, 0x51CE, 0x0001, 0x0001, 0x0001,
    0x0001, 0x0001, 0x0001, 0x51CE, 0x6B55, 0x6B55, 0x51CE, 0x6B55, 0x6B55, 0x6B55, 0x51CE, 0x5BD2,
    0x4B2F, 0x520F, 0x520F, 0x520F, 0x520F, 0x520F, 0x4B2F, 0x8D59, 0x8D59, 0xA63C, 0xA63C, 0xA63C,
    0xA63C, 0xA63C, 0xA63C, 0xA63C, 0x8D59, 0x4B2F, 0x520F, 0x520F, 0x520F, 0x520F, 0x520F, 0x4B2F,
    0x5BD2, 0x4B2F, 0x51CE, 0x6B55, 0x6B55, 0x51CE, 0x6B55, 0x6B55, 0x51CE, 0x0001, 0x0001, 0x0001,
    0x0001, 0x0001, 0x0001, 0x51CE, 0x6B55, 0x6B55, 0x120E, 0x51CE, 0x6B55, 0x51CE, 0x4B2F, 0x520F,
    0x520F, 0x4B2F, 0x4B2F, 0x5BD2, 0x5BD2, 0x4B2F, 0x520F, 0x520F, 0x8D59, 0xA63C, 0xA63C, 0xA63C,
    0xA63C, 0xA63C, 0xA63C, 0x8D59, 0x520F, 0x520F, 0x4B2F, 0x5BD2, 0x5BD2, 0x4B2F, 0x4B2F, 0x520F,
    0x520F, 0x4B2F, 0x120E, 0x51CE, 0x51CE, 0x120E, 0x6B55, 0x6B55, 0x51CE, 0x0001, 0x0001, 0x0001,
    0x0001, 0x0001, 0x0001, 0x51CE, 0x6B55, 0x6B55, 0x120E, 0x8D59, 0x6B55, 0x51CE, 0x520F, 0x4B2F,
    0x4B2F, 0x39C9, 0x39C9, 0x39C9, 0x39C9, 0x5BD2, 0x4B2F, 0x5BD2, 0x520F, 0x8D59, 0xA63C, 0xA63C,
    0xA63C, 0xA63C, 0x8D59, 0x520F, 0x5BD2, 0x4B2F, 0x5BD2, 0x39C9, 0x39C9, 0x39C9, 0x39C9, 0x4B2F,
    0x4B2F, 0x520F, 0x4B2F, 0x120E, 0x8D59, 0x120E, 0x6B55, 0x6B55, 0x51CE, 0x0001, 0x0001, 0x0001,
    0x0001, 0x0001, 0x0001, 0x51CE, 0x6B55, 0x120E, 0xA63C, 0xA63C, 0x51CE, 0x4B2F, 0x4B2F, 0x39C9,
    0x39C9, 0x39C9, 0x39C9, 0x39C9, 0x39C9, 0x39C9, 0x39C9, 0x4B2F, 0x5BD2, 0x8D59, 0xA63C, 0xA63C,
    0xA63C, 0xA63C, 0xA63C, 0x8D59, 0x4B2F, 0x39C9, 0x39C9, 0x39C9, 0x39C9, 0x39C9, 0x39C9, 0x39C9,
    0x39C9, 0x4B2F, 0x4B2F, 0x120E, 0x8D59, 0xA63C, 0x120E, 0x6B55, 0x51CE, 0x0001, 0x0001, 0x0001,
    0x0001, 0x0001, 0x0001, 0x51CE, 0x6B55, 0x120E, 0xA63C, 0x120E, 0x8D59, 0x120E, 0x4B2F, 0x4B2F,
    0x39C9, 0xD6DC, 0x19CD, 0x2A71, 0x7C35, 0x39C9, 0x5BD2, 0x5BD2, 0x5BD2, 0x5BD2, 0x8D59, 0xA63C,
    0xA63C, 0xA63C, 0xA63C, 0x5BD2, 0x5BD2, 0x5BD2, 0x39C9, 0x7C35, 0x2A71, 0x19CD, 0xD6DC, 0x39C9,
    0x4B2F, 0x4B2F, 0x120E, 0x5BD2, 0x120E, 0xA63C, 0x120E, 0x6B55, 0x51CE, 0x0001, 0x0001, 0x0001,
    0x0001, 0x0001, 0x0001, 0x51CE, 0x6B55, 0x120E, 0xA63C, 0x120E, 0x120E, 0x120E, 0x4B2F, 0x39C9,
    0x39C9, 0xD6DC, 0x19CD, 0x2A71, 0x19CD, 0xD6DC, 0x8D59, 0x8D59, 0x5BD2, 0x5BD2, 0x5BD2, 0xA63C,
    0xA63C, 0xA63C, 0xA63C, 0xA63C, 0x8D59, 0x8D59, 0xD6DC, 0x19CD, 0x2A71, 0x19CD, 0xD6DC, 0x39C9,
    0x39C9, 0x4B2F, 0x120E, 0x120E, 0x120E, 0xA63C, 0x120E, 0x6B55, 0x51CE, 0x0001, 0x0001, 0x0001,
    0x0001, 0x0001, 0x0001, 0x51CE, 0x6B55, 0x120E, 0x8D59, 0x120E, 0x6434, 0x120E, 0x4B2F, 0x4B2F,
    0x39C9, 0xBE1A, 0x19CD, 0x19CD, 0x19CD, 0xD6DC, 0xA63C, 0x8D59, 0x8D59, 0x5BD2, 0x4B2F, 0xA63C,
    0xA63C, 0xA63C, 0xA63C, 0xA63C, 0xA63C, 0x8D59, 0xD6DC, 0x19CD, 0x19CD, 0x19CD, 0xBE1A, 0x39C9,
    0x4B2F, 0x4B2F, 0x120E, 0x6434, 0x120E, 0xA63C, 0x120E, 0x6B55, 0x51CE, 0x0001, 0x0001, 0x0001,
    0x0001, 0x0001, 0x0001, 0x51CE, 0x6B55, 0x6B55, 0x120E, 0x8D59, 0x6434, 0x120E, 0x4B2F, 0x39C9,
    0x8D59, 0x8D59, 0x8D59, 0xA63C, 0xA63C, 0xA63C, 0xA63C, 0xA63C, 0x8D59, 0x5BD2, 0x4B2F, 0xA63C,
    0xA63C, 0xA63C, 0xA63C, 0xA63C, 0xA63C, 0xA63C, 0xA63C, 0xA63C, 0xA63C, 0xA63C, 0x8D59, 0x5BD2,
    0x39C9, 0x4B2F, 0x120E, 0x6434, 0xA63C, 0x120E, 0x6B55, 0x6B55, 0x51CE, 0x0001, 0x0001, 0x0001,
    0x0001, 0x0001, 0x0001, 0x51CE, 0x6B55, 0x6B55, 0x120E, 0x8D59, 0x120E, 0x120E, 0x4B2F, 0x8D59,
    0x8D59, 0xA63C, 0xA63C, 0xA63C, 0xA63C, 0xBEDE, 0xBEDE, 0xBEDE, 0xA63C, 0x8D59, 0x4B2F, 0xA63C,
    0xA63C, 0xBEDE, 0xA63C, 0xA63C, 0xA63C, 0xA63C, 0xBEDE, 0xBEDE, 0xBEDE, 0xBEDE, 0xA63C, 0x8D59,
    0x5BD2, 0x4B2F, 0x120E, 0x120E, 0xA63C, 0x120E, 0x6B55, 0x6B55, 0x51CE, 0x0001, 0x0001, 0x0001,
    0x0001, 0x0001, 0x0001, 0x51CE, 0x6B55, 0x6B55, 0x6B55, 0x120E, 0x120E, 0x8D59, 0x120E, 0x8D59,
    0x8D59, 0xA63C, 0xA63C, 0xA63C, 0xA63C, 0xBEDE, 0xBEDE, 0xBEDE, 0xA63C, 0x8D59, 0x5BD2, 0xA63C,
    0xA63C, 0xBEDE, 0xBEDE, 0xA63C, 0xA63C, 0xA63C, 0xBEDE, 0xBEDE, 0xBEDE, 0xBEDE, 0xBEDE, 0xA63C,
    0x5BD2, 0x120E, 0x5BD2, 0x120E, 0x120E, 0x6B55, 0x6B55, 0x6B55, 0x51CE, 0x0001, 0x0001, 0x0001,
    0x0001, 0x0001, 0x0001, 0x51CE, 0x6B55, 0x6B55, 0x6B55, 0x120E, 0xA63C, 0xA63C, 0x120E, 0x5BD2,
    0x8D59, 0x8D59, 0xA63C, 0xA63C, 0xA63C, 0xA63C, 0xBEDE, 0xBEDE, 0x8D59, 0x8D59, 0x5BD2, 0xA63C,
    0xA63C, 0xBEDE, 0xBEDE, 0xBEDE, 0xA63C, 0xA63C, 0xBEDE, 0xBEDE, 0xBEDE, 0xBEDE, 0xBEDE, 0xA63C,
    0x5BD2, 0x120E, 0x8D59, 0xA63C, 0x120E, 0x6B55, 0x6B55, 0x6B55, 0x51CE, 0x0001, 0x0001, 0x0001,
    0x0001, 0x0001, 0x0001, 0x0001, 0x51CE, 0x6B55, 0x6B55, 0x51CE, 0x120E, 0xA63C, 0x120E, 0x5BD2,
    0x8D59, 0x8D59, 0x8D59, 0xA63C, 0xA63C, 0xA63C, 0xA63C, 0xA63C, 0x8D59, 0x5BD2, 0x120E, 0xA63C,
    0xA63C, 0xA63C, 0xBEDE, 0xBEDE, 0xA63C, 0xA63C, 0xBEDE, 0xBEDE, 0xBEDE, 0xBEDE, 0xBEDE, 0x8D59,
    0x5BD2, 0x120E, 0xA63C, 0x120E, 0x51CE, 0x6B55, 0x6B55, 0x51CE, 0x0001, 0x0001, 0x0001, 0x0001,
    0x0001, 0x0001, 0x0001, 0x0001, 0x51CE, 0x6B55, 0x51CE, 0x6B55, 0x6B55, 0x120E, 0x120E, 0x120E,
    0x8D59, 0x8D59, 0x8D59, 0x8D59, 0xA63C, 0xA63C, 0xA63C, 0x8D59, 0x5BD2, 0x120E, 0x120E, 0xA63C,
    0xA63C, 0xA63C, 0xBEDE, 0xA63C, 0xA63C, 0xA63C, 0xBEDE, 0xBEDE, 0xBEDE, 0xBEDE, 0xA63C, 0x8D59,
    0x120E, 0x120E, 0x120E, 0x8C38, 0x6B55, 0x51CE, 0x6B55, 0x51CE, 0x0001, 0x0001, 0x0001, 0x0001,
    0x0001, 0x0001, 0x0001, 0x0001, 0x51CE, 0x6B55, 0x51CE, 0x6B55, 0x6B55, 0x6B55, 0x6B55, 0x120E,
    0x5BD2, 0x8D59, 0x8D59, 0x8D59, 0x8D59, 0x8D59, 0x8D59, 0x8D59, 0x5BD2, 0x120E, 0x120E, 0x8D59,
    0xA63C, 0xA63C, 0xA63C, 0xA63C, 0xA63C, 0xA63C, 0xA63C, 0xBEDE, 0xBEDE, 0xBEDE, 0xA63C, 0x5BD2,
    0x120E, 0x6B55, 0x8C38, 0x8C38, 0x8C38, 0x51CE, 0x6B55, 0x51CE, 0x0001, 0x0001, 0x0001, 0x0001,
    0x0001, 0x0001, 0x0001, 0x0001, 0x51CE, 0x6B55, 0x51CE, 0x6B55, 0x6B55, 0x6B55, 0x6B55, 0x6B55,
    0x120E, 0x8D59, 0x8D59, 0x8D59, 0x8D59, 0x8D59, 0x8D59, 0x8D59, 0x8D59, 0x5BD2, 0x120E, 0x5BD2,
    0x8D59, 0x8D59, 0x8D59, 0xA63C, 0xA63C, 0xA63C, 0xA63C, 0xBEDE, 0xBEDE, 0xA63C, 0x8D59, 0x120E,
    0x6B55, 0x8C38, 0x8C38, 0x8C38, 0x8C38, 0x51CE, 0x6B55, 0x51CE, 0x0001, 0x0001, 0x0001, 0x0001,
    0x0001, 0x0001, 0x0001, 0x0001, 0x51CE, 0x6B55, 0x51CE, 0x6B55, 0x6B55, 0x6B55, 0x6B55, 0x6B55,
    0x120E, 0x5BD2, 0x8D59, 0x8D59, 0x8D59, 0x8D59, 0x8D59, 0x8D59, 0x8D59, 0x8D59, 0x8D59, 0x5BD2,
    0x5BD2, 0x8D59, 0xA63C, 0xA63C, 0xA63C, 0xA63C, 0xA63C, 0xBEDE, 0xBEDE, 0xA63C, 0x5BD2, 0x120E,
    0x8C38, 0x8C38, 0x8C38, 0x8C38, 0x8C38, 0x6B55, 0x51CE, 0x0001, 0x0001, 0x0001, 0x0001, 0x0001,
    0x0001, 0x0001, 0x0001, 0x0001, 0x0001, 0x51CE, 0x6B55, 0x6B55, 0x6B55, 0x6B55, 0x6B55, 0x6B55,
    0x6B55, 0x120E, 0x8D59, 0x8D59, 0x8D59, 0x8D59, 0x8D59, 0x8D59, 0x8D59, 0x8D59, 0x8D59, 0x8D59,
    0x8D59, 0xA63C, 0xA63C, 0xA63C, 0xA63C, 0xA63C, 0xA63C, 0xBEDE, 0xA63C, 0x8D59, 0x120E, 0x6B55,
    0x8C38, 0x8C38, 0x8C38, 0x8C38, 0x8C38, 0x6B55, 0x51CE, 0x0001, 0x0001, 0x0001, 0x0001, 0x0001,
    0x0001, 0x0001, 0x0001, 0x0001, 0x0001, 0x51CE, 0x6B55, 0x6B55, 0x6B55, 0x6B55, 0x6B55, 0x6B55,
    0x6B55, 0x120E, 0x5BD2, 0x8D59, 0x8D59, 0x8D59, 0x8D59, 0x8D59, 0x8D59, 0x8D59, 0x8D59, 0x8D59,
    0xA63C, 0xA63C, 0xA63C, 0xA63C, 0xA63C, 0xA63C, 0xA63C, 0xA63C, 0xA63C, 0x5BD2, 0x120E, 0x8C38,
    0x8C38, 0x8C38, 0x8C38, 0x8C38, 0x8C38, 0x6B55, 0x51CE, 0x0001, 0x0001, 0x0001, 0x0001, 0x0001,
    0x0001, 0x0001, 0x0001, 0x0001, 0x0001, 0x51CE, 0x6B55, 0x6B55, 0x6B55, 0x6B55, 0x6B55, 0x6B55,
    0x6B55, 0x6B55, 0x120E, 0x5BD2, 0x8D59, 0x8D59, 0x8D59, 0x8D59, 0x8D59, 0x8D59, 0x8D59, 0x92B7,
    0x92B7, 0x92B7, 0xA63C, 0xA63C, 0xA63C, 0xA63C, 0xA63C, 0xA63C, 0x8D59, 0x120E, 0x6B55, 0x8C38,
    0x8C38, 0x8C38, 0x8C38, 0x8C38, 0x8C38, 0x6B55, 0x51CE, 0x0001, 0x0001, 0x0001, 0x0001, 0x0001,
    0x0001, 0x0001, 0x0001, 0x0001, 0x0001, 0x51CE, 0x6B55, 0x6B55, 0x6B55, 0x6B55, 0x6B55, 0x6B55,
    0x6B55, 0x6B55, 0x120E, 0x120E, 0x5BD2, 0x8D59, 0x8D59, 0x8D59, 0x8D59, 0x516D, 0x516D, 0x516D,
    0x69F0, 0x69F0, 0x516D, 0x92B7, 0xA63C, 0xA63C, 0xA63C, 0x8D59, 0x120E, 0x120E, 0x6B55, 0x8C38,
    0x8C38, 0x8C38, 0x8C38, 0x8C38, 0x8C38, 0x6B55, 0x51CE, 0x0001, 0x0001, 0x0001, 0x0001, 0x0001,
    0x0001, 0x0001, 0x0001, 0x0001, 0x0001, 0x51CE, 0x6B55, 0x6B55, 0x6B55, 0x6B55, 0x6B55, 0x6B55,
    0x6B55, 0x6B55, 0x120E, 0x4B2F, 0x120E, 0x5BD2, 0x8D59, 0x8D59, 0x8D59, 0x8D59, 0x92B7, 0x92B7,
    0xB3BB, 0x92B7, 0x92B7, 0xA63C, 0xA63C, 0xA63C, 0x8D59, 0x120E, 0x8D59, 0x120E, 0x6B55, 0x6B55,
    0x6B55, 0x8C38, 0x8C38, 0x8C38, 0x8C38, 0x6B55, 0x51CE, 0x0001, 0x0001, 0x0001, 0x0001, 0x0001,
    0x0001, 0x0001, 0x0001, 0x0001, 0x0001, 0x0001, 0x51CE, 0x6B55, 0x6B55, 0x6B55, 0x6B55, 0x51CE,
    0x51CE, 0x51CE, 0x120E, 0x4B2F, 0x4B2F, 0x120E, 0x5BD2, 0x8D59, 0x8D59, 0x8D59, 0x8D59, 0x69F0,
    0x69F0, 0x69F0, 0xA63C, 0xA63C, 0xA63C, 0x8D59, 0x120E, 0x8D59, 0xA63C, 0x120E, 0x51CE, 0x51CE,
    0x51CE, 0x6B55, 0x6B55, 0x8C38, 0x6B55, 0x51CE, 0x0001, 0x0001, 0x0001, 0x0001, 0x0001, 0x0001,
    0x0001, 0x0001, 0x0001, 0x0001, 0x0001, 0x0001, 0x51CE, 0x6B55, 0x6B55, 0x51CE, 0x51CE, 0x0001,
    0x0001, 0x0001, 0x120E, 0x4B2F, 0x4B2F, 0x4B2F, 0x120E, 0x5BD2, 0x8D59, 0x8D59, 0x8D59, 0x8D59,
    0x8D59, 0xA63C, 0xA63C, 0xA63C, 0x8D59, 0x120E, 0x8D59, 0xA63C, 0xA63C, 0x120E, 0x0001, 0x0001,
    0x0001, 0x51CE, 0x51CE, 0x6B55, 0x6B55, 0x51CE, 0x0001, 0x0001, 0x0001, 0x0001, 0x0001, 0x0001,
    0x0001, 0x0001, 0x0001, 0x0001, 0x0001, 0x0001, 0x0001, 0x51CE, 0x51CE, 0x0001, 0x0001, 0x0001,
    0x0001, 0x0001, 0x120E, 0x5BD2, 0x5BD2, 0x4B2F, 0x4B2F, 0x120E, 0x120E, 0x5BD2, 0x8D59, 0x8D59,
    0xA63C, 0xA63C, 0x8D59, 0x120E, 0x120E, 0x8D59, 0xA63C, 0xBEDE, 0xA63C, 0x120E, 0x0001, 0x0001,
    0x0001, 0x0001, 0x0001, 0x51CE, 0x51CE, 0x0001, 0x0001, 0x0001, 0x0001, 0x0001, 0x0001, 0x0001,
    0x0001, 0x0001, 0x0001, 0x0001, 0x0001, 0x0001, 0x0001, 0x51CE, 0x0001, 0x0001, 0x0001, 0x0001,
    0x0001, 0x120E, 0x4B2F, 0x5BD2, 0x5BD2, 0x5BD2, 0x4B2F, 0x4B2F, 0x4B2F, 0x120E, 0x120E, 0x120E,
    0x120E, 0x120E, 0x120E, 0x8D59, 0xA63C, 0xA63C, 0xBEDE, 0xBEDE, 0xA63C, 0x8D59, 0x120E, 0x0001,
    0x0001, 0x0001, 0x0001, 0x0001, 0x51CE, 0x0001, 0x0001, 0x0001, 0x0001, 0x0001, 0x0001, 0x0001,
    0x0001, 0x0001, 0x0001, 0x0001, 0x0001, 0x0001, 0x0001, 0x0001, 0x0001, 0x0001, 0x0001, 0x0001,
    0x0001, 0x120E, 0x4B2F, 0x5BD2, 0x5BD2, 0x5BD2, 0x5BD2, 0x4B2F, 0x5BD2, 0x5BD2, 0x8D59, 0x8D59,
    0x8D59, 0x8D59, 0xA63C, 0xA63C, 0xA63C, 0xA63C, 0xBEDE, 0xBEDE, 0xA63C, 0x8D59, 0x120E, 0x0001,
    0x0001, 0x0001, 0x0001, 0x0001, 0x0001, 0x0001, 0x0001, 0x0001, 0x0001, 0x0001, 0x0001, 0x0001,
  },
  {
    0x0001, 0x0001, 0x0001, 0x0001, 0x0001, 0x0001, 0x0001, 0x0001, 0x0001, 0x0001, 0x0001, 0x51CE,
    0x6B55, 0x6B55, 0x6B55, 0x6B55, 0x6B55, 0x6B55, 0x6B55, 0x6B55, 0x6B55, 0x6B55, 0x6B55, 0x6B55,
    0x6B55, 0x6B55, 0x6B55, 0x8C38, 0x8C38, 0x8C38, 0x8C38, 0x8C38, 0x8C38, 0x8C38, 0x6B55, 0x6B55,
    0x51CE, 0x0001, 0x0001, 0x0001, 0x0001, 0x0001, 0x0001, 0x0001, 0x0001, 0x0001, 0x0001, 0x0001,
    0x0001, 0x0001, 0x0001, 0x0001, 0x0001, 0x0001, 0x0001, 0x0001, 0x0001, 0x0001, 0x51CE, 0x6B55,
    0x6B55, 0x6B55, 0x6B55, 0x6B55, 0x6B55, 0x6B55, 0x6B55, 0x6B55, 0x6B55, 0x6B55, 0x6B55, 0x6B55,
    0x8C38, 0x8C38, 0x8C38, 0x8C38, 0x8C38, 0x6B55, 0x6B55, 0x6B55, 0x6B55, 0x8C38, 0x8C38, 0x8C38,
    0x6B55, 0x51CE, 0x0001, 0x0001, 0x0001, 0x0001, 0x0001, 0x0001, 0x0001, 0x0001, 0x0001, 0x0001,
    0x0001, 0x0001, 0x0001, 0x0001, 0x0001, 0x0001, 0x0001, 0x0001, 0x0001, 0x51CE, 0x6B55, 0x6B55,
    0x6B55, 0x6B55, 0x6B55, 0x6B55, 0x6B55, 0x6B55, 0x6B55, 0x6B55, 0x6B55, 0x6B55, 0x8C38, 0x8C38,
    0x8C38, 0x8C38, 0x8C38, 0x8C38, 0x8C38, 0x6B55, 0x6B55, 0x6B55, 0x6B55, 0x6B55, 0x8C38, 0x8C38,
    0x8C38, 0x6B55, 0x51CE, 0x0001, 0x0001, 0x0001, 0x0001, 0x0001, 0x0001, 0x0001, 0x0001, 0x0001,
    0x0001, 0x0001, 0x0001, 0x0001, 0x0001, 0x0001, 0x0001, 0x0001, 0x51CE, 0x6B55, 0x6B55, 0x6B55,
    0x6B55, 0x6B55, 0x6B55, 0x6B55, 0x6B55, 0x6B55, 0x6B55, 0x6B55, 0x6B55, 0x8C38, 0x8C38, 0x8C38,
    0x8C38, 0x8C38, 0x8C38, 0x8C38, 0x8C38, 0x8C38, 0x6B55, 0x6B55, 0x6B55, 0x6B55, 0x6B55, 0x8C38,
    0x8C38, 0x8C38, 0x6B55, 0x51CE, 0x0001, 0x0001, 0x0001, 0x0001, 0x0001, 0x0001, 0x0001, 0x0001,
    0x0001, 0x0001, 0x0001, 0x0001, 0x0001, 0x0001, 0x0001, 0x51CE, 0x6B55, 0x6B55, 0x6B55, 0x6B55,
    0x6B55, 0x6B55, 0x6B55, 0x6B55, 0x6B55, 0x6B55, 0x6B55, 0x6B55, 0x8C38, 0x8C38, 0x8C38, 0x8C38,
    0x8C38, 0x8C38, 0x8C38, 0x8C38, 0x8C38, 0x8C38, 0x8C38, 0x6B55, 0x6B55, 0x6B55, 0x6B55, 0x6B55,
    0x8C38, 0x8C38, 0x8C38, 0x6B55, 0x51CE, 0x0001, 0x0001, 0x0001, 0x0001, 0x0001, 0x0001, 0x0001,
    0x0001, 0x0001, 0x0001, 0x0001, 0x0001, 0x0001, 0x0001, 0x51CE, 0x6B55, 0x6B55, 0x6B55, 0x6B55,
    0x6B55, 0x6B55, 0x6B55, 0x6B55, 0x6B55, 0x6B55, 0x6B55, 0x6B55, 0x8C38, 0x8C38, 0x8C38, 0x8C38,
    0x8C38, 0x8C38, 0x8C38, 0x8C38, 0x8C38, 0x8C38, 0x8C38, 0x8C38, 0x8C38, 0x8C38, 0x6B55, 0x6B55,
    0x8C38, 0x8C38, 0x8C38, 0x8C38, 0x51CE, 0x0001, 0x0001, 0x0001, 0x0001, 0x0001, 0x0001, 0x0001,
    0x0001, 0x0001, 0x0001, 0x0001, 0x0001, 0x0001, 0x51CE, 0x6B55, 0x6B55, 0x6B55, 0x6B55, 0x6B55,
    0x6B55, 0x6B55, 0x6B55, 0x6B55, 0x6B55, 0x6B55, 0x6B55, 0x8C38, 0x8C38, 0x8C38, 0x8C38, 0x8C38,
    0x8C38, 0x8C38, 0x8C38, 0x8C38, 0x8C38, 0x8C38, 0x8C38, 0x8C38, 0x8C38, 0x8C38, 0x8C38, 0x6B55,
    0x8C38, 0x8C38, 0x8C38, 0x8C38, 0x6B55, 0x51CE, 0x0001, 0x0001, 0x0001, 0x0001, 0x0001, 0x0001,
    0x0001, 0x0001, 0x0001, 0x0001, 0x0001, 0x0001, 0x51CE, 0x6B55, 0x6B55, 0x6B55, 0x6B55, 0x6B55,
    0x6B55, 0x6B55, 0x6B55, 0x6B55, 0x6B55, 0x6B55, 0x6B55, 0x8C38, 0x8C38, 0x8C38, 0x8C38, 0x8C38,
    0x8C38, 0x8C38, 0x8C38, 0x8C38, 0x8C38, 0x8C38, 0x8C38, 0x8C38, 0x8C38, 0x8C38, 0x8C38, 0x8C38,
    0x8C38, 0x8C38, 0x8C38, 0x8C38, 0x8C38, 0x51CE, 0x0001, 0x0001, 0x0001, 0x0001, 0x0001, 0x0001,
    0x0001, 0x0001, 0x0001, 0x0001, 0x0001, 0x0001, 0x51CE, 0x6B55, 0x6B55, 0x6B55, 0x6B55, 0x6B55,
    0x6B55, 0x6B55, 0x6B55, 0x6B55, 0x6B55, 0x6B55, 0x6B55, 0x6B55, 0x8C38, 0x8C38, 0x8C38, 0x8C38,
    0x8C38, 0x8C38, 0x8C38, 0x8C38, 0x8C38, 0x8C38, 0x8C38, 0x8C38, 0x8C38, 0x8C38, 0x6B55, 0x8C38,
    0x6B55, 0x8C38, 0x8C38, 0x8C38, 0x8C38, 0x51CE, 0x0001, 0x0001, 0x0001, 0x0001, 0x0001, 0x0001,
    0x0001, 0x0001, 0x0001, 0x0001, 0x0001, 0x51CE, 0x6B55, 0x6B55, 0x6B55, 0x6B55, 0x6B55, 0x6B55,
    0x6B55, 0x6B55, 0x6B55, 0x6B55, 0x6B55, 0x6B55, 0x6B55, 0x6B55, 0x6B55, 0x6B55, 0x6B55, 0x8C38,
    0x8C38, 0x8C38, 0x8C38, 0x8C38, 0x8C38, 0x8C38, 0x8C38, 0x8C38, 0x8C38, 0x8C38, 0x8C38, 0x6B55,
    0x6B55, 0x8C38, 0x8C38, 0x8C38, 0x8C38, 0x6B55, 0x51CE, 0x0001, 0x0001, 0x0001, 0x0001, 0x0001,
    0x0001, 0x0001, 0x0001, 0x0001, 0x0001, 0x51CE, 0x6B55, 0x6B55, 0x6B55, 0x6B55, 0x6B55, 0x6B55,
    0x6B55, 0x6B55, 0x6B55, 0x6B55, 0x6B55, 0x6B55, 0x6B55, 0x6B55, 0x6B55, 0x6B55, 0x6B55, 0x6B55,
    0x6B55, 0x6B55, 0x8C38, 0x8C38, 0x8C38, 0x8C38, 0x8C38, 0x8C38, 0x8C38, 0x8C38, 0x8C38, 0x8C38,
    0x6B55, 0x6B55, 0x8C38, 0x8C38, 0x8C38, 0x8C38, 0x51CE, 0x0001, 0x0001, 0x0001, 0x0001, 0x0001,
    0x0001, 0x0001, 0x0001, 0x0001, 0x0001, 0x51CE, 0x6B55, 0x6B55, 0x6B55, 0x6B55, 0x6B55, 0x6B55,
    0x6B55, 0x6B55, 0x6B55, 0x6B55, 0x6B55, 0x6B55, 0x6B55, 0x6B55, 0x51CE, 0x51CE, 0x51CE, 0x51CE,
    0x51CE, 0x51CE, 0x51CE, 0x6B55, 0x8C38, 0x8C38, 0x8C38, 0x8C38, 0x8C38, 0x8C38, 0x8C38, 0x8C38,
    0x8C38, 0x6B55, 0x8C38, 0x8C38, 0x8C38, 0x8C38, 0x51CE, 0x0001, 0x0001, 0x0001, 0x0001, 0x0001,
    0x0001, 0x0001, 0x0001, 0x0001, 0x51CE, 0x6B55, 0x6B55, 0x6B55, 0x6B55, 0x6B55, 0x6B55, 0x6B55,
    0x6B55, 0x6B55, 0x6B55, 0x6B55, 0x6B55, 0x6B55, 0x51CE, 0x51CE, 0x4B2F, 0x4B2F, 0x4B2F, 0x4B2F,
    0x4B2F, 0x4B2F, 0x4B2F, 0x51CE, 0x6B55, 0x8C38, 0x8C38, 0x8C38, 0x8C38, 0x8C38, 0x8C38, 0x8C38,
    0x8C38, 0x6B55, 0x6B55, 0x8C38, 0x8C38, 0x8C38, 0x6B55, 0x51CE, 0x0001, 0x0001, 0x0001, 0x0001,
    0x0001, 0x0001, 0x0001, 0x0001, 0x51CE, 0x6B55, 0x6B55, 0x6B55, 0x6B55, 0x6B55, 0x6B55, 0x6B55,
    0x6B55, 0x6B55, 0x6B55, 0x6B55, 0x6B55, 0x51CE, 0x4B2F, 0x4B2F, 0x4B2F, 0x5BD2, 0x5BD2, 0x5BD2,
    0x5BD2, 0x5BD2, 0x5BD2, 0x4B2F, 0x51CE, 0x6B55, 0x8C38, 0x8C38, 0x8C38, 0x8C38, 0x8C38, 0x8C38,
    0x8C38, 0x8C38, 0x6B55, 0x8C38, 0x8C38, 0x8C38, 0x8C38, 0x51CE, 0x0001, 0x0001, 0x0001, 0x0001,
    0x0001, 0x0001, 0x0001, 0x0001, 0x51CE, 0x6B55, 0x6B55, 0x6B55, 0x6B55, 0x6B55, 0x6B55, 0x6B55,
    0x6B55, 0x6B55, 0x6B55, 0x6B55, 0x51CE, 0x4B2F, 0x5BD2, 0x5BD2, 0x5BD2, 0x8D59, 0x8D59, 0x8D59,
    0x8D59, 0x8D59, 0x8D59, 0x5BD2, 0x5BD2, 0x51CE, 0x51CE, 0x8C38, 0x8C38, 0x8C38, 0x8C38, 0x8C38,
    0x8C38, 0x8C38, 0x6B55, 0x8C38, 0x8C38, 0x8C38, 0x8C38, 0x51CE, 0x0001, 0x0001, 0x0001, 0x0001,
    0x0001, 0x0001, 0x0001, 0x0001, 0x51CE, 0x6B55, 0x6B55, 0x6B55, 0x6B55, 0x6B55, 0x6B55, 0x6B55,
    0x6B55, 0x6B55, 0x6B55, 0x51CE, 0x4B2F, 0x5BD2, 0x8D59, 0x8D59, 0x8D59, 0xA63C, 0xA63C, 0xA63C,
    0xA63C, 0xA63C, 0xA63C, 0x8D59, 0x8D59, 0x5BD2, 0x51CE, 0x6B55, 0x8C38, 0x8C38, 0x8C38, 0x8C38,
    0x8C38, 0x8C38, 0x8C38, 0x8C38, 0x8C38, 0x8C38, 0x8C38, 0x51CE, 0x0001, 0x0001, 0x0001, 0x0001,
    0x0001, 0x0001, 0x0001, 0x0001, 0x51CE, 0x6B55, 0x6B55, 0x6B55, 0x6B55, 0x6B55, 0x6B55, 0x6B55,
    0x6B55, 0x6B55, 0x6B55, 0x51CE, 0x5BD2, 0x8D59, 0x8D59, 0x8D59, 0xA63C, 0xA63C, 0xA63C, 0xA63C,
    0xA63C, 0xBEDE, 0xBEDE, 0xBEDE, 0xA63C, 0x8D59, 0x5BD2, 0x51CE, 0x6B55, 0x8C38, 0x8C38, 0x8C38,
    0x8C38, 0x8C38, 0x8C38, 0x8C38, 0x8C38, 0x8C38, 0x8C38, 0x51CE, 0x0001, 0x0001, 0x0001, 0x0001,
    0x0001, 0x0001, 0x0001, 0x0001, 0x51CE, 0x6B55, 0x6B55, 0x6B55, 0x6B55, 0x6B55, 0x6B55, 0x6B55,
    0x6B55, 0x6B55, 0x51CE, 0x4B2F, 0x5BD2, 0x8D59, 0x8D59, 0xA63C, 0xA63C, 0xA63C, 0xA63C, 0xA63C,
    0xA63C, 0xBEDE, 0xBEDE, 0xBEDE, 0xBEDE, 0xA63C, 0x8D59, 0x5BD2, 0x51CE, 0x6B55, 0x8C38, 0x8C38,
    0x8C38, 0x8C38, 0x8C38, 0x8C38, 0x8C38, 0x8C38, 0x6B55, 0x51CE, 0x0001, 0x0001, 0x0001, 0x0001,
    0x0001, 0x0001, 0x0001, 0x0001, 0x51CE, 0x6B55, 0x6B55, 0x6B55, 0x6B55, 0x6B55, 0x6B55, 0x6B55,
    0x6B55, 0x51CE, 0x4B2F, 0x5BD2, 0x8D59, 0x8D59, 0x8D59, 0xA63C, 0xA63C, 0xA63C, 0xA63C, 0xA63C,
    0xA63C, 0xBEDE, 0xBEDE, 0xBEDE, 0xBEDE, 0xBEDE, 0xA63C, 0x8D59, 0x5BD2, 0x51CE, 0x51CE, 0x6B55,
    0x8C38, 0x8C38, 0x8C38, 0x8C38, 0x6B55, 0x8C38, 0x6B55, 0x51CE, 0x0001, 0x0001, 0x0001, 0x0001,
    0x0001, 0x0001, 0x0001, 0x51CE, 0x6B55, 0x6B55, 0x6B55, 0x6B55, 0x6B55, 0x51CE, 0x6B55, 0x6B55,
    0x51CE, 0x4B2F, 0x5BD2, 0x5BD2, 0x8D59, 0x8D59, 0x8D59, 0xA63C, 0xA63C, 0xA63C, 0xA63C, 0xA63C,
    0xA63C, 0xA63C, 0xBEDE, 0xBEDE, 0xBEDE, 0xA63C, 0xA63C, 0x8D59, 0x8D59, 0x5BD2, 0x4B2F, 0x51CE,
    0x6B55, 0x8C38, 0x8C38, 0x51CE, 0x8C38, 0x8C38, 0x6B55, 0x6B55, 0x51CE, 0x0001, 0x0001, 0x0001,
    0x0001, 0x0001, 0x0001, 0x51CE, 0x6B55, 0x6B55, 0x6B55, 0x6B55, 0x6B55, 0x6B55, 0x51CE, 0x51CE,
    0x4B2F, 0x5BD2, 0x5BD2, 0x5BD2, 0x8D59, 0x8D59, 0x8D59, 0xA63C, 0xA63C, 0xA63C, 0xA63C, 0xA63C,
    0xA63C, 0xA63C, 0xA63C, 0xA63C, 0xA63C, 0xA63C, 0xA63C, 0x8D59, 0x8D59, 0x8D59, 0x5BD2, 0x4B2F,
    0x51CE, 0x51CE, 0x51CE, 0x6B55, 0x8C38, 0x8C38, 0x6B55, 0x6B55, 0x51CE, 0x0001, 0x0001, 0x0001,
    0x0001, 0x0001, 0x0001, 0x51CE, 0x6B55, 0x6B55, 0x6B55, 0x6B55, 0x6B55, 0x6B55, 0x6B55, 0x4B2F,
    0x5BD2, 0x5BD2, 0x4B2F, 0x4B2F, 0x4B2F, 0x8D59, 0x8D59, 0x8D59, 0xA63C, 0xA63C, 0xA63C, 0xA63C,
    0xA63C, 0xA63C, 0xA63C, 0xA63C, 0xA63C, 0xA63C, 0x8D59, 0x4B2F, 0x4B2F, 0x4B2F, 0x5BD2, 0x5BD2,
    0x4B2F, 0x51CE, 0x6B55, 0x8C38, 0x8C38, 0x6B55, 0x6B55, 0x6B55, 0x51CE, 0x0001, 0x0001, 0x0001,
    0x0001, 0x0001, 0x0001, 0x51CE, 0x6B55, 0x6B55, 0x51CE, 0x6B55, 0x6B55, 0x6B55, 0x51CE, 0x5BD2,
    0x4B2F, 0x520F, 0x520F, 0x520F, 0x520F, 0x520F, 0x4B2F, 0x8D59, 0x8D59, 0xA63C, 0xA63C, 0xA63C,
    0xA63C, 0xA63C, 0xA63C, 0xA63C, 0x8D59, 0x4B2F, 0x520F, 0x520F, 0x520F, 0x520F, 0x520F, 0x4B2F,
    0x5BD2, 0x4B2F, 0x51CE, 0x6B55, 0x6B55, 0x51CE, 0x6B55, 0x6B55, 0x51CE, 0x0001, 0x0001, 0x0001,
    0x0001, 0x0001, 0x0001, 0x51CE, 0x6B55, 0x6B55, 0x120E, 0x51CE, 0x6B55, 0x51CE, 0x4B2F, 0x520F,
    0x520F, 0x4B2F, 0x4B2F, 0x5BD2, 0x5BD2, 0x4B2F, 0x520F, 0x520F, 0x8D59, 0xA63C, 0xA63C, 0xA63C,
    0xA63C, 0xA63C, 0xA63C, 0x8D59, 0x520F, 0x520F, 0x4B2F, 0x5BD2, 0x5BD2, 0x4B2F, 0x4B2F, 0x520F,
    0x520F, 0x4B2F, 0x120E, 0x51CE, 0x51CE, 0x120E, 0x6B55, 0x6B55, 0x51CE, 0x0001, 0x0001, 0x0001,
    0x0001, 0x0001, 0x0001, 0x51CE, 0x6B55, 0x6B55, 0x120E, 0x8D59, 0x6B55, 0x51CE, 0x520F, 0x4B2F,
    0x4B2F, 0x39C9, 0x39C9, 0x39C9, 0x39C9, 0x5BD2, 0x4B2F, 0x5BD2, 0x520F, 0x8D59, 0xA63C, 0xA63C,
    0xA63C, 0xA63C, 0x8D59, 0x520F, 0x5BD2, 0x4B2F, 0x5BD2, 0x39C9, 0x39C9, 0x39C9, 0x39C9, 0x4B2F,
    0x4B2F, 0x520F, 0x4B2F, 0x120E, 0x8D59, 0x120E, 0x6B55, 0x6B55, 0x51CE, 0x0001, 0x0001, 0x0001,
    0x0001, 0x0001, 0x0001, 0x51CE, 0x6B55, 0x120E, 0xA63C, 0xA63C, 0x51CE, 0x4B2F, 0x4B2F, 0x39C9,
    0x39C9, 0x39C9, 0x39C9, 0x39C9, 0x39C9, 0x39C9, 0x39C9, 0x4B2F, 0x5BD2, 0x8D59, 0xA63C, 0xA63C,
    0xA63C, 0xA63C, 0xA63C, 0x8D59, 0x4B2F, 0x39C9, 0x39C9, 0x39C9, 0x39C9, 0x39C9, 0x39C9, 0x39C9,
    0x39C9, 0x4B2F, 0x4B2F, 0x120E, 0x8D59, 0xA63C, 0x120E, 0x6B55, 0x51CE, 0x0001, 0x0001, 0x0001,
    0x0001, 0x0001, 0x0001, 0x51CE, 0x6B55, 0x120E, 0xA63C, 0x120E, 0x8D59, 0x120E, 0x4B2F, 0x4B2F,
    0x39C9, 0xD6DC, 0x19CD, 0x2A71, 0x7C35, 0x39C9, 0x5BD2, 0x5BD2, 0x5BD2, 0x5BD2, 0x8D59, 0xA63C,
    0xA63C, 0xA63C, 0xA63C, 0x5BD2, 0x5BD2, 0x5BD2, 0x39C9, 0x7C35, 0x2A71, 0x19CD, 0xD6DC, 0x39C9,
    0x4B2F, 0x4B2F, 0x120E, 0x5BD2, 0x120E, 0xA63C, 0x120E, 0x6B55, 0x51CE, 0x0001, 0x0001, 0x0001,
    0x0001, 0x0001, 0x0001, 0x51CE, 0x6B55, 0x120E, 0xA63C, 0x120E, 0x120E, 0x120E, 0x4B2F, 0x39C9,
    0x39C9, 0xD6DC, 0x19CD, 0x2A71, 0x19CD, 0xD6DC, 0x8D59, 0x8D59, 0x5BD2, 0x5BD2, 0x5BD2, 0xA63C,
    0xA63C, 0xA63C, 0xA63C, 0xA63C, 0x8D59, 0x8D59, 0xD6DC, 0x19CD, 0x2A71, 0x19CD, 0xD6DC, 0x39C9,
    0x39C9, 0x4B2F, 0x120E, 0x120E, 0x120E, 0xA63C, 0x120E, 0x6B55, 0x51CE, 0x0001, 0x0001, 0x0001,
    0x0001, 0x0001, 0x0001, 0x51CE, 0x6B55, 0x120E, 0x8D59, 0x120E, 0x6434, 0x120E, 0x4B2F, 0x4B2F,
    0x39C9, 0xBE1A, 0x19CD, 0x19CD, 0x19CD, 0xD6DC, 0xA63C, 0x8D59, 0x8D59, 0x5BD2, 0x4B2F, 0xA63C,
    0xA63C, 0xA63C, 0xA63C, 0xA63C, 0xA63C, 0x8D59, 0xD6DC, 0x19CD, 0x19CD, 0x19CD, 0xBE1A, 0x39C9,
    0x4B2F, 0x4B2F, 0x120E, 0x6434, 0x120E, 0xA63C, 0x120E, 0x6B55, 0x51CE, 0x0001, 0x0001, 0x0001,
    0x0001, 0x0001, 0x0001, 0x51CE, 0x6B55, 0x6B55, 0x120E, 0x8D59, 0x6434, 0x120E, 0x4B2F, 0x39C9,
    0x8D59, 0x8D59, 0x8D59, 0xA63C, 0xA63C, 0xA63C, 0xA63C, 0xA63C, 0x8D59, 0x5BD2, 0x4B2F, 0xA63C,
    0xA63C, 0xA63C, 0xA63C, 0xA63C, 0xA63C, 0xA63C, 0xA63C, 0xA63C, 0xA63C, 0xA63C, 0x8D59, 0x5BD2,
    0x39C9, 0x4B2F, 0x120E, 0x6434, 0xA63C, 0x120E, 0x6B55, 0x6B55, 0x51CE, 0x0001, 0x0001, 0x0001,
    0x0001, 0x0001, 0x0001, 0x51CE, 0x6B55, 0x6B55, 0x120E, 0x8D59, 0x120E, 0x120E, 0x4B2F, 0x8D59,
    0x8D59, 0xA63C, 0xA63C, 0xA63C, 0xA63C, 0xBEDE, 0xBEDE, 0xBEDE, 0xA63C, 0x8D59, 0x4B2F, 0xA63C,
    0xA63C, 0xBEDE, 0xA63C, 0xA63C, 0xA63C, 0xA63C, 0xBEDE, 0xBEDE, 0xBEDE, 0xBEDE, 0xA63C, 0x8D59,
    0x5BD2, 0x4B2F, 0x120E, 0x120E, 0xA63C, 0x120E, 0x6B55, 0x6B55, 0x51CE, 0x0001, 0x0001, 0x0001,
    0x0001, 0x0001, 0x0001, 0x51CE, 0x6B55, 0x6B55, 0x6B55, 0x120E, 0x120E, 0x8D59, 0x120E, 0x8D59,
    0x8D59, 0xA63C, 0xA63C, 0xA63C, 0xA63C, 0xBEDE, 0xBEDE, 0xBEDE, 0xA63C, 0x8D59, 0x5BD2, 0xA63C,
    0xA63C, 0xBEDE, 0xBEDE, 0xA63C, 0xA63C, 0xA63C, 0xBEDE, 0xBEDE, 0xBEDE, 0xBEDE, 0xBEDE, 0xA63C,
    0x5BD2, 0x120E, 0x5BD2, 0x120E, 0x120E, 0x6B55, 0x6B55, 0x6B55, 0x51CE, 0x0001, 0x0001, 0x0001,
    0x0001, 0x0001, 0x0001, 0x51CE, 0x6B55, 0x6B55, 0x6B55, 0x120E, 0xA63C, 0xA63C, 0x120E, 0x5BD2,
    0x8D59, 0x8D59, 0xA63C, 0xA63C, 0xA63C, 0xA63C, 0xBEDE, 0xBEDE, 0x8D59, 0x8D59, 0x5BD2, 0xA63C,
    0xA63C, 0xBEDE, 0xBEDE, 0xBEDE, 0xA63C, 0xA63C, 0xBEDE, 0xBEDE, 0xBEDE, 0xBEDE, 0xBEDE, 0xA63C,
    0x5BD2, 0x120E, 0x8D59, 0xA63C, 0x120E, 0x6B55, 0x6B55, 0x6B55, 0x51CE, 0x0001, 0x0001, 0x0001,
    0x0001, 0x0001, 0x0001, 0x0001, 0x51CE, 0x6B55, 0x6B55, 0x51CE, 0x120E, 0xA63C, 0x120E, 0x5BD2,
    0x8D59, 0x8D59, 0x8D59, 0xA63C, 0xA63C, 0xA63C, 0xA63C, 0xA63C, 0x8D59, 0x5BD2, 0x120E, 0xA63C,
    0xA63C, 0xA63C, 0xBEDE, 0xBEDE, 0xA63C, 0xA63C, 0xBEDE, 0xBEDE, 0xBEDE, 0xBEDE, 0xBEDE, 0x8D59,
    0x5BD2, 0x120E, 0xA63C, 0x120E, 0x51CE, 0x6B55, 0x6B55, 0x51CE, 0x0001, 0x0001, 0x0001, 0x0001,
    0x0001, 0x0001, 0x0001, 0x0001, 0x51CE, 0x6B55, 0x51CE, 0x6B55, 0x6B55, 0x120E, 0x120E, 0x120E,
    0x8D59, 0x8D59, 0x8D59, 0x8D59, 0xA63C, 0xA63C, 0xA63C, 0x8D59, 0x5BD2, 0x120E, 0x120E, 0xA63C,
    0xA63C, 0xA63C, 0xBEDE, 0xA63C, 0xA63C, 0xA63C, 0xBEDE, 0xBEDE, 0xBEDE, 0xBEDE, 0xA63C, 0x8D59,
    0x120E, 0x120E, 0x120E, 0x8C38, 0x6B55, 0x51CE, 0x6B55, 0x51CE, 0x0001, 0x0001, 0x0001, 0x0001,
    0x0001, 0x0001, 0x0001, 0x0001, 0x51CE, 0x6B55, 0x51CE, 0x6B55, 0x6B55, 0x6B55, 0x6B55, 0x120E,
    0x5BD2, 0x8D59, 0x8D59, 0x8D59, 0x8D59, 0x8D59, 0x8D59, 0x8D59, 0x5BD2, 0x120E, 0x120E, 0x8D59,
    0xA63C, 0xA63C, 0xA63C, 0xA63C, 0xA63C, 0xA63C, 0xA63C, 0xBEDE, 0xBEDE, 0xBEDE, 0xA63C, 0x5BD2,
    0x120E, 0x6B55, 0x8C38, 0x8C38, 0x8C38, 0x51CE, 0x6B55, 0x51CE, 0x0001, 0x0001, 0x0001, 0x0001,
    0x0001, 0x0001, 0x0001, 0x0001, 0x51CE, 0x6B55, 0x51CE, 0x6B55, 0x6B55, 0x6B55, 0x6B55, 0x6B55,
    0x120E, 0x8D59, 0x8D59, 0x8D59, 0x8D59, 0x8D59, 0x8D59, 0x8D59, 0x8D59, 0x5BD2, 0x120E, 0x5BD2,
    0x8D59, 0x8D59, 0x8D59, 0xA63C, 0xA63C, 0xA63C, 0xA63C, 0xBEDE, 0xBEDE, 0xA63C, 0x8D59, 0x120E,
    0x6B55, 0x8C38, 0x8C38, 0x8C38, 0x8C38, 0x51CE, 0x6B55, 0x51CE, 0x0001, 0x0001, 0x0001, 0x0001,
    0x0001, 0x0001, 0x0001, 0x0001, 0x51CE, 0x6B55, 0x51CE, 0x6B55, 0x6B55, 0x6B55, 0x6B55, 0x6B55,
    0x120E, 0x5BD2, 0x8D59, 0x8D59, 0x8D59, 0x8D59, 0x8D59, 0x8D59, 0x8D59, 0x8D59, 0x8D59, 0x5BD2,
    0x5BD2, 0x8D59, 0xA63C, 0xA63C, 0xA63C, 0xA63C, 0xA63C, 0xBEDE, 0xBEDE, 0xA63C, 0x5BD2, 0x120E,
    0x8C38, 0x8C38, 0x8C38, 0x8C38, 0x8C38, 0x6B55, 0x51CE, 0x0001, 0x0001, 0x0001, 0x0001, 0x0001,
    0x0001, 0x0001, 0x0001, 0x0001, 0x0001, 0x51CE, 0x6B55, 0x6B55, 0x6B55, 0x6B55, 0x6B55, 0x6B55,
    0x6B55, 0x120E, 0x8D59, 0x8D59, 0x8D59, 0x8D59, 0x8D59, 0x8D59, 0x8D59, 0x8D59, 0x8D59, 0x8D59,
    0x8D59, 0xA63C, 0xA63C, 0xA63C, 0xA63C, 0xA63C, 0xA63C, 0xBEDE, 0xA63C, 0x8D59, 0x120E, 0x6B55,
    0x8C38, 0x8C38, 0x8C38, 0x8C38, 0x8C38, 0x6B55, 0x51CE, 0x0001, 0x0001, 0x0001, 0x0001, 0x0001,
    0x0001, 0x0001, 0x0001, 0x0001, 0x0001, 0x51CE, 0x6B55, 0x6B55, 0x6B55, 0x6B55, 0x6B55, 0x6B55,
    0x6B55, 0x120E, 0x5BD2, 0x8D59, 0x8D59, 0x8D59, 0x8D59, 0x8D59, 0x8D59, 0x8D59, 0x8D59, 0x8D59,
    0xA63C, 0xA63C, 0xA63C, 0xA63C, 0xA63C, 0xA63C, 0xA63C, 0xA63C, 0xA63C, 0x5BD2, 0x120E, 0x8C38,
    0x8C38, 0x8C38, 0x8C38, 0x8C38, 0x8C38, 0x6B55, 0x51CE, 0x0001, 0x0001, 0x0001, 0x0001, 0x0001,
    0x0001, 0x0001, 0x0001, 0x0001, 0x0001, 0x51CE, 0x6B55, 0x6B55, 0x6B55, 0x6B55, 0x6B55, 0x6B55,
    0x6B55, 0x6B55, 0x120E, 0x5BD2, 0x8D59, 0x8D59, 0x8D59, 0x8D59, 0x8D59, 0x8D59, 0x8D59, 0x92B7,
    0x92B7, 0x92B7, 0xA63C, 0xA63C, 0xA63C, 0xA63C, 0xA63C, 0xA63C, 0x8D59, 0x120E, 0x6B55, 0x8C38,
    0x8C38, 0x8C38, 0x8C38, 0x8C38, 0x8C38, 0x6B55, 0x51CE, 0x0001, 0x0001, 0x0001, 0x0001, 0x0001,
    0x0001, 0x0001, 0x0001, 0x0001, 0x0001, 0x51CE, 0x6B55, 0x6B55, 0x6B55, 0x6B55, 0x6B55, 0x6B55,
    0x6B55, 0x6B55, 0x120E, 0x120E, 0x5BD2, 0x8D59, 0x8D59, 0x8D59, 0x8D59, 0x59AE, 0x59AE, 0x494B,
    0x494B, 0x494B, 0x59AE, 0x8275, 0xA63C, 0xA63C, 0xA63C, 0x8D59, 0x120E, 0x120E, 0x6B55, 0x8C38,
    0x8C38, 0x8C38, 0x8C38, 0x8C38, 0x8C38, 0x6B55, 0x51CE, 0x0001, 0x0001, 0x0001, 0x0001, 0x0001,
    0x0001, 0x0001, 0x0001, 0x0001, 0x0001, 0x51CE, 0x6B55, 0x6B55, 0x6B55, 0x6B55, 0x6B55, 0x6B55,
    0x6B55, 0x6B55, 0x120E, 0x4B2F, 0x120E, 0x5BD2, 0x8D59, 0x8D59, 0x8D59, 0x8D59, 0x8275, 0x516C,
    0x516C, 0x516C, 0x8275, 0xA63C, 0xA63C, 0xA63C, 0x8D59, 0x120E, 0x8D59, 0x120E, 0x6B55, 0x6B55,
    0x6B55, 0x8C38, 0x8C38, 0x8C38, 0x8C38, 0x6B55, 0x51CE, 0x0001, 0x0001, 0x0001, 0x0001, 0x0001,
    0x0001, 0x0001, 0x0001, 0x0001, 0x0001, 0x0001, 0x51CE, 0x6B55, 0x6B55, 0x6B55, 0x6B55, 0x51CE,
    0x51CE, 0x51CE, 0x120E, 0x4B2F, 0x4B2F, 0x120E, 0x5BD2, 0x8D59, 0x8D59, 0x8D59, 0x8D59, 0x8275,
    0xB3BB, 0x8275, 0xA63C, 0xA63C, 0xA63C, 0x8D59, 0x120E, 0x8D59, 0xA63C, 0x120E, 0x51CE, 0x51CE,
    0x51CE, 0x6B55, 0x6B55, 0x8C38, 0x6B55, 0x51CE, 0x0001, 0x0001, 0x0001, 0x0001, 0x0001, 0x0001,
    0x0001, 0x0001, 0x0001, 0x0001, 0x0001, 0x0001, 0x51CE, 0x6B55, 0x6B55, 0x51CE, 0x51CE, 0x0001,
    0x0001, 0x0001, 0x120E, 0x4B2F, 0x4B2F, 0x4B2F, 0x120E, 0x5BD2, 0x8D59, 0x8D59, 0x8D59, 0x8D59,
    0x8D59, 0xA63C, 0xA63C, 0xA63C, 0x8D59, 0x120E, 0x8D59, 0xA63C, 0xA63C, 0x120E, 0x0001, 0x0001,
    0x0001, 0x51CE, 0x51CE, 0x6B55, 0x6B55, 0x51CE, 0x0001, 0x0001, 0x0001, 0x0001, 0x0001, 0x0001,
    0x0001, 0x0001, 0x0001, 0x0001, 0x0001, 0x0001, 0x0001, 0x51CE, 0x51CE, 0x0001, 0x0001, 0x0001,
    0x0001, 0x0001, 0x120E, 0x5BD2, 0x5BD2, 0x4B2F, 0x4B2F, 0x120E, 0x120E, 0x5BD2, 0x8D59, 0x8D59,
    0xA63C, 0xA63C, 0x8D59, 0x120E, 0x120E, 0x8D59, 0xA63C, 0xBEDE, 0xA63C, 0x120E, 0x0001, 0x0001,
    0x0001, 0x0001, 0x0001, 0x51CE, 0x51CE, 0x0001, 0x0001, 0x0001, 0x0001, 0x0001, 0x0001, 0x0001,
    0x0001, 0x0001, 0x0001, 0x0001, 0x0001, 0x0001, 0x0001, 0x51CE, 0x0001, 0x0001, 0x0001, 0x0001,
    0x0001, 0x120E, 0x4B2F, 0x5BD2, 0x5BD2, 0x5BD2, 0x4B2F, 0x4B2F, 0x4B2F, 0x120E, 0x120E, 0x120E,
    0x120E, 0x120E, 0x120E, 0x8D59, 0xA63C, 0xA63C, 0xBEDE, 0xBEDE, 0xA63C, 0x8D59, 0x120E, 0x0001,
    0x0001, 0x0001, 0x0001, 0x0001, 0x51CE, 0x0001, 0x0001, 0x0001, 0x0001, 0x0001, 0x0001, 0x0001,
    0x0001, 0x0001, 0x0001, 0x0001, 0x0001, 0x0001, 0x0001, 0x0001, 0x0001, 0x0001, 0x0001, 0x0001,
    0x0001, 0x120E, 0x4B2F, 0x5BD2, 0x5BD2, 0x5BD2, 0x5BD2, 0x4B2F, 0x5BD2, 0x5BD2, 0x8D59, 0x8D59,
    0x8D59, 0x8D59, 0xA63C, 0xA63C, 0xA63C, 0xA63C, 0xBEDE, 0xBEDE, 0xA63C, 0x8D59, 0x120E, 0x0001,
    0x0001, 0x0001, 0x0001, 0x0001, 0x0001, 0x0001, 0x0001, 0x0001, 0x0001, 0x0001, 0x0001, 0x0001,
  },
  {
    0x0001, 0x0001, 0x0001, 0x0001, 0x0001, 0x0001, 0x0001, 0x0001, 0x0001, 0x0001, 0x0001, 0x51CE,
    0x6B55, 0x6B55, 0x6B55, 0x6B55, 0x6B55, 0x6B55, 0x6B55, 0x6B55, 0x6B55, 0x6B55, 0x6B55, 0x6B55,
    0x6B55, 0x6B55, 0x6B55, 0x8C38, 0x8C38, 0x8C38, 0x8C38, 0x8C38, 0x8C38, 0x8C38, 0x6B55, 0x6B55,
    0x51CE, 0x0001, 0x0001, 0x0001, 0x0001, 0x0001, 0x0001, 0x0001, 0x0001, 0x0001, 0x0001, 0x0001,
    0x0001, 0x0001, 0x0001, 0x0001, 0x0001, 0x0001, 0x0001, 0x0001, 0x0001, 0x0001, 0x51CE, 0x6B55,
    0x6B55, 0x6B55, 0x6B55, 0x6B55, 0x6B55, 0x6B55, 0x6B55, 0x6B55, 0x6B55, 0x6B55, 0x6B55, 0x6B55,
    0x8C38, 0x8C38, 0x8C38, 0x8C38, 0x8C38, 0x6B55, 0x6B55, 0x6B55, 0x6B55, 0x8C38, 0x8C38, 0x8C38,
    0x6B55, 0x51CE, 0x0001, 0x0001, 0x0001, 0x0001, 0x0001, 0x0001, 0x0001, 0x0001, 0x0001, 0x0001,
    0x0001, 0x0001, 0x0001, 0x0001, 0x0001, 0x0001, 0x0001, 0x0001, 0x0001, 0x51CE, 0x6B55, 0x6B55,
    0x6B55, 0x6B55, 0x6B55, 0x6B55, 0x6B55, 0x6B55, 0x6B55, 0x6B55, 0x6B55, 0x6B55, 0x8C38, 0x8C38,
    0x8C38, 0x8C38, 0x8C38, 0x8C38, 0x8C38, 0x6B55, 0x6B55, 0x6B55, 0x6B55, 0x6B55, 0x8C38, 0x8C38,
    0x8C38, 0x6B55, 0x51CE, 0x0001, 0x0001, 0x0001, 0x0001, 0x0001, 0x0001, 0x0001, 0x0001, 0x0001,
    0x0001, 0x0001, 0x0001, 0x0001, 0x0001, 0x0001, 0x0001, 0x0001, 0x51CE, 0x6B55, 0x6B55, 0x6B55,
    0x6B55, 0x6B55, 0x6B55, 0x6B55, 0x6B55, 0x6B55, 0x6B55, 0x6B55, 0x6B55, 0x8C38, 0x8C38, 0x8C38,
    0x8C38, 0x8C38, 0x8C38, 0x8C38, 0x8C38, 0x8C38, 0x6B55, 0x6B55, 0x6B55, 0x6B55, 0x6B55, 0x8C38,
    0x8C38, 0x8C38, 0x6B55, 0x51CE, 0x0001, 0x0001, 0x0001, 0x0001, 0x0001, 0x0001, 0x0001, 0x0001,
    0x0001, 0x0001, 0x0001, 0x0001, 0x0001, 0x0001, 0x0001, 0x51CE, 0x6B55, 0x6B55, 0x6B55, 0x6B55,
    0x6B55, 0x6B55, 0x6B55, 0x6B55, 0x6B55, 0x6B55, 0x6B55, 0x6B55, 0x8C38, 0x8C38, 0x8C38, 0x8C38,
    0x8C38, 0x8C38, 0x8C38, 0x8C38, 0x8C38, 0x8C38, 0x8C38, 0x6B55, 0x6B55, 0x6B55, 0x6B55, 0x6B55,
    0x8C38, 0x8C38, 0x8C38, 0x6B55, 0x51CE, 0x0001, 0x0001, 0x0001, 0x0001, 0x0001, 0x0001, 0x0001,
    0x0001, 0x0001, 0x0001, 0x0001, 0x0001, 0x0001, 0x0001, 0x51CE, 0x6B55, 0x6B55, 0x6B55, 0x6B55,
    0x6B55, 0x6B55, 0x6B55, 0x6B55, 0x6B55, 0x6B55, 0x6B55, 0x6B55, 0x8C38, 0x8C38, 0x8C38, 0x8C38,
    0x8C38, 0x8C38, 0x8C38, 0x8C38, 0x8C38, 0x8C38, 0x8C38, 0x8C38, 0x8C38, 0x8C38, 0x6B55, 0x6B55,
    0x8C38, 0x8C38, 0x8C38, 0x8C38, 0x51CE, 0x0001, 0x0001, 0x0001, 0x0001, 0x0001, 0x0001, 0x0001,
    0x0001, 0x0001, 0x0001, 0x0001, 0x0001, 0x0001, 0x51CE, 0x6B55, 0x6B55, 0x6B55, 0x6B55, 0x6B55,
    0x6B55, 0x6B55, 0x6B55, 0x6B55, 0x6B55, 0x6B55, 0x6B55, 0x8C38, 0x8C38, 0x8C38, 0x8C38, 0x8C38,
    0x8C38, 0x8C38, 0x8C38, 0x8C38, 0x8C38, 0x8C38, 0x8C38, 0x8C38, 0x8C38, 0x8C38, 0x8C38, 0x6B55,
    0x8C38, 0x8C38, 0x8C38, 0x8C38, 0x6B55, 0x51CE, 0x0001, 0x0001, 0x0001, 0x0001, 0x0001, 0x0001,
    0x0001, 0x0001, 0x0001, 0x0001, 0x0001, 0x0001, 0x51CE, 0x6B55, 0x6B55, 0x6B55, 0x6B55, 0x6B55,
    0x6B55, 0x6B55, 0x6B55, 0x6B55, 0x6B55, 0x6B55, 0x6B55, 0x8C38, 0x8C38, 0x8C38, 0x8C38, 0x8C38,
    0x8C38, 0x8C38, 0x8C38, 0x8C38, 0x8C38, 0x8C38, 0x8C38, 0x8C38, 0x8C38, 0x8C38, 0x8C38, 0x8C38,
    0x8C38, 0x8C38, 0x8C38, 0x8C38, 0x8C38, 0x51CE, 0x0001, 0x0001, 0x0001, 0x0001, 0x0001, 0x0001,
    0x0001, 0x0001, 0x0001, 0x0001, 0x0001, 0x0001, 0x51CE, 0x6B55, 0x6B55, 0x6B55, 0x6B55, 0x6B55,
    0x6B55, 0x6B55, 0x6B55, 0x6B55, 0x6B55, 0x6B55, 0x6B55, 0x6B55, 0x8C38, 0x8C38, 0x8C38, 0x8C38,
    0x8C38, 0x8C38, 0x8C38, 0x8C38, 0x8C38, 0x8C38, 0x8C38, 0x8C38, 0x8C38, 0x8C38, 0x6B55, 0x8C38,
    0x6B55, 0x8C38, 0x8C38, 0x8C38, 0x8C38, 0x51CE, 0x0001, 0x0001, 0x0001, 0x0001, 0x0001, 0x0001,
    0x0001, 0x0001, 0x0001, 0x0001, 0x0001, 0x51CE, 0x6B55, 0x6B55, 0x6B55, 0x6B55, 0x6B55, 0x6B55,
    0x6B55, 0x6B55, 0x6B55, 0x6B55, 0x6B55, 0x6B55, 0x6B55, 0x6B55, 0x6B55, 0x6B55, 0x6B55, 0x8C38,
    0x8C38, 0x8C38, 0x8C38, 0x8C38, 0x8C38, 0x8C38, 0x8C38, 0x8C38, 0x8C38, 0x8C38, 0x8C38, 0x6B55,
    0x6B55, 0x8C38, 0x8C38, 0x8C38, 0x8C38, 0x6B55, 0x51CE, 0x0001, 0x0001, 0x0001, 0x0001, 0x0001,
    0x0001, 0x0001, 0x0001, 0x0001, 0x0001, 0x51CE, 0x6B55, 0x6B55, 0x6B55, 0x6B55, 0x6B55, 0x6B55,
    0x6B55, 0x6B55, 0x6B55, 0x6B55, 0x6B55, 0x6B55, 0x6B55, 0x6B55, 0x6B55, 0x6B55, 0x6B55, 0x6B55,
    0x6B55, 0x6B55, 0x8C38, 0x8C38, 0x8C38, 0x8C38, 0x8C38, 0x8C38, 0x8C38, 0x8C38, 0x8C38, 0x8C38,
    0x6B55, 0x6B55, 0x8C38, 0x8C38, 0x8C38, 0x8C38, 0x51CE, 0x0001, 0x0001, 0x0001, 0x0001, 0x0001,
    0x0001, 0x0001, 0x0001, 0x0001, 0x0001, 0x51CE, 0x6B55, 0x6B55, 0x6B55, 0x6B55, 0x6B55, 0x6B55,
    0x6B55, 0x6B55, 0x6B55, 0x6B55, 0x6B55, 0x6B55, 0x6B55, 0x6B55, 0x51CE, 0x51CE, 0x51CE, 0x51CE,
    0x51CE, 0x51CE, 0x51CE, 0x6B55, 0x8C38, 0x8C38, 0x8C38, 0x8C38, 0x8C38, 0x8C38, 0x8C38, 0x8C38,
    0x8C38, 0x6B55, 0x8C38, 0x8C38, 0x8C38, 0x8C38, 0x51CE, 0x0001, 0x0001, 0x0001, 0x0001, 0x0001,
    0x0001, 0x0001, 0x0001, 0x0001, 0x51CE, 0x6B55, 0x6B55, 0x6B55, 0x6B55, 0x6B55, 0x6B55, 0x6B55,
    0x6B55, 0x6B55, 0x6B55, 0x6B55, 0x6B55, 0x6B55, 0x51CE, 0x51CE, 0x4B2F, 0x4B2F, 0x4B2F, 0x4B2F,
    0x4B2F, 0x4B2F, 0x4B2F, 0x51CE, 0x6B55, 0x8C38, 0x8C38, 0x8C38, 0x8C38, 0x8C38, 0x8C38, 0x8C38,
    0x8C38, 0x6B55, 0x6B55, 0x8C38, 0x8C38, 0x8C38, 0x6B55, 0x51CE, 0x0001, 0x0001, 0x0001, 0x0001,
    0x0001, 0x0001, 0x0001, 0x0001, 0x51CE, 0x6B55, 0x6B55, 0x6B55, 0x6B55, 0x6B55, 0x6B55, 0x6B55,
    0x6B55, 0x6B55, 0x6B55, 0x6B55, 0x6B55, 0x51CE, 0x4B2F, 0x4B2F, 0x4B2F, 0x5BD2, 0x5BD2, 0x5BD2,
    0x5BD2, 0x5BD2, 0x5BD2, 0x4B2F, 0x51CE, 0x6B55, 0x8C38, 0x8C38, 0x8C38, 0x8C38, 0x8C38, 0x8C38,
    0x8C38, 0x8C38, 0x6B55, 0x8C38, 0x8C38, 0x8C38, 0x8C38, 0x51CE, 0x0001, 0x0001, 0x0001, 0x0001,
    0x0001, 0x0001, 0x0001, 0x0001, 0x51CE, 0x6B55, 0x6B55, 0x6B55, 0x6B55, 0x6B55, 0x6B55, 0x6B55,
    0x6B55, 0x6B55, 0x6B55, 0x6B55, 0x51CE, 0x4B2F, 0x5BD2, 0x5BD2, 0x5BD2, 0x8D59, 0x8D59, 0x8D59,
    0x8D59, 0x8D59, 0x8D59, 0x5BD2, 0x5BD2, 0x51CE, 0x51CE, 0x8C38, 0x8C38, 0x8C38, 0x8C38, 0x8C38,
    0x8C38, 0x8C38, 0x6B55, 0x8C38, 0x8C38, 0x8C38, 0x8C38, 0x51CE, 0x0001, 0x0001, 0x0001, 0x0001,
    0x0001, 0x0001, 0x0001, 0x0001, 0x51CE, 0x6B55, 0x6B55, 0x6B55, 0x6B55, 0x6B55, 0x6B55, 0x6B55,
    0x6B55, 0x6B55, 0x6B55, 0x51CE, 0x4B2F, 0x5BD2, 0x8D59, 0x8D59, 0x8D59, 0xA63C, 0xA63C, 0xA63C,
    0xA63C, 0xA63C, 0xA63C, 0x8D59, 0x8D59, 0x5BD2, 0x51CE, 0x6B55, 0x8C38, 0x8C38, 0x8C38, 0x8C38,
    0x8C38, 0x8C38, 0x8C38, 0x8C38, 0x8C38, 0x8C38, 0x8C38, 0x51CE, 0x0001, 0x0001, 0x0001, 0x0001,
    0x0001, 0x0001, 0x0001, 0x0001, 0x51CE, 0x6B55, 0x6B55, 0x6B55, 0x6B55, 0x6B55, 0x6B55, 0x6B55,
    0x6B55, 0x6B55, 0x6B55, 0x51CE, 0x5BD2, 0x8D59, 0x8D59, 0x8D59, 0xA63C, 0xA63C, 0xA63C, 0xA63C,
    0xA63C, 0xBEDE, 0xBEDE, 0xBEDE, 0xA63C, 0x8D59, 0x5BD2, 0x51CE, 0x6B55, 0x8C38, 0x8C38, 0x8C38,
    0x8C38, 0x8C38, 0x8C38, 0x8C38, 0x8C38, 0x8C38, 0x8C38, 0x51CE, 0x0001, 0x0001, 0x0001, 0x0001,
    0x0001, 0x0001, 0x0001, 0x0001, 0x51CE, 0x6B55, 0x6B55, 0x6B55, 0x6B55, 0x6B55, 0x6B55, 0x6B55,
    0x6B55, 0x6B55, 0x51CE, 0x4B2F, 0x5BD2, 0x8D59, 0x8D59, 0xA63C, 0xA63C, 0xA63C, 0xA63C, 0xA63C,
    0xA63C, 0xBEDE, 0xBEDE, 0xBEDE, 0xBEDE, 0xA63C, 0x8D59, 0x5BD2, 0x51CE, 0x6B55, 0x8C38, 0x8C38,
    0x8C38, 0x8C38, 0x8C38, 0x8C38, 0x8C38, 0x8C38, 0x6B55, 0x51CE, 0x0001, 0x0001, 0x0001, 0x0001,
    0x0001, 0x0001, 0x0001, 0x0001, 0x51CE, 0x6B55, 0x6B55, 0x6B55, 0x6B55, 0x6B55, 0x6B55, 0x6B55,
    0x6B55, 0x51CE, 0x4B2F, 0x5BD2, 0x8D59, 0x8D59, 0x8D59, 0xA63C, 0xA63C, 0xA63C, 0xA63C, 0xA63C,
    0xA63C, 0xBEDE, 0xBEDE, 0xBEDE, 0xBEDE, 0xBEDE, 0xA63C, 0x8D59, 0x5BD2, 0x51CE, 0x51CE, 0x6B55,
    0x8C38, 0x8C38, 0x8C38, 0x8C38, 0x6B55, 0x8C38, 0x6B55, 0x51CE, 0x0001, 0x0001, 0x0001, 0x0001,
    0x0001, 0x0001, 0x0001, 0x51CE, 0x6B55, 0x6B55, 0x6B55, 0x6B55, 0x6B55, 0x51CE, 0x6B55, 0x6B55,
    0x51CE, 0x4B2F, 0x5BD2, 0x5BD2, 0x8D59, 0x8D59, 0x8D59, 0xA63C, 0xA63C, 0xA63C, 0xA63C, 0xA63C,
    0xA63C, 0xA63C, 0xBEDE, 0xBEDE, 0xBEDE, 0xA63C, 0xA63C, 0x8D59, 0x8D59, 0x5BD2, 0x4B2F, 0x51CE,
    0x6B55, 0x8C38, 0x8C38, 0x51CE, 0x8C38, 0x8C38, 0x6B55, 0x6B55, 0x51CE, 0x0001, 0x0001, 0x0001,
    0x0001, 0x0001, 0x0001, 0x51CE, 0x6B55, 0x6B55, 0x6B55, 0x6B55, 0x6B55, 0x6B55, 0x51CE, 0x51CE,
    0x4B2F, 0x5BD2, 0x5BD2, 0x5BD2, 0x8D59, 0x8D59, 0x8D59, 0xA63C, 0xA63C, 0xA63C, 0xA63C, 0xA63C,
    0xA63C, 0xA63C, 0xA63C, 0xA63C, 0xA63C, 0xA63C, 0xA63C, 0x8D59, 0x8D59, 0x8D59, 0x5BD2, 0x4B2F,
    0x51CE, 0x51CE, 0x51CE, 0x6B55, 0x8C38, 0x8C38, 0x6B55, 0x6B55, 0x51CE, 0x0001, 0x0001, 0x0001,
    0x0001, 0x0001, 0x0001, 0x51CE, 0x6B55, 0x6B55, 0x6B55, 0x6B55, 0x6B55, 0x6B55, 0x6B55, 0x4B2F,
    0x5BD2, 0x5BD2, 0x4B2F, 0x4B2F, 0x4B2F, 0x8D59, 0x8D59, 0x8D59, 0xA63C, 0xA63C, 0xA63C, 0xA63C,
    0xA63C, 0xA63C, 0xA63C, 0xA63C, 0xA63C, 0xA63C, 0x8D59, 0x4B2F, 0x4B2F, 0x4B2F, 0x5BD2, 0x5BD2,
    0x4B2F, 0x51CE, 0x6B55, 0x8C38, 0x8C38, 0x6B55, 0x6B55, 0x6B55, 0x51CE, 0x0001, 0x0001, 0x0001,
    0x0001, 0x0001, 0x0001, 0x51CE, 0x6B55, 0x6B55, 0x51CE, 0x6B55, 0x6B55, 0x6B55, 0x51CE, 0x5BD2,
    0x4B2F, 0x520F, 0x520F, 0x520F, 0x520F, 0x520F, 0x4B2F, 0x8D59, 0x8D59, 0xA63C, 0xA63C, 0xA63C,
    0xA63C, 0xA63C, 0xA63C, 0xA63C, 0x8D59, 0x4B2F, 0x520F, 0x520F, 0x520F, 0x520F, 0x520F, 0x4B2F,
    0x5BD2, 0x4B2F, 0x51CE, 0x6B55, 0x6B55, 0x51CE, 0x6B55, 0x6B55, 0x51CE, 0x0001, 0x0001, 0x0001,
    0x0001, 0x0001, 0x0001, 0x51CE, 0x6B55, 0x6B55, 0x120E, 0x51CE, 0x6B55, 0x51CE, 0x4B2F, 0x520F,
    0x520F, 0x4B2F, 0x4B2F, 0x5BD2, 0x5BD2, 0x4B2F, 0x520F, 0x520F, 0x8D59, 0xA63C, 0xA63C, 0xA63C,
    0xA63C, 0xA63C, 0xA63C, 0x8D59, 0x520F, 0x520F, 0x4B2F, 0x5BD2, 0x5BD2, 0x4B2F, 0x4B2F, 0x520F,
    0x520F, 0x4B2F, 0x120E, 0x51CE, 0x51CE, 0x120E, 0x6B55, 0x6B55, 0x51CE, 0x0001, 0x0001, 0x0001,
    0x0001, 0x0001, 0x0001, 0x51CE, 0x6B55, 0x6B55, 0x120E, 0x8D59, 0x6B55, 0x51CE, 0x520F, 0x4B2F,
    0x4B2F, 0x5BD2, 0x5BD2, 0x5BD2, 0x5BD2, 0x5BD2, 0x4B2F, 0x5BD2, 0x520F, 0x8D59, 0xA63C, 0xA63C,
    0xA63C, 0xA63C, 0x8D59, 0x520F, 0x5BD2, 0x4B2F, 0x5BD2, 0x5BD2, 0x5BD2, 0x5BD2, 0x5BD2, 0x4B2F,
    0x4B2F, 0x520F, 0x4B2F, 0x120E, 0x8D59, 0x120E, 0x6B55, 0x6B55, 0x51CE, 0x0001, 0x0001, 0x0001,
    0x0001, 0x0001, 0x0001, 0x51CE, 0x6B55, 0x120E, 0xA63C, 0xA63C, 0x51CE, 0x4B2F, 0x4B2F, 0x4B2F,
    0x5BD2, 0x4A6D, 0x4A6D, 0x4A6D, 0x4A6D, 0x5BD2, 0x5BD2, 0x4B2F, 0x5BD2, 0x8D59, 0xA63C, 0xA63C,
    0xA63C, 0xA63C, 0xA63C, 0x8D59, 0x4B2F, 0x5BD2, 0x5BD2, 0x4A6D, 0x4A6D, 0x4A6D, 0x4A6D, 0x5BD2,
    0x4B2F, 0x4B2F, 0x4B2F, 0x120E, 0x8D59, 0xA63C, 0x120E, 0x6B55, 0x51CE, 0x0001, 0x0001, 0x0001,
    0x0001, 0x0001, 0x0001, 0x51CE, 0x6B55, 0x120E, 0xA63C, 0x120E, 0x8D59, 0x120E, 0x4B2F, 0x4B2F,
    0x3A0B, 0x4A6D, 0x4A6D, 0x4A6D, 0x4A6D, 0x4A6D, 0x5BD2, 0x5BD2, 0x5BD2, 0x5BD2, 0x8D59, 0xA63C,
    0xA63C, 0xA63C, 0xA63C, 0x5BD2, 0x5BD2, 0x5BD2, 0x4A6D, 0x4A6D, 0x4A6D, 0x4A6D, 0x4A6D, 0x3A0B,
    0x4B2F, 0x4B2F, 0x120E, 0x5BD2, 0x120E, 0xA63C, 0x120E, 0x6B55, 0x51CE, 0x0001, 0x0001, 0x0001,
    0x0001, 0x0001, 0x0001, 0x51CE, 0x6B55, 0x120E, 0xA63C, 0x120E, 0x120E, 0x120E, 0x4B2F, 0x5BD2,
    0x3A0B, 0x4A6D, 0x4A6D, 0x4A6D, 0x4A6D, 0x3A0B, 0x8D59, 0x8D59, 0x5BD2, 0x5BD2, 0x5BD2, 0xA63C,
    0xA63C, 0xA63C, 0xA63C, 0xA63C, 0x8D59, 0x8D59, 0x3A0B, 0x4A6D, 0x4A6D, 0x4A6D, 0x4A6D, 0x3A0B,
    0x4B2F, 0x4B2F, 0x120E, 0x120E, 0x120E, 0xA63C, 0x120E, 0x6B55, 0x51CE, 0x0001, 0x0001, 0x0001,
    0x0001, 0x0001, 0x0001, 0x51CE, 0x6B55, 0x120E, 0x8D59, 0x120E, 0x6434, 0x120E, 0x4B2F, 0x39C9,
    0x39C9, 0x3A0B, 0x3A0B, 0x3A0B, 0x3A0B, 0x39C9, 0x39C9, 0x8D59, 0x8D59, 0x5BD2, 0x4B2F, 0xA63C,
    0xA63C, 0xA63C, 0xA63C, 0xA63C, 0xA63C, 0x39C9, 0x39C9, 0x3A0B, 0x3A0B, 0x3A0B, 0x3A0B, 0x39C9,
    0x39C9, 0x4B2F, 0x120E, 0x6434, 0x120E, 0xA63C, 0x120E, 0x6B55, 0x51CE, 0x0001, 0x0001, 0x0001,
    0x0001, 0x0001, 0x0001, 0x51CE, 0x6B55, 0x6B55, 0x120E, 0x8D59, 0x6434, 0x120E, 0x4B2F, 0x4B2F,
    0x8D59, 0x39C9, 0x39C9, 0x39C9, 0x39C9, 0xA63C, 0xA63C, 0xA63C, 0x8D59, 0x5BD2, 0x4B2F, 0xA63C,
    0xA63C, 0xA63C, 0xA63C, 0xA63C, 0xA63C, 0xA63C, 0xA63C, 0x39C9, 0x39C9, 0x39C9, 0x39C9, 0x5BD2,
    0x4B2F, 0x4B2F, 0x120E, 0x6434, 0xA63C, 0x120E, 0x6B55, 0x6B55, 0x51CE, 0x0001, 0x0001, 0x0001,
    0x0001, 0x0001, 0x0001, 0x51CE, 0x6B55, 0x6B55, 0x120E, 0x8D59, 0x120E, 0x120E, 0x4B2F, 0x8D59,
    0x8D59, 0xA63C, 0xA63C, 0xA63C, 0xA63C, 0xBEDE, 0xBEDE, 0xBEDE, 0xA63C, 0x8D59, 0x4B2F, 0xA63C,
    0xA63C, 0xBEDE, 0xA63C, 0xA63C, 0xA63C, 0xA63C, 0xBEDE, 0xBEDE, 0xBEDE, 0xBEDE, 0xA63C, 0x8D59,
    0x5BD2, 0x4B2F, 0x120E, 0x120E, 0xA63C, 0x120E, 0x6B55, 0x6B55, 0x51CE, 0x0001, 0x0001, 0x0001,
    0x0001, 0x0001, 0x0001, 0x51CE, 0x6B55, 0x6B55, 0x6B55, 0x120E, 0x120E, 0x8D59, 0x120E, 0x8D59,
    0x8D59, 0xA63C, 0xA63C, 0xA63C, 0xA63C, 0xBEDE, 0xBEDE, 0xBEDE, 0xA63C, 0x8D59, 0x5BD2, 0xA63C,
    0xA63C, 0xBEDE, 0xBEDE, 0xA63C, 0xA63C, 0xA63C, 0xBEDE, 0xBEDE, 0xBEDE, 0xBEDE, 0xBEDE, 0xA63C,
    0x5BD2, 0x120E, 0x5BD2, 0x120E, 0x120E, 0x6B55, 0x6B55, 0x6B55, 0x51CE, 0x0001, 0x0001, 0x0001,
    0x0001, 0x0001, 0x0001, 0x51CE, 0x6B55, 0x6B55, 0x6B55, 0x120E, 0xA63C, 0xA63C, 0x120E, 0x5BD2,
    0x8D59, 0x8D59, 0xA63C, 0xA63C, 0xA63C, 0xA63C, 0xBEDE, 0xBEDE, 0x8D59, 0x8D59, 0x5BD2, 0xA63C,
    0xA63C, 0xBEDE, 0xBEDE, 0xBEDE, 0xA63C, 0xA63C, 0xBEDE, 0xBEDE, 0xBEDE, 0xBEDE, 0xBEDE, 0xA63C,
    0x5BD2, 0x120E, 0x8D59, 0xA63C, 0x120E, 0x6B55, 0x6B55, 0x6B55, 0x51CE, 0x0001, 0x0001, 0x0001,
    0x0001, 0x0001, 0x0001, 0x0001, 0x51CE, 0x6B55, 0x6B55, 0x51CE, 0x120E, 0xA63C, 0x120E, 0x5BD2,
    0x8D59, 0x8D59, 0x8D59, 0xA63C, 0xA63C, 0xA63C, 0xA63C, 0xA63C, 0x8D59, 0x5BD2, 0x120E, 0xA63C,
    0xA63C, 0xA63C, 0xBEDE, 0xBEDE, 0xA63C, 0xA63C, 0xBEDE, 0xBEDE, 0xBEDE, 0xBEDE, 0xBEDE, 0x8D59,
    0x5BD2, 0x120E, 0xA63C, 0x120E, 0x51CE, 0x6B55, 0x6B55, 0x51CE, 0x0001, 0x0001, 0x0001, 0x0001,
    0x0001, 0x0001, 0x0001, 0x0001, 0x51CE, 0x6B55, 0x51CE, 0x6B55, 0x6B55, 0x120E, 0x120E, 0x120E,
    0x8D59, 0x8D59, 0x8D59, 0x8D59, 0xA63C, 0xA63C, 0xA63C, 0x8D59, 0x5BD2, 0x120E, 0x120E, 0xA63C,
    0xA63C, 0xA63C, 0xBEDE, 0xA63C, 0xA63C, 0xA63C, 0xBEDE, 0xBEDE, 0xBEDE, 0xBEDE, 0xA63C, 0x8D59,
    0x120E, 0x120E, 0x120E, 0x8C38, 0x6B55, 0x51CE, 0x6B55, 0x51CE, 0x0001, 0x0001, 0x0001, 0x0001,
    0x0001, 0x0001, 0x0001, 0x0001, 0x51CE, 0x6B55, 0x51CE, 0x6B55, 0x6B55, 0x6B55, 0x6B55, 0x120E,
    0x5BD2, 0x8D59, 0x8D59, 0x8D59, 0x8D59, 0x8D59, 0x8D59, 0x8D59, 0x5BD2, 0x120E, 0x120E, 0x8D59,
    0xA63C, 0xA63C, 0xA63C, 0xA63C, 0xA63C, 0xA63C, 0xA63C, 0xBEDE, 0xBEDE, 0xBEDE, 0xA63C, 0x5BD2,
    0x120E, 0x6B55, 0x8C38, 0x8C38, 0x8C38, 0x51CE, 0x6B55, 0x51CE, 0x0001, 0x0001, 0x0001, 0x0001,
    0x0001, 0x0001, 0x0001, 0x0001, 0x51CE, 0x6B55, 0x51CE, 0x6B55, 0x6B55, 0x6B55, 0x6B55, 0x6B55,
    0x120E, 0x8D59, 0x8D59, 0x8D59, 0x8D59, 0x8D59, 0x8D59, 0x8D59, 0x8D59, 0x5BD2, 0x120E, 0x5BD2,
    0x8D59, 0x8D59, 0x8D59, 0xA63C, 0xA63C, 0xA63C, 0xA63C, 0xBEDE, 0xBEDE, 0xA63C, 0x8D59, 0x120E,
    0x6B55, 0x8C38, 0x8C38, 0x8C38, 0x8C38, 0x51CE, 0x6B55, 0x51CE, 0x0001, 0x0001, 0x0001, 0x0001,
    0x0001, 0x0001, 0x0001, 0x0001, 0x51CE, 0x6B55, 0x51CE, 0x6B55, 0x6B55, 0x6B55, 0x6B55, 0x6B55,
    0x120E, 0x5BD2, 0x8D59, 0x8D59, 0x8D59, 0x8D59, 0x8D59, 0x8D59, 0x8D59, 0x8D59, 0x8D59, 0x5BD2,
    0x5BD2, 0x8D59, 0xA63C, 0xA63C, 0xA63C, 0xA63C, 0xA63C, 0xBEDE, 0xBEDE, 0xA63C, 0x5BD2, 0x120E,
    0x8C38, 0x8C38, 0x8C38, 0x8C38, 0x8C38, 0x6B55, 0x51CE, 0x0001, 0x0001, 0x0001, 0x0001, 0x0001,
    0x0001, 0x0001, 0x0001, 0x0001, 0x0001, 0x51CE, 0x6B55, 0x6B55, 0x6B55, 0x6B55, 0x6B55, 0x6B55,
    0x6B55, 0x120E, 0x8D59, 0x8D59, 0x8D59, 0x8D59, 0x8D59, 0x8D59, 0x8D59, 0x8D59, 0x8D59, 0x8D59,
    0x8D59, 0xA63C, 0xA63C, 0xA63C, 0xA63C, 0xA63C, 0xA63C, 0xBEDE, 0xA63C, 0x8D59, 0x120E, 0x6B55,
    0x8C38, 0x8C38, 0x8C38, 0x8C38, 0x8C38, 0x6B55, 0x51CE, 0x0001, 0x0001, 0x0001, 0x0001, 0x0001,
    0x0001, 0x0001, 0x0001, 0x0001, 0x0001, 0x51CE, 0x6B55, 0x6B55, 0x6B55, 0x6B55, 0x6B55, 0x6B55,
    0x6B55, 0x120E, 0x5BD2, 0x8D59, 0x8D59, 0x8D59, 0x8D59, 0x8D59, 0x8D59, 0x8D59, 0x8D59, 0x8D59,
    0xA63C, 0xA63C, 0xA63C, 0xA63C, 0xA63C, 0xA63C, 0xA63C, 0xA63C, 0xA63C, 0x5BD2, 0x120E, 0x8C38,
    0x8C38, 0x8C38, 0x8C38, 0x8C38, 0x8C38, 0x6B55, 0x51CE, 0x0001, 0x0001, 0x0001, 0x0001, 0x0001,
    0x0001, 0x0001, 0x0001, 0x0001, 0x0001, 0x51CE, 0x6B55, 0x6B55, 0x6B55, 0x6B55, 0x6B55, 0x6B55,
    0x6B55, 0x6B55, 0x120E, 0x5BD2, 0x8D59, 0x8D59, 0x8D59, 0x8D59, 0x8D59, 0x8D59, 0x8D59, 0x92B7,
    0x92B7, 0x92B7, 0xA63C, 0xA63C, 0xA63C, 0xA63C, 0xA63C, 0xA63C, 0x8D59, 0x120E, 0x6B55, 0x8C38,
    0x8C38, 0x8C38, 0x8C38, 0x8C38, 0x8C38, 0x6B55, 0x51CE, 0x0001, 0x0001, 0x0001, 0x0001, 0x0001,
    0x0001, 0x0001, 0x0001, 0x0001, 0x0001, 0x51CE, 0x6B55, 0x6B55, 0x6B55, 0x6B55, 0x6B55, 0x6B55,
    0x6B55, 0x6B55, 0x120E, 0x120E, 0x5BD2, 0x8D59, 0x8D59, 0x8D59, 0x8D59, 0x516D, 0x516D, 0x516D,
    0x69F0, 0x69F0, 0x516D, 0x92B7, 0xA63C, 0xA63C, 0xA63C, 0x8D59, 0x120E, 0x120E, 0x6B55, 0x8C38,
    0x8C38, 0x8C38, 0x8C38, 0x8C38, 0x8C38, 0x6B55, 0x51CE, 0x0001, 0x0001, 0x0001, 0x0001, 0x0001,
    0x0001, 0x0001, 0x0001, 0x0001, 0x0001, 0x51CE, 0x6B55, 0x6B55, 0x6B55, 0x6B55, 0x6B55, 0x6B55,
    0x6B55, 0x6B55, 0x120E, 0x4B2F, 0x120E, 0x5BD2, 0x8D59, 0x8D59, 0x8D59, 0x8D59, 0x92B7, 0x92B7,
    0xB3BB, 0x92B7, 0x92B7, 0xA63C, 0xA63C, 0xA63C, 0x8D59, 0x120E, 0x8D59, 0x120E, 0x6B55, 0x6B55,
    0x6B55, 0x8C38, 0x8C38, 0x8C38, 0x8C38, 0x6B55, 0x51CE, 0x0001, 0x0001, 0x0001, 0x0001, 0x0001,
    0x0001, 0x0001, 0x0001, 0x0001, 0x0001, 0x0001, 0x51CE, 0x6B55, 0x6B55, 0x6B55, 0x6B55, 0x51CE,
    0x51CE, 0x51CE, 0x120E, 0x4B2F, 0x4B2F, 0x120E, 0x5BD2, 0x8D59, 0x8D59, 0x8D59, 0x8D59, 0x69F0,
    0x69F0, 0x69F0, 0xA63C, 0xA63C, 0xA63C, 0x8D59, 0x120E, 0x8D59, 0xA63C, 0x120E, 0x51CE, 0x51CE,
    0x51CE, 0x6B55, 0x6B55, 0x8C38, 0x6B55, 0x51CE, 0x0001, 0x0001, 0x0001, 0x0001, 0x0001, 0x0001,
    0x0001, 0x0001, 0x0001, 0x0001, 0x0001, 0x0001, 0x51CE, 0x6B55, 0x6B55, 0x51CE, 0x51CE, 0x0001,
    0x0001, 0x0001, 0x120E, 0x4B2F, 0x4B2F, 0x4B2F, 0x120E, 0x5BD2, 0x8D59, 0x8D59, 0x8D59, 0x8D59,
    0x8D59, 0xA63C, 0xA63C, 0xA63C, 0x8D59, 0x120E, 0x8D59, 0xA63C, 0xA63C, 0x120E, 0x0001, 0x0001,
    0x0001, 0x51CE, 0x51CE, 0x6B55, 0x6B55, 0x51CE, 0x0001, 0x0001, 0x0001, 0x0001, 0x0001, 0x0001,
    0x0001, 0x0001, 0x0001, 0x0001, 0x0001, 0x0001, 0x0001, 0x51CE, 0x51CE, 0x0001, 0x0001, 0x0001,
    0x0001, 0x0001, 0x120E, 0x5BD2, 0x5BD2, 0x4B2F, 0x4B2F, 0x120E, 0x120E, 0x5BD2, 0x8D59, 0x8D59,
    0xA63C, 0xA63C, 0x8D59, 0x120E, 0x120E, 0x8D59, 0xA63C, 0xBEDE, 0xA63C, 0x120E, 0x0001, 0x0001,
    0x0001, 0x0001, 0x0001, 0x51CE, 0x51CE, 0x0001, 0x0001, 0x0001, 0x0001, 0x0001, 0x0001, 0x0001,
    0x0001, 0x0001, 0x0001, 0x0001, 0x0001, 0x0001, 0x0001, 0x51CE, 0x0001, 0x0001, 0x0001, 0x0001,
    0x0001, 0x120E, 0x4B2F, 0x5BD2, 0x5BD2, 0x5BD2, 0x4B2F, 0x4B2F, 0x4B2F, 0x120E, 0x120E, 0x120E,
    0x120E, 0x120E, 0x120E, 0x8D59, 0xA63C, 0xA63C, 0xBEDE, 0xBEDE, 0xA63C, 0x8D59, 0x120E, 0x0001,
    0x0001, 0x0001, 0x0001, 0x0001, 0x51CE, 0x0001, 0x0001, 0x0001, 0x0001, 0x0001, 0x0001, 0x0001,
    0x0001, 0x0001, 0x0001, 0x0001, 0x0001, 0x0001, 0x0001, 0x0001, 0x0001, 0x0001, 0x0001, 0x0001,
    0x0001, 0x120E, 0x4B2F, 0x5BD2, 0x5BD2, 0x5BD2, 0x5BD2, 0x4B2F, 0x5BD2, 0x5BD2, 0x8D59, 0x8D59,
    0x8D59, 0x8D59, 0xA63C, 0xA63C, 0xA63C, 0xA63C, 0xBEDE, 0xBEDE, 0xA63C, 0x8D59, 0x120E, 0x0001,
    0x0001, 0x0001, 0x0001, 0x0001, 0x0001, 0x0001, 0x0001, 0x0001, 0x0001, 0x0001, 0x0001, 0x0001,
  },
  {
    0x0001, 0x0001, 0x0001, 0x0001, 0x0001, 0x0001, 0x0001, 0x0001, 0x0001, 0x0001, 0x0001, 0x51CE,
    0x6B55, 0x6B55, 0x6B55, 0x6B55, 0x6B55, 0x6B55, 0x6B55, 0x6B55, 0x6B55, 0x6B55, 0x6B55, 0x6B55,
    0x6B55, 0x6B55, 0x6B55, 0x8C38, 0x8C38, 0x8C38, 0x8C38, 0x8C38, 0x8C38, 0x8C38, 0x6B55, 0x6B55,
    0x51CE, 0x0001, 0x0001, 0x0001, 0x0001, 0x0001, 0x0001, 0x0001, 0x0001, 0x0001, 0x0001, 0x0001,
    0x0001, 0x0001, 0x0001, 0x0001, 0x0001, 0x0001, 0x0001, 0x0001, 0x0001, 0x0001, 0x5A10, 0x6B14,
    0x6B55, 0x6B55, 0x6B55, 0x6B55, 0x6B55, 0x6B55, 0x6B55, 0x6B55, 0x6B55, 0x6B55, 0x6B55, 0x7376,
    0x8418, 0x8C38, 0x8C38, 0x8C38, 0x8418, 0x7376, 0x6B55, 0x6B55, 0x7376, 0x8418, 0x8C38, 0x8418,
    0x6B34, 0x5A10, 0x0001, 0x0001, 0x0001, 0x0001, 0x0001, 0x0001, 0x0001, 0x0001, 0x0001, 0x0001,
    0x0001, 0x0001, 0x0001, 0x0001, 0x0001, 0x0001, 0x0001, 0x0001, 0x0001, 0x51CE, 0x6B55, 0x6B55,
    0x6B55, 0x6B55, 0x6B55, 0x6B55, 0x6B55, 0x6B55, 0x6B55, 0x6B55, 0x6B55, 0x6B55, 0x8C38, 0x8C38,
    0x8C38, 0x8C38, 0x8C38, 0x8C38, 0x8C38, 0x6B55, 0x6B55, 0x6B55, 0x6B55, 0x6B55, 0x8C38, 0x8C38,
    0x8C38, 0x6B55, 0x51CE, 0x0001, 0x0001, 0x0001, 0x0001, 0x0001, 0x0001, 0x0001, 0x0001, 0x0001,
    0x0001, 0x0001, 0x0001, 0x0001, 0x0001, 0x0001, 0x0001, 0x0001, 0x5A10, 0x6B14, 0x6B55, 0x6B55,
    0x6B55, 0x6B55, 0x6B55, 0x6B55, 0x6B55, 0x6B55, 0x6B55, 0x6B55, 0x7376, 0x8418, 0x8C38, 0x8C38,
    0x8C38, 0x8C38, 0x8C38, 0x8C38, 0x8C38, 0x8418, 0x7376, 0x6B55, 0x6B55, 0x6B55, 0x7376, 0x8418,
    0x8C38, 0x8418, 0x6B34, 0x5A10, 0x0001, 0x0001, 0x0001, 0x0001, 0x0001, 0x0001, 0x0001, 0x0001,
    0x0001, 0x0001, 0x0001, 0x0001, 0x0001, 0x0001, 0x0001, 0x51CE, 0x6B55, 0x6B55, 0x6B55, 0x6B55,
    0x6B55, 0x6B55, 0x6B55, 0x6B55, 0x6B55, 0x6B55, 0x6B55, 0x6B55, 0x8C38, 0x8C38, 0x8C38, 0x8C38,
    0x8C38, 0x8C38, 0x8C38, 0x8C38, 0x8C38, 0x8C38, 0x8C38, 0x6B55, 0x6B55, 0x6B55, 0x6B55, 0x6B55,
    0x8C38, 0x8C38, 0x8C38, 0x6B55, 0x51CE, 0x0001, 0x0001, 0x0001, 0x0001, 0x0001, 0x0001, 0x0001,
    0x0001, 0x0001, 0x0001, 0x0001, 0x0001, 0x0001, 0x0001, 0x5A10, 0x6B14, 0x6B55, 0x6B55, 0x6B55,
    0x6B55, 0x6B55, 0x6B55, 0x6B55, 0x6B55, 0x6B55, 0x6B55, 0x7376, 0x8418, 0x8C38, 0x8C38, 0x8C38,
    0x8C38, 0x8C38, 0x8C38, 0x8C38, 0x8C38, 0x8C38, 0x8C38, 0x8C38, 0x8C38, 0x8418, 0x7376, 0x7376,
    0x8418, 0x8C38, 0x8C38, 0x83D6, 0x5A50, 0x0001, 0x0001, 0x0001, 0x0001, 0x0001, 0x0001, 0x0001,
    0x0001, 0x0001, 0x0001, 0x0001, 0x0001, 0x0001, 0x51CE, 0x6B55, 0x6B55, 0x6B55, 0x6B55, 0x6B55,
    0x6B55, 0x6B55, 0x6B55, 0x6B55, 0x6B55, 0x6B55, 0x6B55, 0x8C38, 0x8C38, 0x8C38, 0x8C38, 0x8C38,
    0x8C38, 0x8C38, 0x8C38, 0x8C38, 0x8C38, 0x8C38, 0x8C38, 0x8C38, 0x8C38, 0x8C38, 0x8C38, 0x6B55,
    0x8C38, 0x8C38, 0x8C38, 0x8C38, 0x6B55, 0x51CE, 0x0001, 0x0001, 0x0001, 0x0001, 0x0001, 0x0001,
    0x0001, 0x0001, 0x0001, 0x0001, 0x0001, 0x0001, 0x5A10, 0x6B14, 0x6B55, 0x6B55, 0x6B55, 0x6B55,
    0x6B55, 0x6B55, 0x6B55, 0x6B55, 0x6B55, 0x6B55, 0x7376, 0x8418, 0x8C38, 0x8C38, 0x8C38, 0x8C38,
    0x8C38, 0x8C38, 0x8C38, 0x8C38, 0x8C38, 0x8C38, 0x8C38, 0x8C38, 0x8C38, 0x8C38, 0x8C38, 0x8C38,
    0x8C38, 0x8C38, 0x8C38, 0x8C38, 0x83D6, 0x5A50, 0x0001, 0x0001, 0x0001, 0x0001, 0x0001, 0x0001,
    0x0001, 0x0001, 0x0001, 0x0001, 0x0001, 0x0001, 0x51CE, 0x6B55, 0x6B55, 0x6B55, 0x6B55, 0x6B55,
    0x6B55, 0x6B55, 0x6B55, 0x6B55, 0x6B55, 0x6B55, 0x6B55, 0x6B55, 0x8C38, 0x8C38, 0x8C38, 0x8C38,
    0x8C38, 0x8C38, 0x8C38, 0x8C38, 0x8C38, 0x8C38, 0x8C38, 0x8C38, 0x8C38, 0x8C38, 0x6B55, 0x8C38,
    0x6B55, 0x8C38, 0x8C38, 0x8C38, 0x8C38, 0x51CE, 0x0001, 0x0001, 0x0001, 0x0001, 0x0001, 0x0001,
    0x0001, 0x0001, 0x0001, 0x0001, 0x0001, 0x5A10, 0x6B14, 0x6B55, 0x6B55, 0x6B55, 0x6B55, 0x6B55,
    0x6B55, 0x6B55, 0x6B55, 0x6B55, 0x6B55, 0x6B55, 0x6B55, 0x6B55, 0x6B55, 0x6B55, 0x7376, 0x8418,
    0x8C38, 0x8C38, 0x8C38, 0x8C38, 0x8C38, 0x8C38, 0x8C38, 0x8C38, 0x8C38, 0x8C38, 0x8418, 0x7376,
    0x7376, 0x8418, 0x8C38, 0x8C38, 0x8418, 0x6B34, 0x5A10, 0x0001, 0x0001, 0x0001, 0x0001, 0x0001,
    0x0001, 0x0001, 0x0001, 0x0001, 0x0001, 0x51CE, 0x6B55, 0x6B55, 0x6B55, 0x6B55, 0x6B55, 0x6B55,
    0x6B55, 0x6B55, 0x6B55, 0x6B55, 0x6B55, 0x6B55, 0x6B55, 0x6B55, 0x6B55, 0x6B55, 0x6B55, 0x6B55,
    0x6B55, 0x6B55, 0x8C38, 0x8C38, 0x8C38, 0x8C38, 0x8C38, 0x8C38, 0x8C38, 0x8C38, 0x8C38, 0x8C38,
    0x6B55, 0x6B55, 0x8C38, 0x8C38, 0x8C38, 0x8C38, 0x51CE, 0x0001, 0x0001, 0x0001, 0x0001, 0x0001,
    0x0001, 0x0001, 0x0001, 0x0001, 0x0001, 0x5A10, 0x6B14, 0x6B55, 0x6B55, 0x6B55, 0x6B55, 0x6B55,
    0x6B55, 0x6B55, 0x6B55, 0x6B55, 0x6B55, 0x6B55, 0x6B55, 0x6B14, 0x5A0F, 0x51CE, 0x51CE, 0x51CE,
    0x51CE, 0x51CE, 0x5A0F, 0x6B34, 0x8418, 0x8C38, 0x8C38, 0x8C38, 0x8C38, 0x8C38, 0x8C38, 0x8C38,
    0x8418, 0x7396, 0x8418, 0x8C38, 0x8C38, 0x83D6, 0x5A50, 0x0001, 0x0001, 0x0001, 0x0001, 0x0001,
    0x0001, 0x0001, 0x0001, 0x0001, 0x51CE, 0x6B55, 0x6B55, 0x6B55, 0x6B55, 0x6B55, 0x6B55, 0x6B55,
    0x6B55, 0x6B55, 0x6B55, 0x6B55, 0x6B55, 0x6B55, 0x51CE, 0x51CE, 0x4B2F, 0x4B2F, 0x4B2F, 0x4B2F,
    0x4B2F, 0x4B2F, 0x4B2F, 0x51CE, 0x6B55, 0x8C38, 0x8C38, 0x8C38, 0x8C38, 0x8C38, 0x8C38, 0x8C38,
    0x8C38, 0x6B55, 0x6B55, 0x8C38, 0x8C38, 0x8C38, 0x6B55, 0x51CE, 0x0001, 0x0001, 0x0001, 0x0001,
    0x0001, 0x0001, 0x0001, 0x0001, 0x5A10, 0x6B14, 0x6B55, 0x6B55, 0x6B55, 0x6B55, 0x6B55, 0x6B55,
    0x6B55, 0x6B55, 0x6B55, 0x6B55, 0x6B14, 0x524F, 0x4AEF, 0x4B2F, 0x4B4F, 0x5BB1, 0x5BD2, 0x5BD2,
    0x5BD2, 0x5BD2, 0x5BB1, 0x4B0F, 0x524F, 0x6B34, 0x8418, 0x8C38, 0x8C38, 0x8C38, 0x8C38, 0x8C38,
    0x8C38, 0x8418, 0x7396, 0x8418, 0x8C38, 0x8C38, 0x83D6, 0x5A50, 0x0001, 0x0001, 0x0001, 0x0001,
    0x0001, 0x0001, 0x0001, 0x0001, 0x51CE, 0x6B55, 0x6B55, 0x6B55, 0x6B55, 0x6B55, 0x6B55, 0x6B55,
    0x6B55, 0x6B55, 0x6B55, 0x6B55, 0x51CE, 0x4B2F, 0x5BD2, 0x5BD2, 0x5BD2, 0x8D59, 0x8D59, 0x8D59,
    0x8D59, 0x8D59, 0x8D59, 0x5BD2, 0x5BD2, 0x51CE, 0x51CE, 0x8C38, 0x8C38, 0x8C38, 0x8C38, 0x8C38,
    0x8C38, 0x8C38, 0x6B55, 0x8C38, 0x8C38, 0x8C38, 0x8C38, 0x51CE, 0x0001, 0x0001, 0x0001, 0x0001,
    0x0001, 0x0001, 0x0001, 0x0001, 0x5A10, 0x6B14, 0x6B55, 0x6B55, 0x6B55, 0x6B55, 0x6B55, 0x6B55,
    0x6B55, 0x6B55, 0x6B14, 0x524F, 0x4B0F, 0x5BF3, 0x8518, 0x8D59, 0x8D79, 0xA61B, 0xA63C, 0xA63C,
    0xA63C, 0xA63C, 0xA61B, 0x8D79, 0x8518, 0x63B2, 0x5A50, 0x6B34, 0x8418, 0x8C38, 0x8C38, 0x8C38,
    0x8C38, 0x8C38, 0x8C38, 0x8C38, 0x8C38, 0x8C38, 0x83D6, 0x5A50, 0x0001, 0x0001, 0x0001, 0x0001,
    0x0001, 0x0001, 0x0001, 0x0001, 0x51CE, 0x6B55, 0x6B55, 0x6B55, 0x6B55, 0x6B55, 0x6B55, 0x6B55,
    0x6B55, 0x6B55, 0x6B55, 0x51CE, 0x5BD2, 0x8D59, 0x8D59, 0x8D59, 0xA63C, 0xA63C, 0xA63C, 0xA63C,
    0xA63C, 0xBEDE, 0xBEDE, 0xBEDE, 0xA63C, 0x8D59, 0x5BD2, 0x51CE, 0x6B55, 0x8C38, 0x8C38, 0x8C38,
    0x8C38, 0x8C38, 0x8C38, 0x8C38, 0x8C38, 0x8C38, 0x8C38, 0x51CE, 0x0001, 0x0001, 0x0001, 0x0001,
    0x0001, 0x0001, 0x0001, 0x0001, 0x5A10, 0x6B14, 0x6B55, 0x6B55, 0x6B55, 0x6B55, 0x6B55, 0x6B55,
    0x6B55, 0x6B14, 0x524F, 0x4B0F, 0x5BF3, 0x8518, 0x8D79, 0xA61B, 0xA63C, 0xA63C, 0xA63C, 0xA63C,
    0xAE5C, 0xBEBE, 0xBEDE, 0xBEDE, 0xBEBE, 0xA63C, 0x8538, 0x63B2, 0x5A50, 0x6B34, 0x8418, 0x8C38,
    0x8C38, 0x8C38, 0x8C38, 0x8C38, 0x8C38, 0x8418, 0x6B34, 0x5A10, 0x0001, 0x0001, 0x0001, 0x0001,
    0x0001, 0x0001, 0x0001, 0x0001, 0x51CE, 0x6B55, 0x6B55, 0x6B55, 0x6B55, 0x6B55, 0x6B55, 0x6B55,
    0x6B55, 0x51CE, 0x4B2F, 0x5BD2, 0x8D59, 0x8D59, 0x8D59, 0xA63C, 0xA63C, 0xA63C, 0xA63C, 0xA63C,
    0xA63C, 0xBEDE, 0xBEDE, 0xBEDE, 0xBEDE, 0xBEDE, 0xA63C, 0x8D59, 0x5BD2, 0x51CE, 0x51CE, 0x6B55,
    0x8C38, 0x8C38, 0x8C38, 0x8C38, 0x6B55, 0x8C38, 0x6B55, 0x51CE, 0x0001, 0x0001, 0x0001, 0x0001,
    0x0001, 0x0001, 0x0001, 0x5A10, 0x6B14, 0x6B55, 0x6B55, 0x6B55, 0x6B14, 0x5A50, 0x6B14, 0x6B14,
    0x524F, 0x4B0F, 0x5BB1, 0x6413, 0x8518, 0x8D59, 0x8D79, 0xA61B, 0xA63C, 0xA63C, 0xA63C, 0xA63C,
    0xA63C, 0xAE5C, 0xBEBE, 0xBEDE, 0xBEBE, 0xAE5C, 0xA61B, 0x8D79, 0x8518, 0x5BF3, 0x4B0F, 0x524F,
    0x6B34, 0x8418, 0x83D6, 0x6291, 0x83D6, 0x8418, 0x7376, 0x6B14, 0x5A10, 0x0001, 0x0001, 0x0001,
    0x0001, 0x0001, 0x0001, 0x51CE, 0x6B55, 0x6B55, 0x6B55, 0x6B55, 0x6B55, 0x6B55, 0x51CE, 0x51CE,
    0x4B2F, 0x5BD2, 0x5BD2, 0x5BD2, 0x8D59, 0x8D59, 0x8D59, 0xA63C, 0xA63C, 0xA63C, 0xA63C, 0xA63C,
    0xA63C, 0xA63C, 0xA63C, 0xA63C, 0xA63C, 0xA63C, 0xA63C, 0x8D59, 0x8D59, 0x8D59, 0x5BD2, 0x4B2F,
    0x51CE, 0x51CE, 0x51CE, 0x6B55, 0x8C38, 0x8C38, 0x6B55, 0x6B55, 0x51CE, 0x0001, 0x0001, 0x0001,
    0x0001, 0x0001, 0x0001, 0x5A10, 0x6B14, 0x6B55, 0x6B55, 0x6B55, 0x6B55, 0x6B55, 0x6334, 0x5350,
    0x5BB1, 0x5BB1, 0x4B4F, 0x4B2F, 0x5391, 0x7CF7, 0x8D59, 0x8D79, 0xA61B, 0xA63C, 0xA63C, 0xA63C,
    0xA63C, 0xA63C, 0xA63C, 0xA63C, 0xA63C, 0xA61B, 0x8518, 0x5391, 0x4B2F, 0x4B4F, 0x5BB1, 0x5BB1,
    0x4B0F, 0x524F, 0x6B34, 0x8418, 0x8418, 0x7376, 0x6B55, 0x6B14, 0x5A10, 0x0001, 0x0001, 0x0001,
    0x0001, 0x0001, 0x0001, 0x51CE, 0x6B55, 0x6B55, 0x51CE, 0x6B55, 0x6B55, 0x6B55, 0x51CE, 0x5BD2,
    0x4B2F, 0x520F, 0x520F, 0x520F, 0x520F, 0x520F, 0x4B2F, 0x8D59, 0x8D59, 0xA63C, 0xA63C, 0xA63C,
    0xA63C, 0xA63C, 0xA63C, 0xA63C, 0x8D59, 0x4B2F, 0x520F, 0x520F, 0x520F, 0x520F, 0x520F, 0x4B2F,
    0x5BD2, 0x4B2F, 0x51CE, 0x6B55, 0x6B55, 0x51CE, 0x6B55, 0x6B55, 0x51CE, 0x0001, 0x0001, 0x0001,
    0x0001, 0x0001, 0x0001, 0x5A10, 0x6B14, 0x5B14, 0x2A2F, 0x4A0F, 0x62D3, 0x524F, 0x4AAF, 0x522F,
    0x522F, 0x4AEF, 0x4B4F, 0x5BB1, 0x5BB1, 0x4B10, 0x522F, 0x5A91, 0x84F8, 0xA61B, 0xA63C, 0xA63C,
    0xA63C, 0xA63C, 0xA61B, 0x84F8, 0x5A91, 0x522F, 0x4B10, 0x5BB1, 0x5BB1, 0x4B4F, 0x4AEF, 0x522F,
    0x522F, 0x42CF, 0x222E, 0x49CE, 0x49CE, 0x2A2F, 0x5B14, 0x6B14, 0x5A10, 0x0001, 0x0001, 0x0001,
    0x0001, 0x0001, 0x0001, 0x51CE, 0x6B55, 0x6B55, 0x120E, 0x8D59, 0x6B55, 0x51CE, 0x520F, 0x4B2F,
    0x4B2F, 0x39C9, 0x39C9, 0x39C9, 0x39C9, 0x5BD2, 0x4B2F, 0x5BD2, 0x520F, 0x8D59, 0xA63C, 0xA63C,
    0xA63C, 0xA63C, 0x8D59, 0x520F, 0x5BD2, 0x4B2F, 0x5BD2, 0x39C9, 0x39C9, 0x39C9, 0x39C9, 0x4B2F,
    0x4B2F, 0x520F, 0x4B2F, 0x120E, 0x8D59, 0x120E, 0x6B55, 0x6B55, 0x51CE, 0x0001, 0x0001, 0x0001,
    0x0001, 0x0001, 0x0001, 0x5A10, 0x5AD3, 0x3AF1, 0x8D99, 0x9D79, 0x5AB1, 0x4AEF, 0x42EE, 0x3A0A,
    0x39C9, 0x39C9, 0x39C9, 0x39C9, 0x39C9, 0x39C9, 0x3A0A, 0x4B0F, 0x5BF3, 0x8538, 0xA61B, 0xA63C,
    0xA63C, 0xA63C, 0xA61B, 0x8518, 0x5350, 0x3A0A, 0x39C9, 0x39C9, 0x39C9, 0x39C9, 0x39C9, 0x39C9,
    0x3A0A, 0x42EE, 0x3AEF, 0x2AD0, 0x7CF7, 0x8D59, 0x3AF1, 0x5AD3, 0x5A10, 0x0001, 0x0001, 0x0001,
    0x0001, 0x0001, 0x0001, 0x51CE, 0x6B55, 0x120E, 0xA63C, 0x120E, 0x8D59, 0x120E, 0x4B2F, 0x4B2F,
    0x39C9, 0xD6DC, 0x19CD, 0x2A71, 0x7C35, 0x39C9, 0x5BD2, 0x5BD2, 0x5BD2, 0x5BD2, 0x8D59, 0xA63C,
    0xA63C, 0xA63C, 0xA63C, 0x5BD2, 0x5BD2, 0x5BD2, 0x39C9, 0x7C35, 0x2A71, 0x19CD, 0xD6DC, 0x39C9,
    0x4B2F, 0x4B2F, 0x120E, 0x5BD2, 0x120E, 0xA63C, 0x120E, 0x6B55, 0x51CE, 0x0001, 0x0001, 0x0001,
    0x0001, 0x0001, 0x0001, 0x5A10, 0x5AD3, 0x3AF1, 0x74D7, 0x2AD0, 0x120E, 0x1A2E, 0x3AAE, 0x3A0A,
    0x52AD, 0x9D16, 0x3AB0, 0x2230, 0x3AB0, 0xADB9, 0x9599, 0x8518, 0x6413, 0x5BD2, 0x6434, 0x9DDA,
    0xA63C, 0xA63C, 0xA63C, 0xA61B, 0x8D79, 0x9599, 0xADB9, 0x3AB0, 0x2230, 0x3AB0, 0x9D16, 0x52AD,
    0x3A0A, 0x3AAE, 0x1A2E, 0x120E, 0x2AD0, 0x74D7, 0x3AF1, 0x5AD3, 0x5A10, 0x0001, 0x0001, 0x0001,
    0x0001, 0x0001, 0x0001, 0x51CE, 0x6B55, 0x120E, 0x8D59, 0x120E, 0x6434, 0x120E, 0x4B2F, 0x4B2F,
    0x39C9, 0xBE1A, 0x19CD, 0x19CD, 0x19CD, 0xD6DC, 0xA63C, 0x8D59, 0x8D59, 0x5BD2, 0x4B2F, 0xA63C,
    0xA63C, 0xA63C, 0xA63C, 0xA63C, 0xA63C, 0x8D59, 0xD6DC, 0x19CD, 0x19CD, 0x19CD, 0xBE1A, 0x39C9,
    0x4B2F, 0x4B2F, 0x120E, 0x6434, 0x120E, 0xA63C, 0x120E, 0x6B55, 0x51CE, 0x0001, 0x0001, 0x0001,
    0x0001, 0x0001, 0x0001, 0x5A10, 0x6B14, 0x5B14, 0x32D1, 0x6C96, 0x5C13, 0x2A8F, 0x3AAE, 0x4A8D,
    0x7CD6, 0x8D59, 0x8D79, 0xA61B, 0xA63C, 0xA63C, 0xA63C, 0xA61B, 0x8538, 0x5BF3, 0x5BD2, 0x95BA,
    0xA63C, 0xA63C, 0xA63C, 0xA63C, 0xA63C, 0xA63C, 0xA63C, 0xA63C, 0xA63C, 0xA61B, 0x8538, 0x5BB2,
    0x424C, 0x3AAE, 0x2A8F, 0x6434, 0x8538, 0x3AF1, 0x5B14, 0x6B14, 0x5A10, 0x0001, 0x0001, 0x0001,
    0x0001, 0x0001, 0x0001, 0x51CE, 0x6B55, 0x6B55, 0x120E, 0x8D59, 0x120E, 0x120E, 0x4B2F, 0x8D59,
    0x8D59, 0xA63C, 0xA63C, 0xA63C, 0xA63C, 0xBEDE, 0xBEDE, 0xBEDE, 0xA63C, 0x8D59, 0x4B2F, 0xA63C,
    0xA63C, 0xBEDE, 0xA63C, 0xA63C, 0xA63C, 0xA63C, 0xBEDE, 0xBEDE, 0xBEDE, 0xBEDE, 0xA63C, 0x8D59,
    0x5BD2, 0x4B2F, 0x120E, 0x120E, 0xA63C, 0x120E, 0x6B55, 0x6B55, 0x51CE, 0x0001, 0x0001, 0x0001,
    0x0001, 0x0001, 0x0001, 0x5A10, 0x6B14, 0x6B55, 0x5B14, 0x224F, 0x228F, 0x6435, 0x3B31, 0x74D7,
    0x8D79, 0xA61B, 0xA63C, 0xA63C, 0xAE5C, 0xBEBE, 0xBEDE, 0xBEBE, 0xA63C, 0x8538, 0x6C75, 0x9DDA,
    0xAE5C, 0xBEBE, 0xBEBE, 0xAE5C, 0xA63C, 0xAE5C, 0xBEBE, 0xBEDE, 0xBEDE, 0xBEDE, 0xBEBE, 0x9DFB,
    0x5BF3, 0x2AAF, 0x4330, 0x1A4E, 0x224F, 0x5B14, 0x6B55, 0x6B14, 0x5A10, 0x0001, 0x0001, 0x0001,
    0x0001, 0x0001, 0x0001, 0x51CE, 0x6B55, 0x6B55, 0x6B55, 0x120E, 0xA63C, 0xA63C, 0x120E, 0x5BD2,
    0x8D59, 0x8D59, 0xA63C, 0xA63C, 0xA63C, 0xA63C, 0xBEDE, 0xBEDE, 0x8D59, 0x8D59, 0x5BD2, 0xA63C,
    0xA63C, 0xBEDE, 0xBEDE, 0xBEDE, 0xA63C, 0xA63C, 0xBEDE, 0xBEDE, 0xBEDE, 0xBEDE, 0xBEDE, 0xA63C,
    0x5BD2, 0x120E, 0x8D59, 0xA63C, 0x120E, 0x6B55, 0x6B55, 0x6B55, 0x51CE, 0x0001, 0x0001, 0x0001,
    0x0001, 0x0001, 0x0001, 0x0001, 0x5A10, 0x6B14, 0x6B14, 0x4A0F, 0x32B0, 0x74D7, 0x3311, 0x53D2,
    0x8518, 0x8D59, 0x8D79, 0xA61B, 0xA63C, 0xA63C, 0xA63C, 0xA61B, 0x8538, 0x53D2, 0x3311, 0x8D99,
    0xA63C, 0xAE5C, 0xBEBE, 0xBEBE, 0xAE5C, 0xAE5C, 0xBEBE, 0xBEDE, 0xBEDE, 0xBEDE, 0xB69D, 0x8D58,
    0x53D2, 0x3311, 0x74D7, 0x32B0, 0x4A0F, 0x6B14, 0x6B14, 0x5A10, 0x0001, 0x0001, 0x0001, 0x0001,
    0x0001, 0x0001, 0x0001, 0x0001, 0x51CE, 0x6B55, 0x51CE, 0x6B55, 0x6B55, 0x120E, 0x120E, 0x120E,
    0x8D59, 0x8D59, 0x8D59, 0x8D59, 0xA63C, 0xA63C, 0xA63C, 0x8D59, 0x5BD2, 0x120E, 0x120E, 0xA63C,
    0xA63C, 0xA63C, 0xBEDE, 0xA63C, 0xA63C, 0xA63C, 0xBEDE, 0xBEDE, 0xBEDE, 0xBEDE, 0xA63C, 0x8D59,
    0x120E, 0x120E, 0x120E, 0x8C38, 0x6B55, 0x51CE, 0x6B55, 0x51CE, 0x0001, 0x0001, 0x0001, 0x0001,
    0x0001, 0x0001, 0x0001, 0x0001, 0x5A10, 0x62D3, 0x5A50, 0x6B14, 0x6B55, 0x6B55, 0x5B14, 0x2A8F,
    0x53D2, 0x8518, 0x8D59, 0x8D59, 0x8D59, 0x8D59, 0x8D59, 0x8518, 0x53D2, 0x1A4E, 0x228F, 0x7CF7,
    0xA61B, 0xA63C, 0xA63C, 0xA63C, 0xA63C, 0xA63C, 0xAE5C, 0xBEBE, 0xBEDE, 0xBEBE, 0x9DFB, 0x5BF3,
    0x2A8F, 0x6334, 0x8418, 0x8C38, 0x83D6, 0x6271, 0x62D3, 0x5A10, 0x0001, 0x0001, 0x0001, 0x0001,
    0x0001, 0x0001, 0x0001, 0x0001, 0x51CE, 0x6B55, 0x51CE, 0x6B55, 0x6B55, 0x6B55, 0x6B55, 0x6B55,
    0x120E, 0x8D59, 0x8D59, 0x8D59, 0x8D59, 0x8D59, 0x8D59, 0x8D59, 0x8D59, 0x5BD2, 0x120E, 0x5BD2,
    0x8D59, 0x8D59, 0x8D59, 0xA63C, 0xA63C, 0xA63C, 0xA63C, 0xBEDE, 0xBEDE, 0xA63C, 0x8D59, 0x120E,
    0x6B55, 0x8C38, 0x8C38, 0x8C38, 0x8C38, 0x51CE, 0x6B55, 0x51CE, 0x0001, 0x0001, 0x0001, 0x0001,
    0x0001, 0x0001, 0x0001, 0x0001, 0x5A10, 0x62D3, 0x5A50, 0x6B14, 0x6B55, 0x6B55, 0x6B55, 0x5B14,
    0x2A8F, 0x53D2, 0x8518, 0x8D59, 0x8D59, 0x8D59, 0x8D59, 0x8D59, 0x8D59, 0x8D59, 0x8518, 0x6413,
    0x6413, 0x8538, 0xA61B, 0xA63C, 0xA63C, 0xA63C, 0xAE5C, 0xBEBE, 0xBEBE, 0x9DFB, 0x5BF3, 0x32B0,
    0x73D6, 0x8C38, 0x8C38, 0x8C38, 0x8418, 0x6B34, 0x5A10, 0x0001, 0x0001, 0x0001, 0x0001, 0x0001,
    0x0001, 0x0001, 0x0001, 0x0001, 0x0001, 0x51CE, 0x6B55, 0x6B55, 0x6B55, 0x6B55, 0x6B55, 0x6B55,
    0x6B55, 0x120E, 0x8D59, 0x8D59, 0x8D59, 0x8D59, 0x8D59, 0x8D59, 0x8D59, 0x8D59, 0x8D59, 0x8D59,
    0x8D59, 0xA63C, 0xA63C, 0xA63C, 0xA63C, 0xA63C, 0xA63C, 0xBEDE, 0xA63C, 0x8D59, 0x120E, 0x6B55,
    0x8C38, 0x8C38, 0x8C38, 0x8C38, 0x8C38, 0x6B55, 0x51CE, 0x0001, 0x0001, 0x0001, 0x0001, 0x0001,
    0x0001, 0x0001, 0x0001, 0x0001, 0x0001, 0x5A10, 0x6B14, 0x6B55, 0x6B55, 0x6B55, 0x6B55, 0x6B55,
    0x5B14, 0x2A8F, 0x53D2, 0x8518, 0x8D59, 0x8D59, 0x8D59, 0x8D59, 0x8D59, 0x8D59, 0x8D59, 0x8D79,
    0xA61B, 0xA63C, 0xA63C, 0xA63C, 0xA63C, 0xA63C, 0xA63C, 0xA63C, 0x9DDA, 0x5BF3, 0x32B0, 0x73D6,
    0x8C38, 0x8C38, 0x8C38, 0x8C38, 0x8418, 0x6B34, 0x5A10, 0x0001, 0x0001, 0x0001, 0x0001, 0x0001,
    0x0001, 0x0001, 0x0001, 0x0001, 0x0001, 0x51CE, 0x6B55, 0x6B55, 0x6B55, 0x6B55, 0x6B55, 0x6B55,
    0x6B55, 0x6B55, 0x120E, 0x5BD2, 0x8D59, 0x8D59, 0x8D59, 0x8D59, 0x8D59, 0x8D59, 0x8D59, 0x92B7,
    0x92B7, 0x92B7, 0xA63C, 0xA63C, 0xA63C, 0xA63C, 0xA63C, 0xA63C, 0x8D59, 0x120E, 0x6B55, 0x8C38,
    0x8C38, 0x8C38, 0x8C38, 0x8C38, 0x8C38, 0x6B55, 0x51CE, 0x0001, 0x0001, 0x0001, 0x0001, 0x0001,
    0x0001, 0x0001, 0x0001, 0x0001, 0x0001, 0x5A10, 0x6B14, 0x6B55, 0x6B55, 0x6B55, 0x6B55, 0x6B55,
    0x6B55, 0x5B14, 0x224F, 0x1A4E, 0x53D2, 0x8518, 0x8D59, 0x8D59, 0x7CB7, 0x5A0F, 0x516D, 0x518D,
    0x61CF, 0x61CF, 0x61AF, 0x8B16, 0xA59B, 0xA63C, 0xA61B, 0x7CF7, 0x228F, 0x224F, 0x6334, 0x8418,
    0x8C38, 0x8C38, 0x8C38, 0x8C38, 0x8418, 0x6B34, 0x5A10, 0x0001, 0x0001, 0x0001, 0x0001, 0x0001,
    0x0001, 0x0001, 0x0001, 0x0001, 0x0001, 0x51CE, 0x6B55, 0x6B55, 0x6B55, 0x6B55, 0x6B55, 0x6B55,
    0x6B55, 0x6B55, 0x120E, 0x4B2F, 0x120E, 0x5BD2, 0x8D59, 0x8D59, 0x8D59, 0x8D59, 0x92B7, 0x92B7,
    0xB3BB, 0x92B7, 0x92B7, 0xA63C, 0xA63C, 0xA63C, 0x8D59, 0x120E, 0x8D59, 0x120E, 0x6B55, 0x6B55,
    0x6B55, 0x8C38, 0x8C38, 0x8C38, 0x8C38, 0x6B55, 0x51CE, 0x0001, 0x0001, 0x0001, 0x0001, 0x0001,
    0x0001, 0x0001, 0x0001, 0x0001, 0x0001, 0x0001, 0x5A10, 0x6B14, 0x6B55, 0x6B55, 0x6B14, 0x5A0F,
    0x51CE, 0x49CE, 0x222E, 0x3AEF, 0x3AEF, 0x228E, 0x53D2, 0x8518, 0x8D59, 0x8D59, 0x84D7, 0x6A71,
    0x69F0, 0x7292, 0x9D7A, 0xA63C, 0xA61B, 0x7CF7, 0x3B31, 0x7CF7, 0x8D59, 0x32B0, 0x49CE, 0x51CE,
    0x5A0F, 0x6B14, 0x7376, 0x83F7, 0x6B34, 0x5A10, 0x0001, 0x0001, 0x0001, 0x0001, 0x0001, 0x0001,
    0x0001, 0x0001, 0x0001, 0x0001, 0x0001, 0x0001, 0x51CE, 0x6B55, 0x6B55, 0x51CE, 0x51CE, 0x0001,
    0x0001, 0x0001, 0x120E, 0x4B2F, 0x4B2F, 0x4B2F, 0x120E, 0x5BD2, 0x8D59, 0x8D59, 0x8D59, 0x8D59,
    0x8D59, 0xA63C, 0xA63C, 0xA63C, 0x8D59, 0x120E, 0x8D59, 0xA63C, 0xA63C, 0x120E, 0x0001, 0x0001,
    0x0001, 0x51CE, 0x51CE, 0x6B55, 0x6B55, 0x51CE, 0x0001, 0x0001, 0x0001, 0x0001, 0x0001, 0x0001,
    0x0001, 0x0001, 0x0001, 0x0001, 0x0001, 0x0001, 0x0001, 0x51CE, 0x51CE, 0x0001, 0x0001, 0x0001,
    0x0001, 0x0001, 0x1A6E, 0x4B71, 0x5BB1, 0x4B4F, 0x3AEF, 0x1A2E, 0x1A4E, 0x53D2, 0x8518, 0x8D79,
    0xA61B, 0xA61B, 0x7CF7, 0x228F, 0x228F, 0x7CF7, 0xA63C, 0xB69D, 0x959A, 0x2AF0, 0x0001, 0x0001,
    0x0001, 0x0001, 0x0001, 0x51CE, 0x51CE, 0x0001, 0x0001, 0x0001, 0x0001, 0x0001, 0x0001, 0x0001,
    0x0001, 0x0001, 0x0001, 0x0001, 0x0001, 0x0001, 0x0001, 0x51CE, 0x0001, 0x0001, 0x0001, 0x0001,
    0x0001, 0x120E, 0x4B2F, 0x5BD2, 0x5BD2, 0x5BD2, 0x4B2F, 0x4B2F, 0x4B2F, 0x120E, 0x120E, 0x120E,
    0x120E, 0x120E, 0x120E, 0x8D59, 0xA63C, 0xA63C, 0xBEDE, 0xBEDE, 0xA63C, 0x8D59, 0x120E, 0x0001,
    0x0001, 0x0001, 0x0001, 0x0001, 0x51CE, 0x0001, 0x0001, 0x0001, 0x0001, 0x0001, 0x0001, 0x0001,
    0x0001, 0x0001, 0x0001, 0x0001, 0x0001, 0x0001, 0x0001, 0x0001, 0x0001, 0x0001, 0x0001, 0x0001,
    0x0001, 0x1A4E, 0x430F, 0x5BB1, 0x5BD2, 0x5BD2, 0x5BB1, 0x4B50, 0x5BB1, 0x6413, 0x8518, 0x8D59,
    0x8D59, 0x8D79, 0xA61B, 0xA63C, 0xA63C, 0xAE5C, 0xBEBE, 0xBEBE, 0xA63C, 0x7CF7, 0x2AB0, 0x0001,
    0x0001, 0x0001, 0x0001, 0x0001, 0x0001, 0x0001, 0x0001, 0x0001, 0x0001, 0x0001, 0x0001, 0x0001,
  },
  {
    0x0001, 0x0001, 0x0001, 0x0001, 0x0001, 0x0001, 0x0001, 0x0001, 0x0001, 0x0001, 0x0001, 0x51CE,
    0x6B55, 0x6B55, 0x6B55, 0x6B55, 0x6B55, 0x6B55, 0x6B55, 0x6B55, 0x6B55, 0x6B55, 0x6B55, 0x6B55,
    0x6B55, 0x6B55, 0x6B55, 0x8C38, 0x8C38, 0x8C38, 0x8C38, 0x8C38, 0x8C38, 0x8C38, 0x6B55, 0x6B55,
    0x51CE, 0x0001, 0x0001, 0x0001, 0x0001, 0x0001, 0x0001, 0x0001, 0x0001, 0x0001, 0x0001, 0x0001,
    0x0001, 0x0001, 0x0001, 0x0001, 0x0001, 0x0001, 0x0001, 0x0001, 0x0001, 0x0001, 0x6292, 0x62D3,
    0x6B55, 0x6B55, 0x6B55, 0x6B55, 0x6B55, 0x6B55, 0x6B55, 0x6B55, 0x6B55, 0x6B55, 0x6B55, 0x7396,
    0x83F7, 0x8C38, 0x8C38, 0x8C38, 0x83F7, 0x7396, 0x6B55, 0x6B55, 0x7396, 0x83F7, 0x8C38, 0x83F7,
    0x6B14, 0x6292, 0x0001, 0x0001, 0x0001, 0x0001, 0x0001, 0x0001, 0x0001, 0x0001, 0x0001, 0x0001,
    0x0001, 0x0001, 0x0001, 0x0001, 0x0001, 0x0001, 0x0001, 0x0001, 0x0001, 0x51CE, 0x6B55, 0x6B55,
    0x6B55, 0x6B55, 0x6B55, 0x6B55, 0x6B55, 0x6B55, 0x6B55, 0x6B55, 0x6B55, 0x6B55, 0x8C38, 0x8C38,
    0x8C38, 0x8C38, 0x8C38, 0x8C38, 0x8C38, 0x6B55, 0x6B55, 0x6B55, 0x6B55, 0x6B55, 0x8C38, 0x8C38,
    0x8C38, 0x6B55, 0x51CE, 0x0001, 0x0001, 0x0001, 0x0001, 0x0001, 0x0001, 0x0001, 0x0001, 0x0001,
    0x0001, 0x0001, 0x0001, 0x0001, 0x0001, 0x0001, 0x0001, 0x0001, 0x6292, 0x62D3, 0x6B55, 0x6B55,
    0x6B55, 0x6B55, 0x6B55, 0x6B55, 0x6B55, 0x6B55, 0x6B55, 0x6B55, 0x7396, 0x83F7, 0x8C38, 0x8C38,
    0x8C38, 0x8C38, 0x8C38, 0x8C38, 0x8C38, 0x83F7, 0x7396, 0x6B55, 0x6B55, 0x6B55, 0x7396, 0x83F7,
    0x8C38, 0x83F7, 0x6B14, 0x6292, 0x0001, 0x0001, 0x0001, 0x0001, 0x0001, 0x0001, 0x0001, 0x0001,
    0x0001, 0x0001, 0x0001, 0x0001, 0x0001, 0x0001, 0x0001, 0x51CE, 0x6B55, 0x6B55, 0x6B55, 0x6B55,
    0x6B55, 0x6B55, 0x6B55, 0x6B55, 0x6B55, 0x6B55, 0x6B55, 0x6B55, 0x8C38, 0x8C38, 0x8C38, 0x8C38,
    0x8C38, 0x8C38, 0x8C38, 0x8C38, 0x8C38, 0x8C38, 0x8C38, 0x6B55, 0x6B55, 0x6B55, 0x6B55, 0x6B55,
    0x8C38, 0x8C38, 0x8C38, 0x6B55, 0x51CE, 0x0001, 0x0001, 0x0001, 0x0001, 0x0001, 0x0001, 0x0001,
    0x0001, 0x0001, 0x0001, 0x0001, 0x0001, 0x0001, 0x0001, 0x6292, 0x62D3, 0x6B55, 0x6B55, 0x6B55,
    0x6B55, 0x6B55, 0x6B55, 0x6B55, 0x6B55, 0x6B55, 0x6B55, 0x7396, 0x83F7, 0x8C38, 0x8C38, 0x8C38,
    0x8C38, 0x8C38, 0x8C38, 0x8C38, 0x8C38, 0x8C38, 0x8C38, 0x8C38, 0x8C38, 0x83F7, 0x7396, 0x7396,
    0x83F7, 0x8C38, 0x8C38, 0x7B75, 0x6B13, 0x0001, 0x0001, 0x0001, 0x0001, 0x0001, 0x0001, 0x0001,
    0x0001, 0x0001, 0x0001, 0x0001, 0x0001, 0x0001, 0x51CE, 0x6B55, 0x6B55, 0x6B55, 0x6B55, 0x6B55,
    0x6B55, 0x6B55, 0x6B55, 0x6B55, 0x6B55, 0x6B55, 0x6B55, 0x8C38, 0x8C38, 0x8C38, 0x8C38, 0x8C38,
    0x8C38, 0x8C38, 0x8C38, 0x8C38, 0x8C38, 0x8C38, 0x8C38, 0x8C38, 0x8C38, 0x8C38, 0x8C38, 0x6B55,
    0x8C38, 0x8C38, 0x8C38, 0x8C38, 0x6B55, 0x51CE, 0x0001, 0x0001, 0x0001, 0x0001, 0x0001, 0x0001,
    0x0001, 0x0001, 0x0001, 0x0001, 0x0001, 0x0001, 0x6292, 0x62D3, 0x6B55, 0x6B55, 0x6B55, 0x6B55,
    0x6B55, 0x6B55, 0x6B55, 0x6B55, 0x6B55, 0x6B55, 0x7396, 0x83F7, 0x8C38, 0x8C38, 0x8C38, 0x8C38,
    0x8C38, 0x8C38, 0x8C38, 0x8C38, 0x8C38, 0x8C38, 0x8C38, 0x8C38, 0x8C38, 0x8C38, 0x8C38, 0x8C38,
    0x8C38, 0x8C38, 0x8C38, 0x8C38, 0x7B75, 0x6B13, 0x0001, 0x0001, 0x0001, 0x0001, 0x0001, 0x0001,
    0x0001, 0x0001, 0x0001, 0x0001, 0x0001, 0x0001, 0x51CE, 0x6B55, 0x6B55, 0x6B55, 0x6B55, 0x6B55,
    0x6B55, 0x6B55, 0x6B55, 0x6B55, 0x6B55, 0x6B55, 0x6B55, 0x6B55, 0x8C38, 0x8C38, 0x8C38, 0x8C38,
    0x8C38, 0x8C38, 0x8C38, 0x8C38, 0x8C38, 0x8C38, 0x8C38, 0x8C38, 0x8C38, 0x8C38, 0x6B55, 0x8C38,
    0x6B55, 0x8C38, 0x8C38, 0x8C38, 0x8C38, 0x51CE, 0x0001, 0x0001, 0x0001, 0x0001, 0x0001, 0x0001,
    0x0001, 0x0001, 0x0001, 0x0001, 0x0001, 0x6292, 0x62D3, 0x6B55, 0x6B55, 0x6B55, 0x6B55, 0x6B55,
    0x6B55, 0x6B55, 0x6B55, 0x6B55, 0x6B55, 0x6B55, 0x6B55, 0x6B55, 0x6B55, 0x6B55, 0x7396, 0x83F7,
    0x8C38, 0x8C38, 0x8C38, 0x8C38, 0x8C38, 0x8C38, 0x8C38, 0x8C38, 0x8C38, 0x8C38, 0x83F7, 0x7396,
    0x7396, 0x83F7, 0x8C38, 0x8C38, 0x83F7, 0x6B14, 0x6292, 0x0001, 0x0001, 0x0001, 0x0001, 0x0001,
    0x0001, 0x0001, 0x0001, 0x0001, 0x0001, 0x51CE, 0x6B55, 0x6B55, 0x6B55, 0x6B55, 0x6B55, 0x6B55,
    0x6B55, 0x6B55, 0x6B55, 0x6B55, 0x6B55, 0x6B55, 0x6B55, 0x6B55, 0x6B55, 0x6B55, 0x6B55, 0x6B55,
    0x6B55, 0x6B55, 0x8C38, 0x8C38, 0x8C38, 0x8C38, 0x8C38, 0x8C38, 0x8C38, 0x8C38, 0x8C38, 0x8C38,
    0x6B55, 0x6B55, 0x8C38, 0x8C38, 0x8C38, 0x8C38, 0x51CE, 0x0001, 0x0001, 0x0001, 0x0001, 0x0001,
    0x0001, 0x0001, 0x0001, 0x0001, 0x0001, 0x6292, 0x62D3, 0x6B55, 0x6B55, 0x6B55, 0x6B55, 0x6B55,
    0x6B55, 0x6B55, 0x6B55, 0x6B55, 0x6B55, 0x6B55, 0x6B55, 0x62D3, 0x5A50, 0x51CE, 0x51CE, 0x51CE,
    0x51CE, 0x51CE, 0x5A50, 0x6B14, 0x83F7, 0x8C38, 0x8C38, 0x8C38, 0x8C38, 0x8C38, 0x8C38, 0x8C38,
    0x83F7, 0x83F7, 0x83F7, 0x8C38, 0x8C38, 0x7B75, 0x6B13, 0x0001, 0x0001, 0x0001, 0x0001, 0x0001,
    0x0001, 0x0001, 0x0001, 0x0001, 0x51CE, 0x6B55, 0x6B55, 0x6B55, 0x6B55, 0x6B55, 0x6B55, 0x6B55,
    0x6B55, 0x6B55, 0x6B55, 0x6B55, 0x6B55, 0x6B55, 0x51CE, 0x51CE, 0x4B2F, 0x4B2F, 0x4B2F, 0x4B2F,
    0x4B2F, 0x4B2F, 0x4B2F, 0x51CE, 0x6B55, 0x8C38, 0x8C38, 0x8C38, 0x8C38, 0x8C38, 0x8C38, 0x8C38,
    0x8C38, 0x6B55, 0x6B55, 0x8C38, 0x8C38, 0x8C38, 0x6B55, 0x51CE, 0x0001, 0x0001, 0x0001, 0x0001,
    0x0001, 0x0001, 0x0001, 0x0001, 0x6292, 0x62D3, 0x6B55, 0x6B55, 0x6B55, 0x6B55, 0x6B55, 0x6B55,
    0x6B55, 0x6B55, 0x6B55, 0x6B55, 0x62D3, 0x5AB1, 0x4AAF, 0x4B2F, 0x4B50, 0x5391, 0x5BD2, 0x5BD2,
    0x5BD2, 0x5BD2, 0x5391, 0x52F0, 0x5AB1, 0x6B14, 0x83F7, 0x8C38, 0x8C38, 0x8C38, 0x8C38, 0x8C38,
    0x8C38, 0x83F7, 0x83F7, 0x83F7, 0x8C38, 0x8C38, 0x7B75, 0x6B13, 0x0001, 0x0001, 0x0001, 0x0001,
    0x0001, 0x0001, 0x0001, 0x0001, 0x51CE, 0x6B55, 0x6B55, 0x6B55, 0x6B55, 0x6B55, 0x6B55, 0x6B55,
    0x6B55, 0x6B55, 0x6B55, 0x6B55, 0x51CE, 0x4B2F, 0x5BD2, 0x5BD2, 0x5BD2, 0x8D59, 0x8D59, 0x8D59,
    0x8D59, 0x8D59, 0x8D59, 0x5BD2, 0x5BD2, 0x51CE, 0x51CE, 0x8C38, 0x8C38, 0x8C38, 0x8C38, 0x8C38,
    0x8C38, 0x8C38, 0x6B55, 0x8C38, 0x8C38, 0x8C38, 0x8C38, 0x51CE, 0x0001, 0x0001, 0x0001, 0x0001,
    0x0001, 0x0001, 0x0001, 0x0001, 0x6292, 0x62D3, 0x6B55, 0x6B55, 0x6B55, 0x6B55, 0x6B55, 0x6B55,
    0x6B55, 0x6B55, 0x62D3, 0x5AB1, 0x52F0, 0x6413, 0x7CD6, 0x8D59, 0x959A, 0x9DFB, 0xA63C, 0xA63C,
    0xA63C, 0xA63C, 0x9DFB, 0x95BA, 0x7CD6, 0x63B3, 0x5AF2, 0x6B14, 0x83F7, 0x8C38, 0x8C38, 0x8C38,
    0x8C38, 0x8C38, 0x8C38, 0x8C38, 0x8C38, 0x8C38, 0x7B75, 0x6B13, 0x0001, 0x0001, 0x0001, 0x0001,
    0x0001, 0x0001, 0x0001, 0x0001, 0x51CE, 0x6B55, 0x6B55, 0x6B55, 0x6B55, 0x6B55, 0x6B55, 0x6B55,
    0x6B55, 0x6B55, 0x6B55, 0x51CE, 0x5BD2, 0x8D59, 0x8D59, 0x8D59, 0xA63C, 0xA63C, 0xA63C, 0xA63C,
    0xA63C, 0xBEDE, 0xBEDE, 0xBEDE, 0xA63C, 0x8D59, 0x5BD2, 0x51CE, 0x6B55, 0x8C38, 0x8C38, 0x8C38,
    0x8C38, 0x8C38, 0x8C38, 0x8C38, 0x8C38, 0x8C38, 0x8C38, 0x51CE, 0x0001, 0x0001, 0x0001, 0x0001,
    0x0001, 0x0001, 0x0001, 0x0001, 0x6292, 0x62D3, 0x6B55, 0x6B55, 0x6B55, 0x6B55, 0x6B55, 0x6B55,
    0x6B55, 0x62D3, 0x5AB1, 0x52F0, 0x6413, 0x7CD6, 0x959A, 0x9DFB, 0xA63C, 0xA63C, 0xA63C, 0xA63C,
    0xAE7D, 0xB69D, 0xBEDE, 0xBEDE, 0xB6BE, 0xA63C, 0x8517, 0x63B3, 0x5AF2, 0x6B14, 0x83F7, 0x8C38,
    0x8C38, 0x8C38, 0x8C38, 0x8C38, 0x8C38, 0x83F7, 0x6B14, 0x6292, 0x0001, 0x0001, 0x0001, 0x0001,
    0x0001, 0x0001, 0x0001, 0x0001, 0x51CE, 0x6B55, 0x6B55, 0x6B55, 0x6B55, 0x6B55, 0x6B55, 0x6B55,
    0x6B55, 0x51CE, 0x4B2F, 0x5BD2, 0x8D59, 0x8D59, 0x8D59, 0xA63C, 0xA63C, 0xA63C, 0xA63C, 0xA63C,
    0xA63C, 0xBEDE, 0xBEDE, 0xBEDE, 0xBEDE, 0xBEDE, 0xA63C, 0x8D59, 0x5BD2, 0x51CE, 0x51CE, 0x6B55,
    0x8C38, 0x8C38, 0x8C38, 0x8C38, 0x6B55, 0x8C38, 0x6B55, 0x51CE, 0x0001, 0x0001, 0x0001, 0x0001,
    0x0001, 0x0001, 0x0001, 0x6292, 0x62D3, 0x6B55, 0x6B55, 0x6B55, 0x62D3, 0x62D3, 0x62D3, 0x62D3,
    0x5AB1, 0x52F0, 0x5391, 0x6C54, 0x7CD6, 0x8D59, 0x959A, 0x9DFB, 0xA63C, 0xA63C, 0xA63C, 0xA63C,
    0xA63C, 0xAE7D, 0xB69D, 0xBEDE, 0xB6BE, 0xAE7D, 0x9DFB, 0x95BA, 0x7CD6, 0x6413, 0x52F0, 0x5AB1,
    0x6B14, 0x83F7, 0x7B75, 0x7B75, 0x7B75, 0x83F7, 0x7396, 0x62D3, 0x6292, 0x0001, 0x0001, 0x0001,
    0x0001, 0x0001, 0x0001, 0x51CE, 0x6B55, 0x6B55, 0x6B55, 0x6B55, 0x6B55, 0x6B55, 0x51CE, 0x51CE,
    0x4B2F, 0x5BD2, 0x5BD2, 0x5BD2, 0x8D59, 0x8D59, 0x8D59, 0xA63C, 0xA63C, 0xA63C, 0xA63C, 0xA63C,
    0xA63C, 0xA63C, 0xA63C, 0xA63C, 0xA63C, 0xA63C, 0xA63C, 0x8D59, 0x8D59, 0x8D59, 0x5BD2, 0x4B2F,
    0x51CE, 0x51CE, 0x51CE, 0x6B55, 0x8C38, 0x8C38, 0x6B55, 0x6B55, 0x51CE, 0x0001, 0x0001, 0x0001,
    0x0001, 0x0001, 0x0001, 0x6292, 0x62D3, 0x6B55, 0x6B55, 0x6B55, 0x6B55, 0x6B55, 0x6333, 0x5B72,
    0x5391, 0x5391, 0x4B50, 0x4B2F, 0x5BF2, 0x7495, 0x8D59, 0x959A, 0x9DFB, 0xA63C, 0xA63C, 0xA63C,
    0xA63C, 0xA63C, 0xA63C, 0xA63C, 0xA63C, 0x9DFB, 0x7CF6, 0x5BF2, 0x4B2F, 0x4B50, 0x5391, 0x5391,
    0x52F0, 0x5AB1, 0x6B14, 0x83F7, 0x83F7, 0x7396, 0x6B55, 0x62D3, 0x6292, 0x0001, 0x0001, 0x0001,
    0x0001, 0x0001, 0x0001, 0x51CE, 0x6B55, 0x6B55, 0x51CE, 0x6B55, 0x6B55, 0x6B55, 0x51CE, 0x5BD2,
    0x4B2F, 0x520F, 0x520F, 0x520F, 0x520F, 0x520F, 0x4B2F, 0x8D59, 0x8D59, 0xA63C, 0xA63C, 0xA63C,
    0xA63C, 0xA63C, 0xA63C, 0xA63C, 0x8D59, 0x4B2F, 0x520F, 0x520F, 0x520F, 0x520F, 0x520F, 0x4B2F,
    0x5BD2, 0x4B2F, 0x51CE, 0x6B55, 0x6B55, 0x51CE, 0x6B55, 0x6B55, 0x51CE, 0x0001, 0x0001, 0x0001,
    0x0001, 0x0001, 0x0001, 0x6292, 0x62D3, 0x4AD3, 0x4250, 0x4250, 0x5A50, 0x5AB1, 0x524F, 0x526F,
    0x526F, 0x4ACF, 0x4B50, 0x5391, 0x5391, 0x52F0, 0x526F, 0x6332, 0x8497, 0x9DFB, 0xA63C, 0xA63C,
    0xA63C, 0xA63C, 0x9DFB, 0x8497, 0x6332, 0x526F, 0x52F0, 0x5391, 0x5391, 0x4B50, 0x4ACF, 0x526F,
    0x526F, 0x3A6F, 0x3A4E, 0x39EE, 0x39CE, 0x4250, 0x4AD3, 0x62D3, 0x6292, 0x0001, 0x0001, 0x0001,
    0x0001, 0x0001, 0x0001, 0x51CE, 0x6B55, 0x6B55, 0x120E, 0x8D59, 0x6B55, 0x51CE, 0x520F, 0x4B2F,
    0x4B2F, 0x39C9, 0x39C9, 0x39C9, 0x39C9, 0x5BD2, 0x4B2F, 0x5BD2, 0x520F, 0x8D59, 0xA63C, 0xA63C,
    0xA63C, 0xA63C, 0x8D59, 0x520F, 0x5BD2, 0x4B2F, 0x5BD2, 0x39C9, 0x39C9, 0x39C9, 0x39C9, 0x4B2F,
    0x4B2F, 0x520F, 0x4B2F, 0x120E, 0x8D59, 0x120E, 0x6B55, 0x6B55, 0x51CE, 0x0001, 0x0001, 0x0001,
    0x0001, 0x0001, 0x0001, 0x6292, 0x4250, 0x63D5, 0x74D7, 0x8CB7, 0x6BB3, 0x4AAF, 0x42AD, 0x3A4B,
    0x39C9, 0x39C9, 0x39C9, 0x39C9, 0x39C9, 0x39C9, 0x3A4B, 0x4AEE, 0x6413, 0x8517, 0x9DFB, 0xA63C,
    0xA63C, 0xA63C, 0x9DFB, 0x7CF6, 0x5B70, 0x3A4B, 0x39C9, 0x39C9, 0x39C9, 0x39C9, 0x39C9, 0x39C9,
    0x3A4B, 0x42AD, 0x32CF, 0x4B92, 0x6C96, 0x6C96, 0x63D5, 0x4250, 0x6292, 0x0001, 0x0001, 0x0001,
    0x0001, 0x0001, 0x0001, 0x51CE, 0x6B55, 0x120E, 0xA63C, 0x120E, 0x8D59, 0x120E, 0x4B2F, 0x4B2F,
    0x39C9, 0xD6DC, 0x19CD, 0x2A71, 0x7C35, 0x39C9, 0x5BD2, 0x5BD2, 0x5BD2, 0x5BD2, 0x8D59, 0xA63C,
    0xA63C, 0xA63C, 0xA63C, 0x5BD2, 0x5BD2, 0x5BD2, 0x39C9, 0x7C35, 0x2A71, 0x19CD, 0xD6DC, 0x39C9,
    0x4B2F, 0x4B2F, 0x120E, 0x5BD2, 0x120E, 0xA63C, 0x120E, 0x6B55, 0x51CE, 0x0001, 0x0001, 0x0001,
    0x0001, 0x0001, 0x0001, 0x6292, 0x4250, 0x63D5, 0x4372, 0x4372, 0x120E, 0x226E, 0x324D, 0x3A4B,
    0x6B70, 0x6371, 0x5BB3, 0x21EE, 0x5BB3, 0x7CB6, 0xA5DA, 0x7CD6, 0x6C54, 0x5BD2, 0x7495, 0x8D78,
    0xA63C, 0xA63C, 0xA63C, 0x9DFB, 0x95BA, 0xA5DA, 0x7CB6, 0x5BB3, 0x21EE, 0x5BB3, 0x6371, 0x6B70,
    0x3A4B, 0x324D, 0x226E, 0x120E, 0x4372, 0x4372, 0x63D5, 0x4250, 0x6292, 0x0001, 0x0001, 0x0001,
    0x0001, 0x0001, 0x0001, 0x51CE, 0x6B55, 0x120E, 0x8D59, 0x120E, 0x6434, 0x120E, 0x4B2F, 0x4B2F,
    0x39C9, 0xBE1A, 0x19CD, 0x19CD, 0x19CD, 0xD6DC, 0xA63C, 0x8D59, 0x8D59, 0x5BD2, 0x4B2F, 0xA63C,
    0xA63C, 0xA63C, 0xA63C, 0xA63C, 0xA63C, 0x8D59, 0xD6DC, 0x19CD, 0x19CD, 0x19CD, 0xBE1A, 0x39C9,
    0x4B2F, 0x4B2F, 0x120E, 0x6434, 0x120E, 0xA63C, 0x120E, 0x6B55, 0x51CE, 0x0001, 0x0001, 0x0001,
    0x0001, 0x0001, 0x0001, 0x6292, 0x62D3, 0x4AD3, 0x5394, 0x53D3, 0x53D3, 0x3B10, 0x324D, 0x5B70,
    0x6C34, 0x8D59, 0x959A, 0x9DFB, 0xA63C, 0xA63C, 0xA63C, 0x9DFB, 0x8517, 0x6413, 0x6C54, 0x8537,
    0xA63C, 0xA63C, 0xA63C, 0xA63C, 0xA63C, 0xA63C, 0xA63C, 0xA63C, 0xA63C, 0x9DFB, 0x8517, 0x5BB1,
    0x4AEE, 0x324D, 0x3B10, 0x5C34, 0x5C34, 0x63D5, 0x4AD3, 0x62D3, 0x6292, 0x0001, 0x0001, 0x0001,
    0x0001, 0x0001, 0x0001, 0x51CE, 0x6B55, 0x6B55, 0x120E, 0x8D59, 0x120E, 0x120E, 0x4B2F, 0x8D59,
    0x8D59, 0xA63C, 0xA63C, 0xA63C, 0xA63C, 0xBEDE, 0xBEDE, 0xBEDE, 0xA63C, 0x8D59, 0x4B2F, 0xA63C,
    0xA63C, 0xBEDE, 0xA63C, 0xA63C, 0xA63C, 0xA63C, 0xBEDE, 0xBEDE, 0xBEDE, 0xBEDE, 0xA63C, 0x8D59,
    0x5BD2, 0x4B2F, 0x120E, 0x120E, 0xA63C, 0x120E, 0x6B55, 0x6B55, 0x51CE, 0x0001, 0x0001, 0x0001,
    0x0001, 0x0001, 0x0001, 0x6292, 0x62D3, 0x6B55, 0x4AD3, 0x2A70, 0x3B31, 0x3B31, 0x6435, 0x6435,
    0x959A, 0x9DFB, 0xA63C, 0xA63C, 0xAE7D, 0xB69D, 0xBEDE, 0xB6BE, 0xA63C, 0x8517, 0x8517, 0x8D78,
    0xAE7D, 0xB69D, 0xB6BE, 0xAE7D, 0xA63C, 0xAE7D, 0xB69D, 0xBEDE, 0xBEDE, 0xBEDE, 0xB6BE, 0x9599,
    0x5C14, 0x4330, 0x2AAF, 0x2AAF, 0x2A70, 0x4AD3, 0x6B55, 0x62D3, 0x6292, 0x0001, 0x0001, 0x0001,
    0x0001, 0x0001, 0x0001, 0x51CE, 0x6B55, 0x6B55, 0x6B55, 0x120E, 0xA63C, 0xA63C, 0x120E, 0x5BD2,
    0x8D59, 0x8D59, 0xA63C, 0xA63C, 0xA63C, 0xA63C, 0xBEDE, 0xBEDE, 0x8D59, 0x8D59, 0x5BD2, 0xA63C,
    0xA63C, 0xBEDE, 0xBEDE, 0xBEDE, 0xA63C, 0xA63C, 0xBEDE, 0xBEDE, 0xBEDE, 0xBEDE, 0xBEDE, 0xA63C,
    0x5BD2, 0x120E, 0x8D59, 0xA63C, 0x120E, 0x6B55, 0x6B55, 0x6B55, 0x51CE, 0x0001, 0x0001, 0x0001,
    0x0001, 0x0001, 0x0001, 0x0001, 0x6292, 0x62D3, 0x62D3, 0x4250, 0x5B52, 0x4372, 0x5C14, 0x53B3,
    0x7CD6, 0x8D59, 0x959A, 0x9DFB, 0xA63C, 0xA63C, 0xA63C, 0x9DFB, 0x8517, 0x53B3, 0x5C14, 0x74D7,
    0xA63C, 0xAE7D, 0xB69D, 0xB6BE, 0xAE7D, 0xAE7D, 0xB69D, 0xBEDE, 0xBEDE, 0xBEDE, 0xAE5C, 0x8D58,
    0x53B3, 0x5C14, 0x4372, 0x5B52, 0x4250, 0x62D3, 0x62D3, 0x6292, 0x0001, 0x0001, 0x0001, 0x0001,
    0x0001, 0x0001, 0x0001, 0x0001, 0x51CE, 0x6B55, 0x51CE, 0x6B55, 0x6B55, 0x120E, 0x120E, 0x120E,
    0x8D59, 0x8D59, 0x8D59, 0x8D59, 0xA63C, 0xA63C, 0xA63C, 0x8D59, 0x5BD2, 0x120E, 0x120E, 0xA63C,
    0xA63C, 0xA63C, 0xBEDE, 0xA63C, 0xA63C, 0xA63C, 0xBEDE, 0xBEDE, 0xBEDE, 0xBEDE, 0xA63C, 0x8D59,
    0x120E, 0x120E, 0x120E, 0x8C38, 0x6B55, 0x51CE, 0x6B55, 0x51CE, 0x0001, 0x0001, 0x0001, 0x0001,
    0x0001, 0x0001, 0x0001, 0x0001, 0x6292, 0x5A50, 0x62D3, 0x62D3, 0x6B55, 0x6B55, 0x4AD3, 0x4B11,
    0x53B3, 0x7CD6, 0x8D59, 0x8D59, 0x8D59, 0x8D59, 0x8D59, 0x7CD6, 0x53B3, 0x2AAF, 0x3B31, 0x6C96,
    0x9DFB, 0xA63C, 0xA63C, 0xA63C, 0xA63C, 0xA63C, 0xAE7D, 0xB69D, 0xBEDE, 0xB6BE, 0x9599, 0x5C14,
    0x4B11, 0x5B34, 0x83F7, 0x8C38, 0x7B75, 0x6B14, 0x5A50, 0x6292, 0x0001, 0x0001, 0x0001, 0x0001,
    0x0001, 0x0001, 0x0001, 0x0001, 0x51CE, 0x6B55, 0x51CE, 0x6B55, 0x6B55, 0x6B55, 0x6B55, 0x6B55,
    0x120E, 0x8D59, 0x8D59, 0x8D59, 0x8D59, 0x8D59, 0x8D59, 0x8D59, 0x8D59, 0x5BD2, 0x120E, 0x5BD2,
    0x8D59, 0x8D59, 0x8D59, 0xA63C, 0xA63C, 0xA63C, 0xA63C, 0xBEDE, 0xBEDE, 0xA63C, 0x8D59, 0x120E,
    0x6B55, 0x8C38, 0x8C38, 0x8C38, 0x8C38, 0x51CE, 0x6B55, 0x51CE, 0x0001, 0x0001, 0x0001, 0x0001,
    0x0001, 0x0001, 0x0001, 0x0001, 0x6292, 0x5A50, 0x62D3, 0x62D3, 0x6B55, 0x6B55, 0x6B55, 0x4AD3,
    0x4B11, 0x53B3, 0x7CD6, 0x8D59, 0x8D59, 0x8D59, 0x8D59, 0x8D59, 0x8D59, 0x8D59, 0x7CD6, 0x6C54,
    0x6C54, 0x8517, 0x9DFB, 0xA63C, 0xA63C, 0xA63C, 0xAE7D, 0xB69D, 0xB6BE, 0x9599, 0x5C14, 0x5352,
    0x6374, 0x8C38, 0x8C38, 0x8C38, 0x83F7, 0x6B14, 0x6292, 0x0001, 0x0001, 0x0001, 0x0001, 0x0001,
    0x0001, 0x0001, 0x0001, 0x0001, 0x0001, 0x51CE, 0x6B55, 0x6B55, 0x6B55, 0x6B55, 0x6B55, 0x6B55,
    0x6B55, 0x120E, 0x8D59, 0x8D59, 0x8D59, 0x8D59, 0x8D59, 0x8D59, 0x8D59, 0x8D59, 0x8D59, 0x8D59,
    0x8D59, 0xA63C, 0xA63C, 0xA63C, 0xA63C, 0xA63C, 0xA63C, 0xBEDE, 0xA63C, 0x8D59, 0x120E, 0x6B55,
    0x8C38, 0x8C38, 0x8C38, 0x8C38, 0x8C38, 0x6B55, 0x51CE, 0x0001, 0x0001, 0x0001, 0x0001, 0x0001,
    0x0001, 0x0001, 0x0001, 0x0001, 0x0001, 0x6292, 0x62D3, 0x6B55, 0x6B55, 0x6B55, 0x6B55, 0x6B55,
    0x4AD3, 0x4B11, 0x53B3, 0x7CD6, 0x8D59, 0x8D59, 0x8D59, 0x8D59, 0x8D59, 0x8D59, 0x8D59, 0x959A,
    0x9DFB, 0xA63C, 0xA63C, 0xA63C, 0xA63C, 0xA63C, 0xA63C, 0xA63C, 0x8D78, 0x5C14, 0x5352, 0x6374,
    0x8C38, 0x8C38, 0x8C38, 0x8C38, 0x83F7, 0x6B14, 0x6292, 0x0001, 0x0001, 0x0001, 0x0001, 0x0001,
    0x0001, 0x0001, 0x0001, 0x0001, 0x0001, 0x51CE, 0x6B55, 0x6B55, 0x6B55, 0x6B55, 0x6B55, 0x6B55,
    0x6B55, 0x6B55, 0x120E, 0x5BD2, 0x8D59, 0x8D59, 0x8D59, 0x8D59, 0x8D59, 0x8D59, 0x8D59, 0x92B7,
    0x92B7, 0x92B7, 0xA63C, 0xA63C, 0xA63C, 0xA63C, 0xA63C, 0xA63C, 0x8D59, 0x120E, 0x6B55, 0x8C38,
    0x8C38, 0x8C38, 0x8C38, 0x8C38, 0x8C38, 0x6B55, 0x51CE, 0x0001, 0x0001, 0x0001, 0x0001, 0x0001,
    0x0001, 0x0001, 0x0001, 0x0001, 0x0001, 0x6292, 0x62D3, 0x6B55, 0x6B55, 0x6B55, 0x6B55, 0x6B55,
    0x6B55, 0x4AD3, 0x2A70, 0x2AAF, 0x53B3, 0x7CD6, 0x8D59, 0x8D59, 0x7415, 0x62D1, 0x59AE, 0x494B,
    0x494B, 0x494B, 0x59AE, 0x8375, 0xA51A, 0xA63C, 0x9DFB, 0x6C96, 0x3B31, 0x2A70, 0x5B34, 0x83F7,
    0x8C38, 0x8C38, 0x8C38, 0x8C38, 0x83F7, 0x6B14, 0x6292, 0x0001, 0x0001, 0x0001, 0x0001, 0x0001,
    0x0001, 0x0001, 0x0001, 0x0001, 0x0001, 0x51CE, 0x6B55, 0x6B55, 0x6B55, 0x6B55, 0x6B55, 0x6B55,
    0x6B55, 0x6B55, 0x120E, 0x4B2F, 0x120E, 0x5BD2, 0x8D59, 0x8D59, 0x8D59, 0x8D59, 0x8275, 0x516C,
    0x516C, 0x516C, 0x8275, 0xA63C, 0xA63C, 0xA63C, 0x8D59, 0x120E, 0x8D59, 0x120E, 0x6B55, 0x6B55,
    0x6B55, 0x8C38, 0x8C38, 0x8C38, 0x8C38, 0x6B55, 0x51CE, 0x0001, 0x0001, 0x0001, 0x0001, 0x0001,
    0x0001, 0x0001, 0x0001, 0x0001, 0x0001, 0x0001, 0x6292, 0x62D3, 0x6B55, 0x6B55, 0x62D3, 0x5A50,
    0x51CE, 0x39CE, 0x3A4E, 0x32CE, 0x32CF, 0x3AEF, 0x53B3, 0x7CD6, 0x8D59, 0x8D59, 0x7C36, 0x7313,
    0xB3BB, 0x7B54, 0x94B8, 0xA63C, 0x9DFB, 0x6C96, 0x6435, 0x6C96, 0x6C96, 0x5B52, 0x39EE, 0x51CE,
    0x5A50, 0x62D3, 0x7396, 0x7396, 0x6B14, 0x6292, 0x0001, 0x0001, 0x0001, 0x0001, 0x0001, 0x0001,
    0x0001, 0x0001, 0x0001, 0x0001, 0x0001, 0x0001, 0x51CE, 0x6B55, 0x6B55, 0x51CE, 0x51CE, 0x0001,
    0x0001, 0x0001, 0x120E, 0x4B2F, 0x4B2F, 0x4B2F, 0x120E, 0x5BD2, 0x8D59, 0x8D59, 0x8D59, 0x8D59,
    0x8D59, 0xA63C, 0xA63C, 0xA63C, 0x8D59, 0x120E, 0x8D59, 0xA63C, 0xA63C, 0x120E, 0x0001, 0x0001,
    0x0001, 0x51CE, 0x51CE, 0x6B55, 0x6B55, 0x51CE, 0x0001, 0x0001, 0x0001, 0x0001, 0x0001, 0x0001,
    0x0001, 0x0001, 0x0001, 0x0001, 0x0001, 0x0001, 0x0001, 0x51CE, 0x51CE, 0x0001, 0x0001, 0x0001,
    0x0001, 0x0001, 0x32F0, 0x4330, 0x5391, 0x4B50, 0x32CF, 0x226E, 0x2AAF, 0x53B3, 0x7CD6, 0x959A,
    0x9DFB, 0x9DFB, 0x6C96, 0x3B31, 0x3B31, 0x6C96, 0xA61C, 0xAE7D, 0x7D18, 0x5C35, 0x0001, 0x0001,
    0x0001, 0x0001, 0x0001, 0x51CE, 0x51CE, 0x0001, 0x0001, 0x0001, 0x0001, 0x0001, 0x0001, 0x0001,
    0x0001, 0x0001, 0x0001, 0x0001, 0x0001, 0x0001, 0x0001, 0x51CE, 0x0001, 0x0001, 0x0001, 0x0001,
    0x0001, 0x120E, 0x4B2F, 0x5BD2, 0x5BD2, 0x5BD2, 0x4B2F, 0x4B2F, 0x4B2F, 0x120E, 0x120E, 0x120E,
    0x120E, 0x120E, 0x120E, 0x8D59, 0xA63C, 0xA63C, 0xBEDE, 0xBEDE, 0xA63C, 0x8D59, 0x120E, 0x0001,
    0x0001, 0x0001, 0x0001, 0x0001, 0x51CE, 0x0001, 0x0001, 0x0001, 0x0001, 0x0001, 0x0001, 0x0001,
    0x0001, 0x0001, 0x0001, 0x0001, 0x0001, 0x0001, 0x0001, 0x0001, 0x0001, 0x0001, 0x0001, 0x0001,
    0x0001, 0x2A8E, 0x3AEF, 0x5391, 0x5BD2, 0x5BD2, 0x5391, 0x5391, 0x5391, 0x6C54, 0x7CD6, 0x8D59,
    0x8D59, 0x959A, 0x9DFB, 0xA63C, 0xA63C, 0xAE7D, 0xB69D, 0xB6BE, 0xA63C, 0x6C96, 0x4BB3, 0x0001,
    0x0001, 0x0001, 0x0001, 0x0001, 0x0001, 0x0001, 0x0001, 0x0001, 0x0001, 0x0001, 0x0001, 0x0001,
  },
  {
    0x0001, 0x0001, 0x0001, 0x0001, 0x0001, 0x0001, 0x0001, 0x0001, 0x0001, 0x0001, 0x0001, 0x51CE,
    0x6B55, 0x6B55, 0x6B55, 0x6B55, 0x6B55, 0x6B55, 0x6B55, 0x6B55, 0x6B55, 0x6B55, 0x6B55, 0x6B55,
    0x6B55, 0x6B55, 0x6B55, 0x8C38, 0x8C38, 0x8C38, 0x8C38, 0x8C38, 0x8C38, 0x8C38, 0x6B55, 0x6B55,
    0x51CE, 0x0001, 0x0001, 0x0001, 0x0001, 0x0001, 0x0001, 0x0001, 0x0001, 0x0001, 0x0001, 0x0001,
    0x0001, 0x0001, 0x0001, 0x0001, 0x0001, 0x0001, 0x0001, 0x0001, 0x0001, 0x0001, 0x62B2, 0x62F3,
    0x6AF4, 0x6B55, 0x6B55, 0x6B55, 0x6B55, 0x6B55, 0x6B55, 0x6B55, 0x6B55, 0x6B55, 0x7376, 0x7B96,
    0x83D7, 0x8417, 0x8C38, 0x8417, 0x83D7, 0x7B96, 0x7376, 0x7376, 0x7B96, 0x83D7, 0x83D7, 0x7B96,
    0x7355, 0x6AF3, 0x0001, 0x0001, 0x0001, 0x0001, 0x0001, 0x0001, 0x0001, 0x0001, 0x0001, 0x0001,
    0x0001, 0x0001, 0x0001, 0x0001, 0x0001, 0x0001, 0x0001, 0x0001, 0x0001, 0x51CE, 0x6B55, 0x6B55,
    0x6B55, 0x6B55, 0x6B55, 0x6B55, 0x6B55, 0x6B55, 0x6B55, 0x6B55, 0x6B55, 0x6B55, 0x8C38, 0x8C38,
    0x8C38, 0x8C38, 0x8C38, 0x8C38, 0x8C38, 0x6B55, 0x6B55, 0x6B55, 0x6B55, 0x6B55, 0x8C38, 0x8C38,
    0x8C38, 0x6B55, 0x51CE, 0x0001, 0x0001, 0x0001, 0x0001, 0x0001, 0x0001, 0x0001, 0x0001, 0x0001,
    0x0001, 0x0001, 0x0001, 0x0001, 0x0001, 0x0001, 0x0001, 0x0001, 0x62B2, 0x62F3, 0x6AF4, 0x6B55,
    0x6B55, 0x6B55, 0x6B55, 0x6B55, 0x6B55, 0x6B55, 0x6B55, 0x7376, 0x7B96, 0x83D7, 0x8417, 0x8C38,
    0x8C38, 0x8C38, 0x8C38, 0x8C38, 0x8417, 0x83D7, 0x7B96, 0x7376, 0x6B55, 0x7376, 0x7B96, 0x83D7,
    0x83D7, 0x7B96, 0x7355, 0x6AF3, 0x0001, 0x0001, 0x0001, 0x0001, 0x0001, 0x0001, 0x0001, 0x0001,
    0x0001, 0x0001, 0x0001, 0x0001, 0x0001, 0x0001, 0x0001, 0x51CE, 0x6B55, 0x6B55, 0x6B55, 0x6B55,
    0x6B55, 0x6B55, 0x6B55, 0x6B55, 0x6B55, 0x6B55, 0x6B55, 0x6B55, 0x8C38, 0x8C38, 0x8C38, 0x8C38,
    0x8C38, 0x8C38, 0x8C38, 0x8C38, 0x8C38, 0x8C38, 0x8C38, 0x6B55, 0x6B55, 0x6B55, 0x6B55, 0x6B55,
    0x8C38, 0x8C38, 0x8C38, 0x6B55, 0x51CE, 0x0001, 0x0001, 0x0001, 0x0001, 0x0001, 0x0001, 0x0001,
    0x0001, 0x0001, 0x0001, 0x0001, 0x0001, 0x0001, 0x0001, 0x62B2, 0x62F3, 0x6AF4, 0x6B55, 0x6B55,
    0x6B55, 0x6B55, 0x6B55, 0x6B55, 0x6B55, 0x6B55, 0x7376, 0x7B96, 0x83D7, 0x8417, 0x8C38, 0x8C38,
    0x8C38, 0x8C38, 0x8C38, 0x8C38, 0x8C38, 0x8C38, 0x8C38, 0x8C38, 0x8417, 0x83D7, 0x7BD7, 0x7BD7,
    0x83D7, 0x8417, 0x83D6, 0x7BB6, 0x7354, 0x0001, 0x0001, 0x0001, 0x0001, 0x0001, 0x0001, 0x0001,
    0x0001, 0x0001, 0x0001, 0x0001, 0x0001, 0x0001, 0x51CE, 0x6B55, 0x6B55, 0x6B55, 0x6B55, 0x6B55,
    0x6B55, 0x6B55, 0x6B55, 0x6B55, 0x6B55, 0x6B55, 0x6B55, 0x8C38, 0x8C38, 0x8C38, 0x8C38, 0x8C38,
    0x8C38, 0x8C38, 0x8C38, 0x8C38, 0x8C38, 0x8C38, 0x8C38, 0x8C38, 0x8C38, 0x8C38, 0x8C38, 0x6B55,
    0x8C38, 0x8C38, 0x8C38, 0x8C38, 0x6B55, 0x51CE, 0x0001, 0x0001, 0x0001, 0x0001, 0x0001, 0x0001,
    0x0001, 0x0001, 0x0001, 0x0001, 0x0001, 0x0001, 0x62B2, 0x62F3, 0x6AF4, 0x6B55, 0x6B55, 0x6B55,
    0x6B55, 0x6B55, 0x6B55, 0x6B55, 0x6B55, 0x7376, 0x7B96, 0x83D7, 0x8417, 0x8C38, 0x8C38, 0x8C38,
    0x8C38, 0x8C38, 0x8C38, 0x8C38, 0x8C38, 0x8C38, 0x8C38, 0x8C38, 0x8C38, 0x8C38, 0x8C38, 0x8C38,
    0x8C38, 0x8C38, 0x8C38, 0x83D6, 0x7BB6, 0x7354, 0x0001, 0x0001, 0x0001, 0x0001, 0x0001, 0x0001,
    0x0001, 0x0001, 0x0001, 0x0001, 0x0001, 0x0001, 0x51CE, 0x6B55, 0x6B55, 0x6B55, 0x6B55, 0x6B55,
    0x6B55, 0x6B55, 0x6B55, 0x6B55, 0x6B55, 0x6B55, 0x6B55, 0x6B55, 0x8C38, 0x8C38, 0x8C38, 0x8C38,
    0x8C38, 0x8C38, 0x8C38, 0x8C38, 0x8C38, 0x8C38, 0x8C38, 0x8C38, 0x8C38, 0x8C38, 0x6B55, 0x8C38,
    0x6B55, 0x8C38, 0x8C38, 0x8C38, 0x8C38, 0x51CE, 0x0001, 0x0001, 0x0001, 0x0001, 0x0001, 0x0001,
    0x0001, 0x0001, 0x0001, 0x0001, 0x0001, 0x62B2, 0x62F3, 0x6AF4, 0x6B55, 0x6B55, 0x6B55, 0x6B55,
    0x6B55, 0x6B55, 0x6B55, 0x6B55, 0x6B55, 0x6B55, 0x6B55, 0x6B55, 0x6B55, 0x7376, 0x7B96, 0x83D7,
    0x8417, 0x8C38, 0x8C38, 0x8C38, 0x8C38, 0x8C38, 0x8C38, 0x8C38, 0x8C38, 0x8417, 0x83D7, 0x7BD7,
    0x7BD7, 0x83D7, 0x8417, 0x8417, 0x7B96, 0x7355, 0x6AF3, 0x0001, 0x0001, 0x0001, 0x0001, 0x0001,
    0x0001, 0x0001, 0x0001, 0x0001, 0x0001, 0x51CE, 0x6B55, 0x6B55, 0x6B55, 0x6B55, 0x6B55, 0x6B55,
    0x6B55, 0x6B55, 0x6B55, 0x6B55, 0x6B55, 0x6B55, 0x6B55, 0x6B55, 0x6B55, 0x6B55, 0x6B55, 0x6B55,
    0x6B55, 0x6B55, 0x8C38, 0x8C38, 0x8C38, 0x8C38, 0x8C38, 0x8C38, 0x8C38, 0x8C38, 0x8C38, 0x8C38,
    0x6B55, 0x6B55, 0x8C38, 0x8C38, 0x8C38, 0x8C38, 0x51CE, 0x0001, 0x0001, 0x0001, 0x0001, 0x0001,
    0x0001, 0x0001, 0x0001, 0x0001, 0x0001, 0x62B2, 0x62F3, 0x6AF4, 0x6B55, 0x6B55, 0x6B55, 0x6B55,
    0x6B55, 0x6B55, 0x6B55, 0x6B55, 0x6B55, 0x6B55, 0x6AF4, 0x62B2, 0x5A51, 0x5A0F, 0x51CE, 0x51CE,
    0x51CE, 0x5A0F, 0x6291, 0x6B14, 0x7B96, 0x8417, 0x8C38, 0x8C38, 0x8C38, 0x8C38, 0x8C38, 0x8417,
    0x8417, 0x83F7, 0x8417, 0x8417, 0x83D6, 0x7BB6, 0x7354, 0x0001, 0x0001, 0x0001, 0x0001, 0x0001,
    0x0001, 0x0001, 0x0001, 0x0001, 0x51CE, 0x6B55, 0x6B55, 0x6B55, 0x6B55, 0x6B55, 0x6B55, 0x6B55,
    0x6B55, 0x6B55, 0x6B55, 0x6B55, 0x6B55, 0x6B55, 0x51CE, 0x51CE, 0x4B2F, 0x4B2F, 0x4B2F, 0x4B2F,
    0x4B2F, 0x4B2F, 0x4B2F, 0x51CE, 0x6B55, 0x8C38, 0x8C38, 0x8C38, 0x8C38, 0x8C38, 0x8C38, 0x8C38,
    0x8C38, 0x6B55, 0x6B55, 0x8C38, 0x8C38, 0x8C38, 0x6B55, 0x51CE, 0x0001, 0x0001, 0x0001, 0x0001,
    0x0001, 0x0001, 0x0001, 0x0001, 0x62B2, 0x62F3, 0x6AF4, 0x6B55, 0x6B55, 0x6B55, 0x6B55, 0x6B55,
    0x6B55, 0x6B55, 0x6B55, 0x6AF4, 0x62F3, 0x5AD1, 0x52F0, 0x4B0F, 0x4B70, 0x5391, 0x53B1, 0x5BD2,
    0x5BD2, 0x53B1, 0x5351, 0x5B31, 0x6332, 0x6B54, 0x7B96, 0x8417, 0x8C38, 0x8C38, 0x8C38, 0x8C38,
    0x8417, 0x8417, 0x83F7, 0x8417, 0x8417, 0x83D6, 0x7BB6, 0x7354, 0x0001, 0x0001, 0x0001, 0x0001,
    0x0001, 0x0001, 0x0001, 0x0001, 0x51CE, 0x6B55, 0x6B55, 0x6B55, 0x6B55, 0x6B55, 0x6B55, 0x6B55,
    0x6B55, 0x6B55, 0x6B55, 0x6B55, 0x51CE, 0x4B2F, 0x5BD2, 0x5BD2, 0x5BD2, 0x8D59, 0x8D59, 0x8D59,
    0x8D59, 0x8D59, 0x8D59, 0x5BD2, 0x5BD2, 0x51CE, 0x51CE, 0x8C38, 0x8C38, 0x8C38, 0x8C38, 0x8C38,
    0x8C38, 0x8C38, 0x6B55, 0x8C38, 0x8C38, 0x8C38, 0x8C38, 0x51CE, 0x0001, 0x0001, 0x0001, 0x0001,
    0x0001, 0x0001, 0x0001, 0x0001, 0x62B2, 0x62F3, 0x6AF4, 0x6B55, 0x6B55, 0x6B55, 0x6B55, 0x6B55,
    0x6B55, 0x6AF4, 0x62F3, 0x5AF2, 0x6372, 0x63D3, 0x74B5, 0x8538, 0x95BA, 0x9DDB, 0xA61B, 0xA63C,
    0xA63C, 0xA61B, 0x9DDB, 0x8D59, 0x7C96, 0x6BF4, 0x6B94, 0x7374, 0x7B96, 0x8417, 0x8C38, 0x8C38,
    0x8C38, 0x8C38, 0x8C38, 0x8C38, 0x8C38, 0x83D6, 0x7BB6, 0x7354, 0x0001, 0x0001, 0x0001, 0x0001,
    0x0001, 0x0001, 0x0001, 0x0001, 0x51CE, 0x6B55, 0x6B55, 0x6B55, 0x6B55, 0x6B55, 0x6B55, 0x6B55,
    0x6B55, 0x6B55, 0x6B55, 0x51CE, 0x5BD2, 0x8D59, 0x8D59, 0x8D59, 0xA63C, 0xA63C, 0xA63C, 0xA63C,
    0xA63C, 0xBEDE, 0xBEDE, 0xBEDE, 0xA63C, 0x8D59, 0x5BD2, 0x51CE, 0x6B55, 0x8C38, 0x8C38, 0x8C38,
    0x8C38, 0x8C38, 0x8C38, 0x8C38, 0x8C38, 0x8C38, 0x8C38, 0x51CE, 0x0001, 0x0001, 0x0001, 0x0001,
    0x0001, 0x0001, 0x0001, 0x0001, 0x62B2, 0x62F3, 0x6AF4, 0x6B55, 0x6B55, 0x6B55, 0x6B55, 0x6B55,
    0x6AF4, 0x62F3, 0x5AF2, 0x6372, 0x63D3, 0x7CD6, 0x8D59, 0x9DDB, 0xA61B, 0xA63C, 0xA63C, 0xAE5C,
    0xAE7D, 0xB69D, 0xBEBE, 0xBEBE, 0xAE7D, 0x9DDA, 0x84D7, 0x7415, 0x6B94, 0x7374, 0x7B96, 0x8417,
    0x8C38, 0x8C38, 0x8C38, 0x8C38, 0x8417, 0x7B96, 0x7355, 0x6AF3, 0x0001, 0x0001, 0x0001, 0x0001,
    0x0001, 0x0001, 0x0001, 0x0001, 0x51CE, 0x6B55, 0x6B55, 0x6B55, 0x6B55, 0x6B55, 0x6B55, 0x6B55,
    0x6B55, 0x51CE, 0x4B2F, 0x5BD2, 0x8D59, 0x8D59, 0x8D59, 0xA63C, 0xA63C, 0xA63C, 0xA63C, 0xA63C,
    0xA63C, 0xBEDE, 0xBEDE, 0xBEDE, 0xBEDE, 0xBEDE, 0xA63C, 0x8D59, 0x5BD2, 0x51CE, 0x51CE, 0x6B55,
    0x8C38, 0x8C38, 0x8C38, 0x8C38, 0x6B55, 0x8C38, 0x6B55, 0x51CE, 0x0001, 0x0001, 0x0001, 0x0001,
    0x0001, 0x0001, 0x0001, 0x62B2, 0x62F3, 0x6AF4, 0x6B55, 0x6AF4, 0x6AF4, 0x62F3, 0x62B2, 0x5AB1,
    0x5AF2, 0x5B31, 0x5B92, 0x6C54, 0x74B6, 0x8538, 0x95BA, 0x9DDB, 0xA61B, 0xA63C, 0xA63C, 0xA63C,
    0xAE5C, 0xAE7D, 0xB69D, 0xB69D, 0xB69D, 0xAE5C, 0x9DFB, 0x8D59, 0x7CD6, 0x63D3, 0x6372, 0x6332,
    0x6B54, 0x7314, 0x7B96, 0x7BB6, 0x7B96, 0x7375, 0x7355, 0x6B34, 0x62B2, 0x0001, 0x0001, 0x0001,
    0x0001, 0x0001, 0x0001, 0x51CE, 0x6B55, 0x6B55, 0x6B55, 0x6B55, 0x6B55, 0x6B55, 0x51CE, 0x51CE,
    0x4B2F, 0x5BD2, 0x5BD2, 0x5BD2, 0x8D59, 0x8D59, 0x8D59, 0xA63C, 0xA63C, 0xA63C, 0xA63C, 0xA63C,
    0xA63C, 0xA63C, 0xA63C, 0xA63C, 0xA63C, 0xA63C, 0xA63C, 0x8D59, 0x8D59, 0x8D59, 0x5BD2, 0x4B2F,
    0x51CE, 0x51CE, 0x51CE, 0x6B55, 0x8C38, 0x8C38, 0x6B55, 0x6B55, 0x51CE, 0x0001, 0x0001, 0x0001,
    0x0001, 0x0001, 0x0001, 0x62B2, 0x62F3, 0x6AF4, 0x6B55, 0x6B55, 0x6B55, 0x6334, 0x6353, 0x5B72,
    0x5371, 0x5370, 0x4B70, 0x5BB1, 0x63F3, 0x6C95, 0x8517, 0x95BA, 0x9DDB, 0xA61B, 0xA63C, 0xA63C,
    0xA63C, 0xA63C, 0xA63C, 0xA63C, 0xA61B, 0x8D79, 0x7CD6, 0x6433, 0x5BB1, 0x4B70, 0x5370, 0x5330,
    0x5B31, 0x6332, 0x6B54, 0x7375, 0x7BB6, 0x7B96, 0x6B34, 0x62F3, 0x62B2, 0x0001, 0x0001, 0x0001,
    0x0001, 0x0001, 0x0001, 0x51CE, 0x6B55, 0x6B55, 0x51CE, 0x6B55, 0x6B55, 0x6B55, 0x51CE, 0x5BD2,
    0x4B2F, 0x520F, 0x520F, 0x520F, 0x520F, 0x520F, 0x4B2F, 0x8D59, 0x8D59, 0xA63C, 0xA63C, 0xA63C,
    0xA63C, 0xA63C, 0xA63C, 0xA63C, 0x8D59, 0x4B2F, 0x520F, 0x520F, 0x520F, 0x520F, 0x520F, 0x4B2F,
    0x5BD2, 0x4B2F, 0x51CE, 0x6B55, 0x6B55, 0x51CE, 0x6B55, 0x6B55, 0x51CE, 0x0001, 0x0001, 0x0001,
    0x0001, 0x0001, 0x0001, 0x62B2, 0x5292, 0x5271, 0x52B2, 0x5271, 0x4A70, 0x5250, 0x5270, 0x526F,
    0x4AAF, 0x52D0, 0x5330, 0x5370, 0x5330, 0x52F0, 0x5B32, 0x6BB3, 0x8476, 0x9539, 0xA61B, 0xA63C,
    0xA63C, 0xA61B, 0x9539, 0x8476, 0x6BB3, 0x5B32, 0x52F0, 0x5330, 0x5370, 0x5330, 0x52D0, 0x4AAF,
    0x426F, 0x424F, 0x422E, 0x3A2E, 0x3A2F, 0x4A71, 0x5271, 0x5292, 0x62B2, 0x0001, 0x0001, 0x0001,
    0x0001, 0x0001, 0x0001, 0x51CE, 0x6B55, 0x6B55, 0x120E, 0x8D59, 0x6B55, 0x51CE, 0x520F, 0x4B2F,
    0x4B2F, 0x39C9, 0x39C9, 0x39C9, 0x39C9, 0x5BD2, 0x4B2F, 0x5BD2, 0x520F, 0x8D59, 0xA63C, 0xA63C,
    0xA63C, 0xA63C, 0x8D59, 0x520F, 0x5BD2, 0x4B2F, 0x5BD2, 0x39C9, 0x39C9, 0x39C9, 0x39C9, 0x4B2F,
    0x4B2F, 0x520F, 0x4B2F, 0x120E, 0x8D59, 0x120E, 0x6B55, 0x6B55, 0x51CE, 0x0001, 0x0001, 0x0001,
    0x0001, 0x0001, 0x0001, 0x4250, 0x5B53, 0x6BD4, 0x6BF5, 0x6BF4, 0x6BF4, 0x5B30, 0x426D, 0x3A4C,
    0x3A0A, 0x39C9, 0x39C9, 0x39C9, 0x39C9, 0x3A0A, 0x426C, 0x532F, 0x6413, 0x7CF7, 0x9599, 0xA61B,
    0xA63C, 0xA61B, 0x8D79, 0x7C95, 0x63B1, 0x4AAD, 0x3A0A, 0x39C9, 0x39C9, 0x39C9, 0x39C9, 0x3A0A,
    0x3A4C, 0x326D, 0x430F, 0x5BF3, 0x53D3, 0x5BF4, 0x63B4, 0x5B53, 0x4250, 0x0001, 0x0001, 0x0001,
    0x0001, 0x0001, 0x0001, 0x51CE, 0x6B55, 0x120E, 0xA63C, 0x120E, 0x8D59, 0x120E, 0x4B2F, 0x4B2F,
    0x39C9, 0xD6DC, 0x19CD, 0x2A71, 0x7C35, 0x39C9, 0x5BD2, 0x5BD2, 0x5BD2, 0x5BD2, 0x8D59, 0xA63C,
    0xA63C, 0xA63C, 0xA63C, 0x5BD2, 0x5BD2, 0x5BD2, 0x39C9, 0x7C35, 0x2A71, 0x19CD, 0xD6DC, 0x39C9,
    0x4B2F, 0x4B2F, 0x120E, 0x5BD2, 0x120E, 0xA63C, 0x120E, 0x6B55, 0x51CE, 0x0001, 0x0001, 0x0001,
    0x0001, 0x0001, 0x0001, 0x4250, 0x5B53, 0x4B12, 0x4352, 0x2AD0, 0x3B10, 0x222D, 0x2A2C, 0x530F,
    0x530F, 0x5310, 0x4AD0, 0x63D4, 0x5393, 0x7476, 0x7CB6, 0x8517, 0x6C74, 0x7495, 0x74B6, 0x8D58,
    0x9DBA, 0xA63C, 0xA61B, 0x9DDB, 0xA5FA, 0x8D18, 0x7476, 0x5393, 0x63D4, 0x4AD0, 0x5310, 0x530F,
    0x530F, 0x2A2C, 0x222D, 0x3B10, 0x2AD0, 0x4352, 0x4B12, 0x5B53, 0x4250, 0x0001, 0x0001, 0x0001,
    0x0001, 0x0001, 0x0001, 0x51CE, 0x6B55, 0x120E, 0x8D59, 0x120E, 0x6434, 0x120E, 0x4B2F, 0x4B2F,
    0x39C9, 0xBE1A, 0x19CD, 0x19CD, 0x19CD, 0xD6DC, 0xA63C, 0x8D59, 0x8D59, 0x5BD2, 0x4B2F, 0xA63C,
    0xA63C, 0xA63C, 0xA63C, 0xA63C, 0xA63C, 0x8D59, 0xD6DC, 0x19CD, 0x19CD, 0x19CD, 0xBE1A, 0x39C9,
    0x4B2F, 0x4B2F, 0x120E, 0x6434, 0x120E, 0xA63C, 0x120E, 0x6B55, 0x51CE, 0x0001, 0x0001, 0x0001,
    0x0001, 0x0001, 0x0001, 0x62B2, 0x5292, 0x5B33, 0x5B94, 0x4B73, 0x4371, 0x4B30, 0x4B50, 0x5371,
    0x6C54, 0x7CD6, 0x95BA, 0x9DDB, 0xA61B, 0xA63C, 0xA61B, 0x9599, 0x7CF7, 0x7CD6, 0x7CD6, 0x8537,
    0x9599, 0xA63C, 0xA63C, 0xA63C, 0xA63C, 0xA63C, 0xA63C, 0xA63C, 0xA61B, 0x9599, 0x7CB6, 0x6413,
    0x4B30, 0x42EF, 0x4B71, 0x4B92, 0x53B3, 0x63B4, 0x6354, 0x5292, 0x62B2, 0x0001, 0x0001, 0x0001,
    0x0001, 0x0001, 0x0001, 0x51CE, 0x6B55, 0x6B55, 0x120E, 0x8D59, 0x120E, 0x120E, 0x4B2F, 0x8D59,
    0x8D59, 0xA63C, 0xA63C, 0xA63C, 0xA63C, 0xBEDE, 0xBEDE, 0xBEDE, 0xA63C, 0x8D59, 0x4B2F, 0xA63C,
    0xA63C, 0xBEDE, 0xA63C, 0xA63C, 0xA63C, 0xA63C, 0xBEDE, 0xBEDE, 0xBEDE, 0xBEDE, 0xA63C, 0x8D59,
    0x5BD2, 0x4B2F, 0x120E, 0x120E, 0xA63C, 0x120E, 0x6B55, 0x6B55, 0x51CE, 0x0001, 0x0001, 0x0001,
    0x0001, 0x0001, 0x0001, 0x62B2, 0x62F3, 0x52B2, 0x4AD2, 0x4B33, 0x3AF1, 0x4372, 0x53F4, 0x74D7,
    0x7D18, 0x9DDB, 0xA61B, 0xAE5C, 0xAE7D, 0xB69D, 0xB69D, 0xAE7D, 0x9DDA, 0x95BA, 0x8D79, 0x95BA,
    0xA5FB, 0xB67D, 0xB67D, 0xAE7D, 0xAE7D, 0xAE7D, 0xB69D, 0xBEBE, 0xBEDE, 0xBEBE, 0xA63B, 0x8538,
    0x6C75, 0x4B72, 0x32CF, 0x3290, 0x42D1, 0x4AD2, 0x52B2, 0x62F3, 0x62B2, 0x0001, 0x0001, 0x0001,
    0x0001, 0x0001, 0x0001, 0x51CE, 0x6B55, 0x6B55, 0x6B55, 0x120E, 0xA63C, 0xA63C, 0x120E, 0x5BD2,
    0x8D59, 0x8D59, 0xA63C, 0xA63C, 0xA63C, 0xA63C, 0xBEDE, 0xBEDE, 0x8D59, 0x8D59, 0x5BD2, 0xA63C,
    0xA63C, 0xBEDE, 0xBEDE, 0xBEDE, 0xA63C, 0xA63C, 0xBEDE, 0xBEDE, 0xBEDE, 0xBEDE, 0xBEDE, 0xA63C,
    0x5BD2, 0x120E, 0x8D59, 0xA63C, 0x120E, 0x6B55, 0x6B55, 0x6B55, 0x51CE, 0x0001, 0x0001, 0x0001,
    0x0001, 0x0001, 0x0001, 0x0001, 0x62B2, 0x6292, 0x5271, 0x6333, 0x4B12, 0x4B52, 0x53D3, 0x6C95,
    0x6C75, 0x8538, 0x95BA, 0x9DDB, 0xA61B, 0xA63C, 0xA61B, 0x9599, 0x74B6, 0x74B6, 0x6C96, 0x7CF7,
    0x8D9A, 0xAE7D, 0xB67D, 0xB67D, 0xB69D, 0xB69D, 0xB69D, 0xBEBE, 0xBEDE, 0xB69D, 0xA5FB, 0x7CF7,
    0x74D7, 0x53D3, 0x4B52, 0x4B12, 0x6333, 0x5271, 0x6292, 0x62B2, 0x0001, 0x0001, 0x0001, 0x0001,
    0x0001, 0x0001, 0x0001, 0x0001, 0x51CE, 0x6B55, 0x51CE, 0x6B55, 0x6B55, 0x120E, 0x120E, 0x120E,
    0x8D59, 0x8D59, 0x8D59, 0x8D59, 0xA63C, 0xA63C, 0xA63C, 0x8D59, 0x5BD2, 0x120E, 0x120E, 0xA63C,
    0xA63C, 0xA63C, 0xBEDE, 0xA63C, 0xA63C, 0xA63C, 0xBEDE, 0xBEDE, 0xBEDE, 0xBEDE, 0xA63C, 0x8D59,
    0x120E, 0x120E, 0x120E, 0x8C38, 0x6B55, 0x51CE, 0x6B55, 0x51CE, 0x0001, 0x0001, 0x0001, 0x0001,
    0x0001, 0x0001, 0x0001, 0x0001, 0x5A30, 0x6292, 0x6292, 0x6AF4, 0x6AF4, 0x5B14, 0x5313, 0x5B73,
    0x63F4, 0x6C75, 0x7D17, 0x8D59, 0x8D59, 0x8D59, 0x7D17, 0x6C75, 0x4BB3, 0x4BB3, 0x53D3, 0x6476,
    0x8538, 0xA61B, 0xA63C, 0xA63C, 0xA63C, 0xAE5C, 0xAE7D, 0xB69D, 0xB69D, 0xA63B, 0x8538, 0x7476,
    0x63D4, 0x6374, 0x6B95, 0x7B96, 0x7B96, 0x6AF3, 0x6AD2, 0x5A30, 0x0001, 0x0001, 0x0001, 0x0001,
    0x0001, 0x0001, 0x0001, 0x0001, 0x51CE, 0x6B55, 0x51CE, 0x6B55, 0x6B55, 0x6B55, 0x6B55, 0x6B55,
    0x120E, 0x8D59, 0x8D59, 0x8D59, 0x8D59, 0x8D59, 0x8D59, 0x8D59, 0x8D59, 0x5BD2, 0x120E, 0x5BD2,
    0x8D59, 0x8D59, 0x8D59, 0xA63C, 0xA63C, 0xA63C, 0xA63C, 0xBEDE, 0xBEDE, 0xA63C, 0x8D59, 0x120E,
    0x6B55, 0x8C38, 0x8C38, 0x8C38, 0x8C38, 0x51CE, 0x6B55, 0x51CE, 0x0001, 0x0001, 0x0001, 0x0001,
    0x0001, 0x0001, 0x0001, 0x0001, 0x5A30, 0x6292, 0x6292, 0x6AF4, 0x6AF4, 0x6B55, 0x5B14, 0x5313,
    0x5B73, 0x63F4, 0x6C75, 0x7D17, 0x8D59, 0x8D59, 0x8D59, 0x8D59, 0x8D59, 0x7D17, 0x74B6, 0x74B6,
    0x7CD6, 0x8517, 0x9599, 0xA61B, 0xA63C, 0xAE5C, 0xAE7D, 0xB67D, 0xA61B, 0x8538, 0x7496, 0x6BF5,
    0x6BB5, 0x73D6, 0x8C38, 0x8417, 0x7B96, 0x7355, 0x6AF3, 0x0001, 0x0001, 0x0001, 0x0001, 0x0001,
    0x0001, 0x0001, 0x0001, 0x0001, 0x0001, 0x51CE, 0x6B55, 0x6B55, 0x6B55, 0x6B55, 0x6B55, 0x6B55,
    0x6B55, 0x120E, 0x8D59, 0x8D59, 0x8D59, 0x8D59, 0x8D59, 0x8D59, 0x8D59, 0x8D59, 0x8D59, 0x8D59,
    0x8D59, 0xA63C, 0xA63C, 0xA63C, 0xA63C, 0xA63C, 0xA63C, 0xBEDE, 0xA63C, 0x8D59, 0x120E, 0x6B55,
    0x8C38, 0x8C38, 0x8C38, 0x8C38, 0x8C38, 0x6B55, 0x51CE, 0x0001, 0x0001, 0x0001, 0x0001, 0x0001,
    0x0001, 0x0001, 0x0001, 0x0001, 0x0001, 0x62B2, 0x62F3, 0x6AF4, 0x6B55, 0x6B55, 0x6B55, 0x5B14,
    0x5313, 0x5B73, 0x63F4, 0x6C75, 0x7D17, 0x8D59, 0x8D59, 0x8D59, 0x8D59, 0x8D59, 0x8D99, 0x95BA,
    0x9DDB, 0xA61B, 0xA63C, 0xA63C, 0xA63C, 0xA63C, 0xA63C, 0x9DBA, 0x7CF7, 0x7476, 0x6BF5, 0x6BB5,
    0x73D6, 0x8C38, 0x8C38, 0x8417, 0x7B96, 0x7355, 0x6AF3, 0x0001, 0x0001, 0x0001, 0x0001, 0x0001,
    0x0001, 0x0001, 0x0001, 0x0001, 0x0001, 0x51CE, 0x6B55, 0x6B55, 0x6B55, 0x6B55, 0x6B55, 0x6B55,
    0x6B55, 0x6B55, 0x120E, 0x5BD2, 0x8D59, 0x8D59, 0x8D59, 0x8D59, 0x8D59, 0x8D59, 0x8D59, 0x92B7,
    0x92B7, 0x92B7, 0xA63C, 0xA63C, 0xA63C, 0xA63C, 0xA63C, 0xA63C, 0x8D59, 0x120E, 0x6B55, 0x8C38,
    0x8C38, 0x8C38, 0x8C38, 0x8C38, 0x8C38, 0x6B55, 0x51CE, 0x0001, 0x0001, 0x0001, 0x0001, 0x0001,
    0x0001, 0x0001, 0x0001, 0x0001, 0x0001, 0x62B2, 0x62F3, 0x6AF4, 0x6B55, 0x6B55, 0x6B55, 0x6B55,
    0x5B14, 0x4AD2, 0x42D1, 0x4332, 0x4BB3, 0x6C75, 0x7D17, 0x7C96, 0x73D4, 0x62F1, 0x624F, 0x598E,
    0x59AE, 0x69D0, 0x7AB3, 0x8395, 0x9498, 0x9D5A, 0x8538, 0x6476, 0x53B4, 0x5353, 0x5333, 0x6B95,
    0x8417, 0x8C38, 0x8C38, 0x8417, 0x7B96, 0x7355, 0x6AF3, 0x0001, 0x0001, 0x0001, 0x0001, 0x0001,
    0x0001, 0x0001, 0x0001, 0x0001, 0x0001, 0x51CE, 0x6B55, 0x6B55, 0x6B55, 0x6B55, 0x6B55, 0x6B55,
    0x6B55, 0x6B55, 0x120E, 0x4B2F, 0x120E, 0x5BD2, 0x8D59, 0x8D59, 0x8D59, 0x8D59, 0x92B7, 0x92B7,
    0xB3BB, 0x92B7, 0x92B7, 0xA63C, 0xA63C, 0xA63C, 0x8D59, 0x120E, 0x8D59, 0x120E, 0x6B55, 0x6B55,
    0x6B55, 0x8C38, 0x8C38, 0x8C38, 0x8C38, 0x6B55, 0x51CE, 0x0001, 0x0001, 0x0001, 0x0001, 0x0001,
    0x0001, 0x0001, 0x0001, 0x0001, 0x0001, 0x0001, 0x62B2, 0x62F3, 0x6AF4, 0x6AF4, 0x62B2, 0x5A51,
    0x4A0F, 0x420E, 0x3A4E, 0x326E, 0x32CF, 0x4B71, 0x5BF3, 0x6C75, 0x7D17, 0x84B7, 0x7C15, 0x7333,
    0x7B54, 0x8394, 0x8C97, 0x9539, 0x8538, 0x7D18, 0x74F7, 0x6435, 0x5B93, 0x5B53, 0x52B1, 0x4A0F,
    0x5A51, 0x6AD3, 0x6B34, 0x6B34, 0x6B14, 0x6AF3, 0x0001, 0x0001, 0x0001, 0x0001, 0x0001, 0x0001,
    0x0001, 0x0001, 0x0001, 0x0001, 0x0001, 0x0001, 0x51CE, 0x6B55, 0x6B55, 0x51CE, 0x51CE, 0x0001,
    0x0001, 0x0001, 0x120E, 0x4B2F, 0x4B2F, 0x4B2F, 0x120E, 0x5BD2, 0x8D59, 0x8D59, 0x8D59, 0x8D59,
    0x8D59, 0xA63C, 0xA63C, 0xA63C, 0x8D59, 0x120E, 0x8D59, 0xA63C, 0xA63C, 0x120E, 0x0001, 0x0001,
    0x0001, 0x51CE, 0x51CE, 0x6B55, 0x6B55, 0x51CE, 0x0001, 0x0001, 0x0001, 0x0001, 0x0001, 0x0001,
    0x0001, 0x0001, 0x0001, 0x0001, 0x0001, 0x0001, 0x0001, 0x0001, 0x0001, 0x0001, 0x0001, 0x0001,
    0x0001, 0x0001, 0x3B10, 0x4330, 0x4330, 0x4330, 0x32CF, 0x32CF, 0x4331, 0x4BB3, 0x6C96, 0x8D59,
    0x95BA, 0x7D18, 0x6476, 0x5C14, 0x5C14, 0x6C96, 0x8D59, 0x8D79, 0x8D59, 0x74D7, 0x0001, 0x0001,
    0x0001, 0x0001, 0x0001, 0x0001, 0x0001, 0x0001, 0x0001, 0x0001, 0x0001, 0x0001, 0x0001, 0x0001,
    0x0001, 0x0001, 0x0001, 0x0001, 0x0001, 0x0001, 0x0001, 0x51CE, 0x0001, 0x0001, 0x0001, 0x0001,
    0x0001, 0x120E, 0x4B2F, 0x5BD2, 0x5BD2, 0x5BD2, 0x4B2F, 0x4B2F, 0x4B2F, 0x120E, 0x120E, 0x120E,
    0x120E, 0x120E, 0x120E, 0x8D59, 0xA63C, 0xA63C, 0xBEDE, 0xBEDE, 0xA63C, 0x8D59, 0x120E, 0x0001,
    0x0001, 0x0001, 0x0001, 0x0001, 0x51CE, 0x0001, 0x0001, 0x0001, 0x0001, 0x0001, 0x0001, 0x0001,
    0x0001, 0x0001, 0x0001, 0x0001, 0x0001, 0x0001, 0x0001, 0x0001, 0x0001, 0x0001, 0x0001, 0x0001,
    0x0001, 0x3AEF, 0x4330, 0x4B50, 0x53B1, 0x53B1, 0x53B1, 0x53B1, 0x5BF3, 0x6C54, 0x74B6, 0x7D17,
    0x8D99, 0x95BA, 0x9DDB, 0xA61B, 0xAE5C, 0xAE7D, 0xB67D, 0xAE5C, 0x8D79, 0x7D18, 0x6455, 0x0001,
    0x0001, 0x0001, 0x0001, 0x0001, 0x0001, 0x0001, 0x0001, 0x0001, 0x0001, 0x0001, 0x0001, 0x0001,
  },
  {
    0x0001, 0x0001, 0x0001, 0x0001, 0x0001, 0x0001, 0x0001, 0x0001, 0x0001, 0x0001, 0x0001, 0x51CE,
    0x6B55, 0x6B55, 0x6B55, 0x6B55, 0x6B55, 0x6B55, 0x6B55, 0x6B55, 0x6B55, 0x6B55, 0x6B55, 0x6B55,
    0x6B55, 0x6B55, 0x6B55, 0x8C38, 0x8C38, 0x8C38, 0x8C38, 0x8C38, 0x8C38, 0x8C38, 0x6B55, 0x6B55,
    0x51CE, 0x0001, 0x0001, 0x0001, 0x0001, 0x0001, 0x0001, 0x0001, 0x0001, 0x0001, 0x0001, 0x0001,
    0x0001, 0x0001, 0x0001, 0x0001, 0x0001, 0x0001, 0x0001, 0x0001, 0x0001, 0x0001, 0x6292, 0x62D3,
    0x6B55, 0x6B55, 0x6B55, 0x6B55, 0x6B55, 0x6B55, 0x6B55, 0x6B55, 0x6B55, 0x6B55, 0x6B55, 0x7396,
    0x83F7, 0x8C38, 0x8C38, 0x8C38, 0x83F7, 0x7396, 0x6B55, 0x6B55, 0x7396, 0x83F7, 0x8C38, 0x83F7,
    0x6B14, 0x6292, 0x0001, 0x0001, 0x0001, 0x0001, 0x0001, 0x0001, 0x0001, 0x0001, 0x0001, 0x0001,
    0x0001, 0x0001, 0x0001, 0x0001, 0x0001, 0x0001, 0x0001, 0x0001, 0x0001, 0x51CE, 0x6B55, 0x6B55,
    0x6B55, 0x6B55, 0x6B55, 0x6B55, 0x6B55, 0x6B55, 0x6B55, 0x6B55, 0x6B55, 0x6B55, 0x8C38, 0x8C38,
    0x8C38, 0x8C38, 0x8C38, 0x8C38, 0x8C38, 0x6B55, 0x6B55, 0x6B55, 0x6B55, 0x6B55, 0x8C38, 0x8C38,
    0x8C38, 0x6B55, 0x51CE, 0x0001, 0x0001, 0x0001, 0x0001, 0x0001, 0x0001, 0x0001, 0x0001, 0x0001,
    0x0001, 0x0001, 0x0001, 0x0001, 0x0001, 0x0001, 0x0001, 0x0001, 0x6292, 0x62D3, 0x6B55, 0x6B55,
    0x6B55, 0x6B55, 0x6B55, 0x6B55, 0x6B55, 0x6B55, 0x6B55, 0x6B55, 0x7396, 0x83F7, 0x8C38, 0x8C38,
    0x8C38, 0x8C38, 0x8C38, 0x8C38, 0x8C38, 0x83F7, 0x7396, 0x6B55, 0x6B55, 0x6B55, 0x7396, 0x83F7,
    0x8C38, 0x83F7, 0x6B14, 0x6292, 0x0001, 0x0001, 0x0001, 0x0001, 0x0001, 0x0001, 0x0001, 0x0001,
    0x0001, 0x0001, 0x0001, 0x0001, 0x0001, 0x0001, 0x0001, 0x51CE, 0x6B55, 0x6B55, 0x6B55, 0x6B55,
    0x6B55, 0x6B55, 0x6B55, 0x6B55, 0x6B55, 0x6B55, 0x6B55, 0x6B55, 0x8C38, 0x8C38, 0x8C38, 0x8C38,
    0x8C38, 0x8C38, 0x8C38, 0x8C38, 0x8C38, 0x8C38, 0x8C38, 0x6B55, 0x6B55, 0x6B55, 0x6B55, 0x6B55,
    0x8C38, 0x8C38, 0x8C38, 0x6B55, 0x51CE, 0x0001, 0x0001, 0x0001, 0x0001, 0x0001, 0x0001, 0x0001,
    0x0001, 0x0001, 0x0001, 0x0001, 0x0001, 0x0001, 0x0001, 0x6292, 0x62D3, 0x6B55, 0x6B55, 0x6B55,
    0x6B55, 0x6B55, 0x6B55, 0x6B55, 0x6B55, 0x6B55, 0x6B55, 0x7396, 0x83F7, 0x8C38, 0x8C38, 0x8C38,
    0x8C38, 0x8C38, 0x8C38, 0x8C38, 0x8C38, 0x8C38, 0x8C38, 0x8C38, 0x8C38, 0x83F7, 0x7396, 0x7396,
    0x83F7, 0x8C38, 0x8C38, 0x7B75, 0x6B13, 0x0001, 0x0001, 0x0001, 0x0001, 0x0001, 0x0001, 0x0001,
    0x0001, 0x0001, 0x0001, 0x0001, 0x0001, 0x0001, 0x51CE, 0x6B55, 0x6B55, 0x6B55, 0x6B55, 0x6B55,
    0x6B55, 0x6B55, 0x6B55, 0x6B55, 0x6B55, 0x6B55, 0x6B55, 0x8C38, 0x8C38, 0x8C38, 0x8C38, 0x8C38,
    0x8C38, 0x8C38, 0x8C38, 0x8C38, 0x8C38, 0x8C38, 0x8C38, 0x8C38, 0x8C38, 0x8C38, 0x8C38, 0x6B55,
    0x8C38, 0x8C38, 0x8C38, 0x8C38, 0x6B55, 0x51CE, 0x0001, 0x0001, 0x0001, 0x0001, 0x0001, 0x0001,
    0x0001, 0x0001, 0x0001, 0x0001, 0x0001, 0x0001, 0x6292, 0x62D3, 0x6B55, 0x6B55, 0x6B55, 0x6B55,
    0x6B55, 0x6B55, 0x6B55, 0x6B55, 0x6B55, 0x6B55, 0x7396, 0x83F7, 0x8C38, 0x8C38, 0x8C38, 0x8C38,
    0x8C38, 0x8C38, 0x8C38, 0x8C38, 0x8C38, 0x8C38, 0x8C38, 0x8C38, 0x8C38, 0x8C38, 0x8C38, 0x8C38,
    0x8C38, 0x8C38, 0x8C38, 0x8C38, 0x7B75, 0x6B13, 0x0001, 0x0001, 0x0001, 0x0001, 0x0001, 0x0001,
    0x0001, 0x0001, 0x0001, 0x0001, 0x0001, 0x0001, 0x51CE, 0x6B55, 0x6B55, 0x6B55, 0x6B55, 0x6B55,
    0x6B55, 0x6B55, 0x6B55, 0x6B55, 0x6B55, 0x6B55, 0x6B55, 0x6B55, 0x8C38, 0x8C38, 0x8C38, 0x8C38,
    0x8C38, 0x8C38, 0x8C38, 0x8C38, 0x8C38, 0x8C38, 0x8C38, 0x8C38, 0x8C38, 0x8C38, 0x6B55, 0x8C38,
    0x6B55, 0x8C38, 0x8C38, 0x8C38, 0x8C38, 0x51CE, 0x0001, 0x0001, 0x0001, 0x0001, 0x0001, 0x0001,
    0x0001, 0x0001, 0x0001, 0x0001, 0x0001, 0x6292, 0x62D3, 0x6B55, 0x6B55, 0x6B55, 0x6B55, 0x6B55,
    0x6B55, 0x6B55, 0x6B55, 0x6B55, 0x6B55, 0x6B55, 0x6B55, 0x6B55, 0x6B55, 0x6B55, 0x7396, 0x83F7,
    0x8C38, 0x8C38, 0x8C38, 0x8C38, 0x8C38, 0x8C38, 0x8C38, 0x8C38, 0x8C38, 0x8C38, 0x83F7, 0x7396,
    0x7396, 0x83F7, 0x8C38, 0x8C38, 0x83F7, 0x6B14, 0x6292, 0x0001, 0x0001, 0x0001, 0x0001, 0x0001,
    0x0001, 0x0001, 0x0001, 0x0001, 0x0001, 0x51CE, 0x6B55, 0x6B55, 0x6B55, 0x6B55, 0x6B55, 0x6B55,
    0x6B55, 0x6B55, 0x6B55, 0x6B55, 0x6B55, 0x6B55, 0x6B55, 0x6B55, 0x6B55, 0x6B55, 0x6B55, 0x6B55,
    0x6B55, 0x6B55, 0x8C38, 0x8C38, 0x8C38, 0x8C38, 0x8C38, 0x8C38, 0x8C38, 0x8C38, 0x8C38, 0x8C38,
    0x6B55, 0x6B55, 0x8C38, 0x8C38, 0x8C38, 0x8C38, 0x51CE, 0x0001, 0x0001, 0x0001, 0x0001, 0x0001,
    0x0001, 0x0001, 0x0001, 0x0001, 0x0001, 0x6292, 0x62D3, 0x6B55, 0x6B55, 0x6B55, 0x6B55, 0x6B55,
    0x6B55, 0x6B55, 0x6B55, 0x6B55, 0x6B55, 0x6B55, 0x6B55, 0x62D3, 0x5A50, 0x51CE, 0x51CE, 0x51CE,
    0x51CE, 0x51CE, 0x5A50, 0x6B14, 0x83F7, 0x8C38, 0x8C38, 0x8C38, 0x8C38, 0x8C38, 0x8C38, 0x8C38,
    0x83F7, 0x83F7, 0x83F7, 0x8C38, 0x8C38, 0x7B75, 0x6B13, 0x0001, 0x0001, 0x0001, 0x0001, 0x0001,
    0x0001, 0x0001, 0x0001, 0x0001, 0x51CE, 0x6B55, 0x6B55, 0x6B55, 0x6B55, 0x6B55, 0x6B55, 0x6B55,
    0x6B55, 0x6B55, 0x6B55, 0x6B55, 0x6B55, 0x6B55, 0x51CE, 0x51CE, 0x4B2F, 0x4B2F, 0x4B2F, 0x4B2F,
    0x4B2F, 0x4B2F, 0x4B2F, 0x51CE, 0x6B55, 0x8C38, 0x8C38, 0x8C38, 0x8C38, 0x8C38, 0x8C38, 0x8C38,
    0x8C38, 0x6B55, 0x6B55, 0x8C38, 0x8C38, 0x8C38, 0x6B55, 0x51CE, 0x0001, 0x0001, 0x0001, 0x0001,
    0x0001, 0x0001, 0x0001, 0x0001, 0x6292, 0x62D3, 0x6B55, 0x6B55, 0x6B55, 0x6B55, 0x6B55, 0x6B55,
    0x6B55, 0x6B55, 0x6B55, 0x6B55, 0x62D3, 0x5AB1, 0x4AAF, 0x4B2F, 0x4B50, 0x5391, 0x5BD2, 0x5BD2,
    0x5BD2, 0x5BD2, 0x5391, 0x52F0, 0x5AB1, 0x6B14, 0x83F7, 0x8C38, 0x8C38, 0x8C38, 0x8C38, 0x8C38,
    0x8C38, 0x83F7, 0x83F7, 0x83F7, 0x8C38, 0x8C38, 0x7B75, 0x6B13, 0x0001, 0x0001, 0x0001, 0x0001,
    0x0001, 0x0001, 0x0001, 0x0001, 0x51CE, 0x6B55, 0x6B55, 0x6B55, 0x6B55, 0x6B55, 0x6B55, 0x6B55,
    0x6B55, 0x6B55, 0x6B55, 0x6B55, 0x51CE, 0x4B2F, 0x5BD2, 0x5BD2, 0x5BD2, 0x8D59, 0x8D59, 0x8D59,
    0x8D59, 0x8D59, 0x8D59, 0x5BD2, 0x5BD2, 0x51CE, 0x51CE, 0x8C38, 0x8C38, 0x8C38, 0x8C38, 0x8C38,
    0x8C38, 0x8C38, 0x6B55, 0x8C38, 0x8C38, 0x8C38, 0x8C38, 0x51CE, 0x0001, 0x0001, 0x0001, 0x0001,
    0x0001, 0x0001, 0x0001, 0x0001, 0x6292, 0x62D3, 0x6B55, 0x6B55, 0x6B55, 0x6B55, 0x6B55, 0x6B55,
    0x6B55, 0x6B55, 0x62D3, 0x5AB1, 0x52F0, 0x6413, 0x7CD6, 0x8D59, 0x959A, 0x9DFB, 0xA63C, 0xA63C,
    0xA63C, 0xA63C, 0x9DFB, 0x95BA, 0x7CD6, 0x63B3, 0x5AF2, 0x6B14, 0x83F7, 0x8C38, 0x8C38, 0x8C38,
    0x8C38, 0x8C38, 0x8C38, 0x8C38, 0x8C38, 0x8C38, 0x7B75, 0x6B13, 0x0001, 0x0001, 0x0001, 0x0001,
    0x0001, 0x0001, 0x0001, 0x0001, 0x51CE, 0x6B55, 0x6B55, 0x6B55, 0x6B55, 0x6B55, 0x6B55, 0x6B55,
    0x6B55, 0x6B55, 0x6B55, 0x51CE, 0x5BD2, 0x8D59, 0x8D59, 0x8D59, 0xA63C, 0xA63C, 0xA63C, 0xA63C,
    0xA63C, 0xBEDE, 0xBEDE, 0xBEDE, 0xA63C, 0x8D59, 0x5BD2, 0x51CE, 0x6B55, 0x8C38, 0x8C38, 0x8C38,
    0x8C38, 0x8C38, 0x8C38, 0x8C38, 0x8C38, 0x8C38, 0x8C38, 0x51CE, 0x0001, 0x0001, 0x0001, 0x0001,
    0x0001, 0x0001, 0x0001, 0x0001, 0x6292, 0x62D3, 0x6B55, 0x6B55, 0x6B55, 0x6B55, 0x6B55, 0x6B55,
    0x6B55, 0x62D3, 0x5AB1, 0x52F0, 0x6413, 0x7CD6, 0x959A, 0x9DFB, 0xA63C, 0xA63C, 0xA63C, 0xA63C,
    0xAE7D, 0xB69D, 0xBEDE, 0xBEDE, 0xB6BE, 0xA63C, 0x8517, 0x63B3, 0x5AF2, 0x6B14, 0x83F7, 0x8C38,
    0x8C38, 0x8C38, 0x8C38, 0x8C38, 0x8C38, 0x83F7, 0x6B14, 0x6292, 0x0001, 0x0001, 0x0001, 0x0001,
    0x0001, 0x0001, 0x0001, 0x0001, 0x51CE, 0x6B55, 0x6B55, 0x6B55, 0x6B55, 0x6B55, 0x6B55, 0x6B55,
    0x6B55, 0x51CE, 0x4B2F, 0x5BD2, 0x8D59, 0x8D59, 0x8D59, 0xA63C, 0xA63C, 0xA63C, 0xA63C, 0xA63C,
    0xA63C, 0xBEDE, 0xBEDE, 0xBEDE, 0xBEDE, 0xBEDE, 0xA63C, 0x8D59, 0x5BD2, 0x51CE, 0x51CE, 0x6B55,
    0x8C38, 0x8C38, 0x8C38, 0x8C38, 0x6B55, 0x8C38, 0x6B55, 0x51CE, 0x0001, 0x0001, 0x0001, 0x0001,
    0x0001, 0x0001, 0x0001, 0x6292, 0x62D3, 0x6B55, 0x6B55, 0x6B55, 0x62D3, 0x62D3, 0x62D3, 0x62D3,
    0x5AB1, 0x52F0, 0x5391, 0x6C54, 0x7CD6, 0x8D59, 0x959A, 0x9DFB, 0xA63C, 0xA63C, 0xA63C, 0xA63C,
    0xA63C, 0xAE7D, 0xB69D, 0xBEDE, 0xB6BE, 0xAE7D, 0x9DFB, 0x95BA, 0x7CD6, 0x6413, 0x52F0, 0x5AB1,
    0x6B14, 0x83F7, 0x7B75, 0x7B75, 0x7B75, 0x83F7, 0x7396, 0x62D3, 0x6292, 0x0001, 0x0001, 0x0001,
    0x0001, 0x0001, 0x0001, 0x51CE, 0x6B55, 0x6B55, 0x6B55, 0x6B55, 0x6B55, 0x6B55, 0x51CE, 0x51CE,
    0x4B2F, 0x5BD2, 0x5BD2, 0x5BD2, 0x8D59, 0x8D59, 0x8D59, 0xA63C, 0xA63C, 0xA63C, 0xA63C, 0xA63C,
    0xA63C, 0xA63C, 0xA63C, 0xA63C, 0xA63C, 0xA63C, 0xA63C, 0x8D59, 0x8D59, 0x8D59, 0x5BD2, 0x4B2F,
    0x51CE, 0x51CE, 0x51CE, 0x6B55, 0x8C38, 0x8C38, 0x6B55, 0x6B55, 0x51CE, 0x0001, 0x0001, 0x0001,
    0x0001, 0x0001, 0x0001, 0x6292, 0x62D3, 0x6B55, 0x6B55, 0x6B55, 0x6B55, 0x6B55, 0x6333, 0x5B72,
    0x5391, 0x5391, 0x4B50, 0x4B2F, 0x5BF2, 0x7495, 0x8D59, 0x959A, 0x9DFB, 0xA63C, 0xA63C, 0xA63C,
    0xA63C, 0xA63C, 0xA63C, 0xA63C, 0xA63C, 0x9DFB, 0x7CF6, 0x5BF2, 0x4B2F, 0x4B50, 0x5391, 0x5391,
    0x52F0, 0x5AB1, 0x6B14, 0x83F7, 0x83F7, 0x7396, 0x6B55, 0x62D3, 0x6292, 0x0001, 0x0001, 0x0001,
    0x0001, 0x0001, 0x0001, 0x51CE, 0x6B55, 0x6B55, 0x51CE, 0x6B55, 0x6B55, 0x6B55, 0x51CE, 0x5BD2,
    0x4B2F, 0x520F, 0x520F, 0x520F, 0x520F, 0x520F, 0x4B2F, 0x8D59, 0x8D59, 0xA63C, 0xA63C, 0xA63C,
    0xA63C, 0xA63C, 0xA63C, 0xA63C, 0x8D59, 0x4B2F, 0x520F, 0x520F, 0x520F, 0x520F, 0x520F, 0x4B2F,
    0x5BD2, 0x4B2F, 0x51CE, 0x6B55, 0x6B55, 0x51CE, 0x6B55, 0x6B55, 0x51CE, 0x0001, 0x0001, 0x0001,
    0x0001, 0x0001, 0x0001, 0x6292, 0x62D3, 0x4AD3, 0x4250, 0x4250, 0x5A50, 0x5AB1, 0x524F, 0x526F,
    0x526F, 0x4ACF, 0x4B50, 0x5391, 0x5391, 0x52F0, 0x526F, 0x6332, 0x8497, 0x9DFB, 0xA63C, 0xA63C,
    0xA63C, 0xA63C, 0x9DFB, 0x8497, 0x6332, 0x526F, 0x52F0, 0x5391, 0x5391, 0x4B50, 0x4ACF, 0x526F,
    0x526F, 0x3A6F, 0x3A4E, 0x39EE, 0x39CE, 0x4250, 0x4AD3, 0x62D3, 0x6292, 0x0001, 0x0001, 0x0001,
    0x0001, 0x0001, 0x0001, 0x51CE, 0x6B55, 0x6B55, 0x120E, 0x8D59, 0x6B55, 0x51CE, 0x520F, 0x4B2F,
    0x4B2F, 0x39C9, 0x39C9, 0x39C9, 0x39C9, 0x5BD2, 0x4B2F, 0x5BD2, 0x520F, 0x8D59, 0xA63C, 0xA63C,
    0xA63C, 0xA63C, 0x8D59, 0x520F, 0x5BD2, 0x4B2F, 0x5BD2, 0x39C9, 0x39C9, 0x39C9, 0x39C9, 0x4B2F,
    0x4B2F, 0x520F, 0x4B2F, 0x120E, 0x8D59, 0x120E, 0x6B55, 0x6B55, 0x51CE, 0x0001, 0x0001, 0x0001,
    0x0001, 0x0001, 0x0001, 0x6292, 0x4250, 0x63D5, 0x74D7, 0x8CB7, 0x6BB3, 0x4AAF, 0x42AD, 0x3A4B,
    0x39C9, 0x39C9, 0x39C9, 0x39C9, 0x39C9, 0x39C9, 0x3A4B, 0x4AEE, 0x6413, 0x8517, 0x9DFB, 0xA63C,
    0xA63C, 0xA63C, 0x9DFB, 0x7CF6, 0x5B70, 0x3A4B, 0x39C9, 0x39C9, 0x39C9, 0x39C9, 0x39C9, 0x39C9,
    0x3A4B, 0x42AD, 0x32CF, 0x4B92, 0x6C96, 0x6C96, 0x63D5, 0x4250, 0x6292, 0x0001, 0x0001, 0x0001,
    0x0001, 0x0001, 0x0001, 0x51CE, 0x6B55, 0x120E, 0xA63C, 0x120E, 0x8D59, 0x120E, 0x4B2F, 0x4B2F,
    0x39C9, 0xD6DC, 0x19CD, 0x2A71, 0x7C35, 0x39C9, 0x5BD2, 0x5BD2, 0x5BD2, 0x5BD2, 0x8D59, 0xA63C,
    0xA63C, 0xA63C, 0xA63C, 0x5BD2, 0x5BD2, 0x5BD2, 0x39C9, 0x7C35, 0x2A71, 0x19CD, 0xD6DC, 0x39C9,
    0x4B2F, 0x4B2F, 0x120E, 0x5BD2, 0x120E, 0xA63C, 0x120E, 0x6B55, 0x51CE, 0x0001, 0x0001, 0x0001,
    0x0001, 0x0001, 0x0001, 0x6292, 0x4250, 0x63D5, 0x4372, 0x4372, 0x120E, 0x226E, 0x324D, 0x3A4B,
    0x6B70, 0x6371, 0x5BB3, 0x21EE, 0x5BB3, 0x7CB6, 0xA5DA, 0x7CD6, 0x6C54, 0x5BD2, 0x7495, 0x8D78,
    0xA63C, 0xA63C, 0xA63C, 0x9DFB, 0x95BA, 0xA5DA, 0x7CB6, 0x5BB3, 0x21EE, 0x5BB3, 0x6371, 0x6B70,
    0x3A4B, 0x324D, 0x226E, 0x120E, 0x4372, 0x4372, 0x63D5, 0x4250, 0x6292, 0x0001, 0x0001, 0x0001,
    0x0001, 0x0001, 0x0001, 0x51CE, 0x6B55, 0x120E, 0x8D59, 0x120E, 0x6434, 0x120E, 0x4B2F, 0x4B2F,
    0x39C9, 0xBE1A, 0x19CD, 0x19CD, 0x19CD, 0xD6DC, 0xA63C, 0x8D59, 0x8D59, 0x5BD2, 0x4B2F, 0xA63C,
    0xA63C, 0xA63C, 0xA63C, 0xA63C, 0xA63C, 0x8D59, 0xD6DC, 0x19CD, 0x19CD, 0x19CD, 0xBE1A, 0x39C9,
    0x4B2F, 0x4B2F, 0x120E, 0x6434, 0x120E, 0xA63C, 0x120E, 0x6B55, 0x51CE, 0x0001, 0x0001, 0x0001,
    0x0001, 0x0001, 0x0001, 0x6292, 0x62D3, 0x4AD3, 0x5394, 0x53D3, 0x53D3, 0x3B10, 0x324D, 0x5B70,
    0x6C34, 0x8D59, 0x959A, 0x9DFB, 0xA63C, 0xA63C, 0xA63C, 0x9DFB, 0x8517, 0x6413, 0x6C54, 0x8537,
    0xA63C, 0xA63C, 0xA63C, 0xA63C, 0xA63C, 0xA63C, 0xA63C, 0xA63C, 0xA63C, 0x9DFB, 0x8517, 0x5BB1,
    0x4AEE, 0x324D, 0x3B10, 0x5C34, 0x5C34, 0x63D5, 0x4AD3, 0x62D3, 0x6292, 0x0001, 0x0001, 0x0001,
    0x0001, 0x0001, 0x0001, 0x51CE, 0x6B55, 0x6B55, 0x120E, 0x8D59, 0x120E, 0x120E, 0x4B2F, 0x8D59,
    0x8D59, 0xA63C, 0xA63C, 0xA63C, 0xA63C, 0xBEDE, 0xBEDE, 0xBEDE, 0xA63C, 0x8D59, 0x4B2F, 0xA63C,
    0xA63C, 0xBEDE, 0xA63C, 0xA63C, 0xA63C, 0xA63C, 0xBEDE, 0xBEDE, 0xBEDE, 0xBEDE, 0xA63C, 0x8D59,
    0x5BD2, 0x4B2F, 0x120E, 0x120E, 0xA63C, 0x120E, 0x6B55, 0x6B55, 0x51CE, 0x0001, 0x0001, 0x0001,
    0x0001, 0x0001, 0x0001, 0x6292, 0x62D3, 0x6B55, 0x4AD3, 0x2A70, 0x3B31, 0x3B31, 0x6435, 0x6435,
    0x959A, 0x9DFB, 0xA63C, 0xA63C, 0xAE7D, 0xB69D, 0xBEDE, 0xB6BE, 0xA63C, 0x8517, 0x8517, 0x8D78,
    0xAE7D, 0xB69D, 0xB6BE, 0xAE7D, 0xA63C, 0xAE7D, 0xB69D, 0xBEDE, 0xBEDE, 0xBEDE, 0xB6BE, 0x9599,
    0x5C14, 0x4330, 0x2AAF, 0x2AAF, 0x2A70, 0x4AD3, 0x6B55, 0x62D3, 0x6292, 0x0001, 0x0001, 0x0001,
    0x0001, 0x0001, 0x0001, 0x51CE, 0x6B55, 0x6B55, 0x6B55, 0x120E, 0xA63C, 0xA63C, 0x120E, 0x5BD2,
    0x8D59, 0x8D59, 0xA63C, 0xA63C, 0xA63C, 0xA63C, 0xBEDE, 0xBEDE, 0x8D59, 0x8D59, 0x5BD2, 0xA63C,
    0xA63C, 0xBEDE, 0xBEDE, 0xBEDE, 0xA63C, 0xA63C, 0xBEDE, 0xBEDE, 0xBEDE, 0xBEDE, 0xBEDE, 0xA63C,
    0x5BD2, 0x120E, 0x8D59, 0xA63C, 0x120E, 0x6B55, 0x6B55, 0x6B55, 0x51CE, 0x0001, 0x0001, 0x0001,
    0x0001, 0x0001, 0x0001, 0x0001, 0x6292, 0x62D3, 0x62D3, 0x4250, 0x5B52, 0x4372, 0x5C14, 0x53B3,
    0x7CD6, 0x8D59, 0x959A, 0x9DFB, 0xA63C, 0xA63C, 0xA63C, 0x9DFB, 0x8517, 0x53B3, 0x5C14, 0x74D7,
    0xA63C, 0xAE7D, 0xB69D, 0xB6BE, 0xAE7D, 0xAE7D, 0xB69D, 0xBEDE, 0xBEDE, 0xBEDE, 0xAE5C, 0x8D58,
    0x53B3, 0x5C14, 0x4372, 0x5B52, 0x4250, 0x62D3, 0x62D3, 0x6292, 0x0001, 0x0001, 0x0001, 0x0001,
    0x0001, 0x0001, 0x0001, 0x0001, 0x51CE, 0x6B55, 0x51CE, 0x6B55, 0x6B55, 0x120E, 0x120E, 0x120E,
    0x8D59, 0x8D59, 0x8D59, 0x8D59, 0xA63C, 0xA63C, 0xA63C, 0x8D59, 0x5BD2, 0x120E, 0x120E, 0xA63C,
    0xA63C, 0xA63C, 0xBEDE, 0xA63C, 0xA63C, 0xA63C, 0xBEDE, 0xBEDE, 0xBEDE, 0xBEDE, 0xA63C, 0x8D59,
    0x120E, 0x120E, 0x120E, 0x8C38, 0x6B55, 0x51CE, 0x6B55, 0x51CE, 0x0001, 0x0001, 0x0001, 0x0001,
    0x0001, 0x0001, 0x0001, 0x0001, 0x6292, 0x5A50, 0x62D3, 0x62D3, 0x6B55, 0x6B55, 0x4AD3, 0x4B11,
    0x53B3, 0x7CD6, 0x8D59, 0x8D59, 0x8D59, 0x8D59, 0x8D59, 0x7CD6, 0x53B3, 0x2AAF, 0x3B31, 0x6C96,
    0x9DFB, 0xA63C, 0xA63C, 0xA63C, 0xA63C, 0xA63C, 0xAE7D, 0xB69D, 0xBEDE, 0xB6BE, 0x9599, 0x5C14,
    0x4B11, 0x5B34, 0x83F7, 0x8C38, 0x7B75, 0x6B14, 0x5A50, 0x6292, 0x0001, 0x0001, 0x0001, 0x0001,
    0x0001, 0x0001, 0x0001, 0x0001, 0x51CE, 0x6B55, 0x51CE, 0x6B55, 0x6B55, 0x6B55, 0x6B55, 0x6B55,
    0x120E, 0x8D59, 0x8D59, 0x8D59, 0x8D59, 0x8D59, 0x8D59, 0x8D59, 0x8D59, 0x5BD2, 0x120E, 0x5BD2,
    0x8D59, 0x8D59, 0x8D59, 0xA63C, 0xA63C, 0xA63C, 0xA63C, 0xBEDE, 0xBEDE, 0xA63C, 0x8D59, 0x120E,
    0x6B55, 0x8C38, 0x8C38, 0x8C38, 0x8C38, 0x51CE, 0x6B55, 0x51CE, 0x0001, 0x0001, 0x0001, 0x0001,
    0x0001, 0x0001, 0x0001, 0x0001, 0x6292, 0x5A50, 0x62D3, 0x62D3, 0x6B55, 0x6B55, 0x6B55, 0x4AD3,
    0x4B11, 0x53B3, 0x7CD6, 0x8D59, 0x8D59, 0x8D59, 0x8D59, 0x8D59, 0x8D59, 0x8D59, 0x7CD6, 0x6C54,
    0x6C54, 0x8517, 0x9DFB, 0xA63C, 0xA63C, 0xA63C, 0xAE7D, 0xB69D, 0xB6BE, 0x9599, 0x5C14, 0x5352,
    0x6374, 0x8C38, 0x8C38, 0x8C38, 0x83F7, 0x6B14, 0x6292, 0x0001, 0x0001, 0x0001, 0x0001, 0x0001,
    0x0001, 0x0001, 0x0001, 0x0001, 0x0001, 0x51CE, 0x6B55, 0x6B55, 0x6B55, 0x6B55, 0x6B55, 0x6B55,
    0x6B55, 0x120E, 0x8D59, 0x8D59, 0x8D59, 0x8D59, 0x8D59, 0x8D59, 0x8D59, 0x8D59, 0x8D59, 0x8D59,
    0x8D59, 0xA63C, 0xA63C, 0xA63C, 0xA63C, 0xA63C, 0xA63C, 0xBEDE, 0xA63C, 0x8D59, 0x120E, 0x6B55,
    0x8C38, 0x8C38, 0x8C38, 0x8C38, 0x8C38, 0x6B55, 0x51CE, 0x0001, 0x0001, 0x0001, 0x0001, 0x0001,
    0x0001, 0x0001, 0x0001, 0x0001, 0x0001, 0x6292, 0x62D3, 0x6B55, 0x6B55, 0x6B55, 0x6B55, 0x6B55,
    0x4AD3, 0x4B11, 0x53B3, 0x7CD6, 0x8D59, 0x8D59, 0x8D59, 0x8D59, 0x8D59, 0x8D59, 0x8D59, 0x959A,
    0x9DFB, 0xA63C, 0xA63C, 0xA63C, 0xA63C, 0xA63C, 0xA63C, 0xA63C, 0x8D78, 0x5C14, 0x5352, 0x6374,
    0x8C38, 0x8C38, 0x8C38, 0x8C38, 0x83F7, 0x6B14, 0x6292, 0x0001, 0x0001, 0x0001, 0x0001, 0x0001,
    0x0001, 0x0001, 0x0001, 0x0001, 0x0001, 0x51CE, 0x6B55, 0x6B55, 0x6B55, 0x6B55, 0x6B55, 0x6B55,
    0x6B55, 0x6B55, 0x120E, 0x5BD2, 0x8D59, 0x8D59, 0x8D59, 0x8D59, 0x8D59, 0x8D59, 0x8D59, 0x92B7,
    0x92B7, 0x92B7, 0xA63C, 0xA63C, 0xA63C, 0xA63C, 0xA63C, 0xA63C, 0x8D59, 0x120E, 0x6B55, 0x8C38,
    0x8C38, 0x8C38, 0x8C38, 0x8C38, 0x8C38, 0x6B55, 0x51CE, 0x0001, 0x0001, 0x0001, 0x0001, 0x0001,
    0x0001, 0x0001, 0x0001, 0x0001, 0x0001, 0x6292, 0x62D3, 0x6B55, 0x6B55, 0x6B55, 0x6B55, 0x6B55,
    0x6B55, 0x4AD3, 0x2A70, 0x2AAF, 0x53B3, 0x7CD6, 0x8D59, 0x8D59, 0x7415, 0x62D1, 0x516D, 0x598E,
    0x61AF, 0x61AF, 0x71F1, 0x8375, 0xA51A, 0xA63C, 0x9DFB, 0x6C96, 0x3B31, 0x2A70, 0x5B34, 0x83F7,
    0x8C38, 0x8C38, 0x8C38, 0x8C38, 0x83F7, 0x6B14, 0x6292, 0x0001, 0x0001, 0x0001, 0x0001, 0x0001,
    0x0001, 0x0001, 0x0001, 0x0001, 0x0001, 0x51CE, 0x6B55, 0x6B55, 0x6B55, 0x6B55, 0x6B55, 0x6B55,
    0x6B55, 0x6B55, 0x120E, 0x4B2F, 0x120E, 0x5BD2, 0x8D59, 0x8D59, 0x8D59, 0x8D59, 0x92B7, 0x92B7,
    0xB3BB, 0x92B7, 0x92B7, 0xA63C, 0xA63C, 0xA63C, 0x8D59, 0x120E, 0x8D59, 0x120E, 0x6B55, 0x6B55,
    0x6B55, 0x8C38, 0x8C38, 0x8C38, 0x8C38, 0x6B55, 0x51CE, 0x0001, 0x0001, 0x0001, 0x0001, 0x0001,
    0x0001, 0x0001, 0x0001, 0x0001, 0x0001, 0x0001, 0x6292, 0x62D3, 0x6B55, 0x6B55, 0x62D3, 0x5A50,
    0x51CE, 0x39CE, 0x3A4E, 0x32CE, 0x32CF, 0x3AEF, 0x53B3, 0x7CD6, 0x8D59, 0x8D59, 0x7C36, 0x7313,
    0x69F0, 0x7B54, 0x94B8, 0xA63C, 0x9DFB, 0x6C96, 0x6435, 0x6C96, 0x6C96, 0x5B52, 0x39EE, 0x51CE,
    0x5A50, 0x62D3, 0x7396, 0x7396, 0x6B14, 0x6292, 0x0001, 0x0001, 0x0001, 0x0001, 0x0001, 0x0001,
    0x0001, 0x0001, 0x0001, 0x0001, 0x0001, 0x0001, 0x51CE, 0x6B55, 0x6B55, 0x51CE, 0x51CE, 0x0001,
    0x0001, 0x0001, 0x120E, 0x4B2F, 0x4B2F, 0x4B2F, 0x120E, 0x5BD2, 0x8D59, 0x8D59, 0x8D59, 0x8D59,
    0x8D59, 0xA63C, 0xA63C, 0xA63C, 0x8D59, 0x120E, 0x8D59, 0xA63C, 0xA63C, 0x120E, 0x0001, 0x0001,
    0x0001, 0x51CE, 0x51CE, 0x6B55, 0x6B55, 0x51CE, 0x0001, 0x0001, 0x0001, 0x0001, 0x0001, 0x0001,
    0x0001, 0x0001, 0x0001, 0x0001, 0x0001, 0x0001, 0x0001, 0x51CE, 0x51CE, 0x0001, 0x0001, 0x0001,
    0x0001, 0x0001, 0x32F0, 0x4330, 0x5391, 0x4B50, 0x32CF, 0x226E, 0x2AAF, 0x53B3, 0x7CD6, 0x959A,
    0x9DFB, 0x9DFB, 0x6C96, 0x3B31, 0x3B31, 0x6C96, 0xA61C, 0xAE7D, 0x7D18, 0x5C35, 0x0001, 0x0001,
    0x0001, 0x0001, 0x0001, 0x51CE, 0x51CE, 0x0001, 0x0001, 0x0001, 0x0001, 0x0001, 0x0001, 0x0001,
    0x0001, 0x0001, 0x0001, 0x0001, 0x0001, 0x0001, 0x0001, 0x51CE, 0x0001, 0x0001, 0x0001, 0x0001,
    0x0001, 0x120E, 0x4B2F, 0x5BD2, 0x5BD2, 0x5BD2, 0x4B2F, 0x4B2F, 0x4B2F, 0x120E, 0x120E, 0x120E,
    0x120E, 0x120E, 0x120E, 0x8D59, 0xA63C, 0xA63C, 0xBEDE, 0xBEDE, 0xA63C, 0x8D59, 0x120E, 0x0001,
    0x0001, 0x0001, 0x0001, 0x0001, 0x51CE, 0x0001, 0x0001, 0x0001, 0x0001, 0x0001, 0x0001, 0x0001,
    0x0001, 0x0001, 0x0001, 0x0001, 0x0001, 0x0001, 0x0001, 0x0001, 0x0001, 0x0001, 0x0001, 0x0001,
    0x0001, 0x2A8E, 0x3AEF, 0x5391, 0x5BD2, 0x5BD2, 0x5391, 0x5391, 0x5391, 0x6C54, 0x7CD6, 0x8D59,
    0x8D59, 0x959A, 0x9DFB, 0xA63C, 0xA63C, 0xAE7D, 0xB69D, 0xB6BE, 0xA63C, 0x6C96, 0x4BB3, 0x0001,
    0x0001, 0x0001, 0x0001, 0x0001, 0x0001, 0x0001, 0x0001, 0x0001, 0x0001, 0x0001, 0x0001, 0x0001,
  },
  {
    0x0001, 0x0001, 0x0001, 0x0001, 0x0001, 0x0001, 0x0001, 0x0001, 0x0001, 0x0001, 0x0001, 0x5A30,
    0x6B55, 0x6B55, 0x6B55, 0x6B55, 0x6B55, 0x6B55, 0x6B55, 0x6B55, 0x6B55, 0x6B55, 0x6B55, 0x6B55,
    0x6B55, 0x6B55, 0x7376, 0x8C38, 0x8C38, 0x8C38, 0x8C38, 0x8C38, 0x8C38, 0x83F7, 0x6B55, 0x62F3,
    0x51CE, 0x0001, 0x0001, 0x0001, 0x0001, 0x0001, 0x0001, 0x0001, 0x0001, 0x0001, 0x0001, 0x0001,
    0x0001, 0x0001, 0x0001, 0x0001, 0x0001, 0x0001, 0x0001, 0x0001, 0x0001, 0x0001, 0x62D3, 0x62F4,
    0x6AF4, 0x6B35, 0x6B55, 0x6B55, 0x6B55, 0x6B55, 0x6B55, 0x6B55, 0x6B55, 0x6B55, 0x7376, 0x7BB6,
    0x7BD7, 0x83F7, 0x8C18, 0x83F7, 0x7BD7, 0x7BB6, 0x7396, 0x7396, 0x7BB6, 0x7BD7, 0x7BB6, 0x7B95,
    0x7375, 0x7334, 0x0001, 0x0001, 0x0001, 0x0001, 0x0001, 0x0001, 0x0001, 0x0001, 0x0001, 0x0001,
    0x0001, 0x0001, 0x0001, 0x0001, 0x0001, 0x0001, 0x0001, 0x0001, 0x0001, 0x5A10, 0x6B14, 0x6B55,
    0x6B55, 0x6B55, 0x6B55, 0x6B55, 0x6B55, 0x6B55, 0x6B55, 0x6B55, 0x6B55, 0x7376, 0x8418, 0x8C38,
    0x8C38, 0x8C38, 0x8C38, 0x8C38, 0x8418, 0x7376, 0x6B55, 0x6B55, 0x6B55, 0x7376, 0x8418, 0x8C38,
    0x8418, 0x6B34, 0x5A10, 0x0001, 0x0001, 0x0001, 0x0001, 0x0001, 0x0001, 0x0001, 0x0001, 0x0001,
    0x0001, 0x0001, 0x0001, 0x0001, 0x0001, 0x0001, 0x0001, 0x0001, 0x62D3, 0x62F4, 0x6AF4, 0x6B35,
    0x6B55, 0x6B55, 0x6B55, 0x6B55, 0x6B55, 0x6B55, 0x6B55, 0x7376, 0x7BB6, 0x7BD7, 0x83F7, 0x8C38,
    0x8C38, 0x8C38, 0x8C38, 0x8C38, 0x83F7, 0x7BD7, 0x7BB6, 0x7376, 0x7355, 0x7376, 0x7BB6, 0x7BD7,
    0x7BB6, 0x7B95, 0x7375, 0x7334, 0x0001, 0x0001, 0x0001, 0x0001, 0x0001, 0x0001, 0x0001, 0x0001,
    0x0001, 0x0001, 0x0001, 0x0001, 0x0001, 0x0001, 0x0001, 0x5A10, 0x6B14, 0x6B55, 0x6B55, 0x6B55,
    0x6B55, 0x6B55, 0x6B55, 0x6B55, 0x6B55, 0x6B55, 0x6B55, 0x7376, 0x8418, 0x8C38, 0x8C38, 0x8C38,
    0x8C38, 0x8C38, 0x8C38, 0x8C38, 0x8C38, 0x8C38, 0x8418, 0x7376, 0x6B55, 0x6B55, 0x6B55, 0x7376,
    0x8418, 0x8C38, 0x8418, 0x6B34, 0x5A10, 0x0001, 0x0001, 0x0001, 0x0001, 0x0001, 0x0001, 0x0001,
    0x0001, 0x0001, 0x0001, 0x0001, 0x0001, 0x0001, 0x0001, 0x62D3, 0x62F4, 0x6AF4, 0x6B35, 0x6B55,
    0x6B55, 0x6B55, 0x6B55, 0x6B55, 0x6B55, 0x6B55, 0x7376, 0x7BB6, 0x7BD7, 0x83F7, 0x8C38, 0x8C38,
    0x8C38, 0x8C38, 0x8C38, 0x8C38, 0x8C38, 0x8C38, 0x8C38, 0x8C38, 0x83F7, 0x83F7, 0x83D7, 0x83D7,
    0x83F7, 0x83D7, 0x7BB6, 0x7BB6, 0x7B75, 0x0001, 0x0001, 0x0001, 0x0001, 0x0001, 0x0001, 0x0001,
    0x0001, 0x0001, 0x0001, 0x0001, 0x0001, 0x0001, 0x5A10, 0x6B14, 0x6B55, 0x6B55, 0x6B55, 0x6B55,
    0x6B55, 0x6B55, 0x6B55, 0x6B55, 0x6B55, 0x6B55, 0x7376, 0x8418, 0x8C38, 0x8C38, 0x8C38, 0x8C38,
    0x8C38, 0x8C38, 0x8C38, 0x8C38, 0x8C38, 0x8C38, 0x8C38, 0x8C38, 0x8C38, 0x8C38, 0x8418, 0x7396,
    0x8418, 0x8C38, 0x8C38, 0x8418, 0x6B34, 0x5A10, 0x0001, 0x0001, 0x0001, 0x0001, 0x0001, 0x0001,
    0x0001, 0x0001, 0x0001, 0x0001, 0x0001, 0x0001, 0x62D3, 0x62F4, 0x6AF4, 0x6B35, 0x6B55, 0x6B55,
    0x6B55, 0x6B55, 0x6B55, 0x6B55, 0x6B55, 0x7376, 0x7BB6, 0x7BD7, 0x83F7, 0x8C38, 0x8C38, 0x8C38,
    0x8C38, 0x8C38, 0x8C38, 0x8C38, 0x8C38, 0x8C38, 0x8C38, 0x8C38, 0x8C38, 0x8C38, 0x8C38, 0x8C38,
    0x8C38, 0x8C38, 0x8C17, 0x83B6, 0x7BB6, 0x7B75, 0x0001, 0x0001, 0x0001, 0x0001, 0x0001, 0x0001,
    0x0001, 0x0001, 0x0001, 0x0001, 0x0001, 0x0001, 0x5A10, 0x6B14, 0x6B55, 0x6B55, 0x6B55, 0x6B55,
    0x6B55, 0x6B55, 0x6B55, 0x6B55, 0x6B55, 0x6B55, 0x6B55, 0x7376, 0x8418, 0x8C38, 0x8C38, 0x8C38,
    0x8C38, 0x8C38, 0x8C38, 0x8C38, 0x8C38, 0x8C38, 0x8C38, 0x8C38, 0x8C38, 0x8418, 0x7396, 0x83F7,
    0x7396, 0x8418, 0x8C38, 0x8C38, 0x83D6, 0x5A50, 0x0001, 0x0001, 0x0001, 0x0001, 0x0001, 0x0001,
    0x0001, 0x0001, 0x0001, 0x0001, 0x0001, 0x62D3, 0x62F4, 0x6AF4, 0x6B35, 0x6B55, 0x6B55, 0x6B55,
    0x6B55, 0x6B55, 0x6B55, 0x6B55, 0x6B55, 0x6B55, 0x6B55, 0x6B55, 0x6B55, 0x7376, 0x7BB6, 0x7BD7,
    0x83F7, 0x8C38, 0x8C38, 0x8C38, 0x8C38, 0x8C38, 0x8C38, 0x8C38, 0x8C38, 0x83F7, 0x83F7, 0x83D7,
    0x83D7, 0x83F7, 0x83F7, 0x83D7, 0x7B96, 0x7375, 0x7334, 0x0001, 0x0001, 0x0001, 0x0001, 0x0001,
    0x0001, 0x0001, 0x0001, 0x0001, 0x0001, 0x5A10, 0x6B14, 0x6B55, 0x6B55, 0x6B55, 0x6B55, 0x6B55,
    0x6B55, 0x6B55, 0x6B55, 0x6B55, 0x6B55, 0x6B55, 0x6B55, 0x6B55, 0x6B55, 0x6B55, 0x6B55, 0x6B55,
    0x6B55, 0x7376, 0x8418, 0x8C38, 0x8C38, 0x8C38, 0x8C38, 0x8C38, 0x8C38, 0x8C38, 0x8C38, 0x8418,
    0x7376, 0x7376, 0x8418, 0x8C38, 0x8C38, 0x83D6, 0x5A50, 0x0001, 0x0001, 0x0001, 0x0001, 0x0001,
    0x0001, 0x0001, 0x0001, 0x0001, 0x0001, 0x62D3, 0x62F4, 0x6AF4, 0x6B35, 0x6B55, 0x6B55, 0x6B55,
    0x6B55, 0x6B55, 0x6B55, 0x6B55, 0x6B55, 0x6B35, 0x62F3, 0x62B2, 0x5A51, 0x5A30, 0x51CF, 0x51CE,
    0x51CF, 0x5A30, 0x6292, 0x6B13, 0x7B75, 0x83F7, 0x8C38, 0x8C38, 0x8C38, 0x8C38, 0x8C38, 0x8417,
    0x8418, 0x8417, 0x8418, 0x83F7, 0x7BB6, 0x7BB6, 0x7B75, 0x0001, 0x0001, 0x0001, 0x0001, 0x0001,
    0x0001, 0x0001, 0x0001, 0x0001, 0x5A10, 0x6B14, 0x6B55, 0x6B55, 0x6B55, 0x6B55, 0x6B55, 0x6B55,
    0x6B55, 0x6B55, 0x6B55, 0x6B55, 0x6B55, 0x6B14, 0x5A0F, 0x520E, 0x4AEF, 0x4B2F, 0x4B2F, 0x4B2F,
    0x4B2F, 0x4B2F, 0x4AEF, 0x524F, 0x6B34, 0x8418, 0x8C38, 0x8C38, 0x8C38, 0x8C38, 0x8C38, 0x8C38,
    0x8418, 0x7376, 0x7376, 0x8418, 0x8C38, 0x8418, 0x6B34, 0x5A10, 0x0001, 0x0001, 0x0001, 0x0001,
    0x0001, 0x0001, 0x0001, 0x0001, 0x62D3, 0x62F4, 0x6AF4, 0x6B35, 0x6B55, 0x6B55, 0x6B55, 0x6B55,
    0x6B55, 0x6B55, 0x6B35, 0x62F4, 0x62F3, 0x5AF1, 0x52F0, 0x5310, 0x5350, 0x5391, 0x53B1, 0x5BB2,
    0x5BB2, 0x5391, 0x5351, 0x5B32, 0x6353, 0x6B74, 0x7B95, 0x83F7, 0x8C38, 0x8C38, 0x8C38, 0x8C38,
    0x8417, 0x8418, 0x8417, 0x8418, 0x83F7, 0x7BB6, 0x7BB6, 0x7B75, 0x0001, 0x0001, 0x0001, 0x0001,
    0x0001, 0x0001, 0x0001, 0x0001, 0x5A10, 0x6B14, 0x6B55, 0x6B55, 0x6B55, 0x6B55, 0x6B55, 0x6B55,
    0x6B55, 0x6B55, 0x6B55, 0x6B14, 0x524F, 0x4B0F, 0x5BB1, 0x5BD2, 0x6413, 0x8518, 0x8D59, 0x8D59,
    0x8D59, 0x8D59, 0x8518, 0x6413, 0x5B71, 0x520F, 0x5A30, 0x83D6, 0x8C38, 0x8C38, 0x8C38, 0x8C38,
    0x8C38, 0x8418, 0x7396, 0x8418, 0x8C38, 0x8C38, 0x83D6, 0x5A50, 0x0001, 0x0001, 0x0001, 0x0001,
    0x0001, 0x0001, 0x0001, 0x0001, 0x62D3, 0x62F4, 0x6AF4, 0x6B35, 0x6B55, 0x6B55, 0x6B55, 0x6B55,
    0x6B35, 0x62F4, 0x6313, 0x6332, 0x6393, 0x6BF4, 0x7495, 0x8538, 0x959A, 0x9DDA, 0x9DFB, 0xA63C,
    0xA63C, 0x9DFB, 0x95DA, 0x8D38, 0x7C96, 0x7415, 0x73D5, 0x7395, 0x7B95, 0x83F7, 0x8C38, 0x8C38,
    0x8C38, 0x8C38, 0x8C38, 0x8C38, 0x8C17, 0x83B6, 0x7BB6, 0x7B75, 0x0001, 0x0001, 0x0001, 0x0001,
    0x0001, 0x0001, 0x0001, 0x0001, 0x5A10, 0x6B14, 0x6B55, 0x6B55, 0x6B55, 0x6B55, 0x6B55, 0x6B55,
    0x6B55, 0x6B55, 0x6B14, 0x5A50, 0x63B2, 0x8518, 0x8D59, 0x8D79, 0xA61B, 0xA63C, 0xA63C, 0xA63C,
    0xAE5C, 0xBEBE, 0xBEDE, 0xBEBE, 0xA63C, 0x8538, 0x63B2, 0x5A50, 0x6B34, 0x8418, 0x8C38, 0x8C38,
    0x8C38, 0x8C38, 0x8C38, 0x8C38, 0x8C38, 0x8C38, 0x83D6, 0x5A50, 0x0001, 0x0001, 0x0001, 0x0001,
    0x0001, 0x0001, 0x0001, 0x0001, 0x62D3, 0x62F4, 0x6AF4, 0x6B35, 0x6B55, 0x6B55, 0x6B55, 0x6B35,
    0x62F4, 0x6313, 0x6332, 0x6393, 0x6BF4, 0x7CB6, 0x8D58, 0x95DA, 0x9DFB, 0xA63C, 0xAE3C, 0xAE5C,
    0xB67D, 0xB69D, 0xB6BE, 0xB69D, 0xAE5C, 0x9DBA, 0x84D7, 0x7C36, 0x73D5, 0x7395, 0x7B95, 0x83F7,
    0x8C38, 0x8C38, 0x8C38, 0x8C38, 0x83F7, 0x7B96, 0x7375, 0x7334, 0x0001, 0x0001, 0x0001, 0x0001,
    0x0001, 0x0001, 0x0001, 0x0001, 0x5A10, 0x6B14, 0x6B55, 0x6B55, 0x6B55, 0x6B55, 0x6B55, 0x6B55,
    0x6B14, 0x524F, 0x4B0F, 0x5BF3, 0x8518, 0x8D59, 0x8D79, 0xA61B, 0xA63C, 0xA63C, 0xA63C, 0xA63C,
    0xAE5C, 0xBEBE, 0xBEDE, 0xBEDE, 0xBEDE, 0xBEBE, 0xA63C, 0x8538, 0x63B2, 0x520F, 0x5A0F, 0x6B34,
    0x8418, 0x8C38, 0x8C38, 0x8418, 0x7396, 0x83F7, 0x6B34, 0x5A10, 0x0001, 0x0001, 0x0001, 0x0001,
    0x0001, 0x0001, 0x0001, 0x62D3, 0x62F4, 0x6AF4, 0x6B14, 0x6AF4, 0x6B14, 0x62F3, 0x62B2, 0x5AB1,
    0x5AF2, 0x5B52, 0x63B2, 0x6C34, 0x74B6, 0x8538, 0x959A, 0x9DDA, 0x9DFB, 0xA63C, 0xA63C, 0xAE3C,
    0xAE5C, 0xB67D, 0xB69D, 0xB69D, 0xB67D, 0xAE5C, 0x9DFB, 0x8D58, 0x7CB6, 0x6BF4, 0x6393, 0x6373,
    0x6B53, 0x6B13, 0x7B75, 0x7BB6, 0x7B96, 0x7355, 0x7334, 0x7334, 0x62D3, 0x0001, 0x0001, 0x0001,
    0x0001, 0x0001, 0x0001, 0x5A10, 0x6B14, 0x6B55, 0x6B55, 0x6B55, 0x6B55, 0x6B14, 0x5A0F, 0x520E,
    0x4B0F, 0x5BB1, 0x5BD2, 0x6413, 0x8518, 0x8D59, 0x8D79, 0xA61B, 0xA63C, 0xA63C, 0xA63C, 0xA63C,
    0xA63C, 0xA63C, 0xA63C, 0xA63C, 0xA63C, 0xA63C, 0xA61B, 0x8D79, 0x8D59, 0x8518, 0x5BF3, 0x4B0F,
    0x520E, 0x51CE, 0x5A0F, 0x6B34, 0x8418, 0x8418, 0x7376, 0x6B14, 0x5A10, 0x0001, 0x0001, 0x0001,
    0x0001, 0x0001, 0x0001, 0x62D3, 0x62F4, 0x6AF4, 0x6B35, 0x6B55, 0x6B35, 0x6354, 0x6353, 0x5B72,
    0x5371, 0x5370, 0x5371, 0x5BD2, 0x6413, 0x7495, 0x8517, 0x9599, 0x9DDA, 0x9DFB, 0xA63C, 0xA63C,
    0xA63C, 0xA63C, 0xA63C, 0xA63C, 0x9DDA, 0x8D58, 0x7CD6, 0x6C54, 0x5BD2, 0x5371, 0x4B50, 0x5330,
    0x5B31, 0x6353, 0x6B54, 0x7355, 0x7396, 0x7396, 0x6B34, 0x6AF4, 0x62D3, 0x0001, 0x0001, 0x0001,
    0x0001, 0x0001, 0x0001, 0x5A10, 0x6B14, 0x6B14, 0x5A50, 0x6B14, 0x6B55, 0x6B14, 0x5A50, 0x5351,
    0x4B10, 0x522F, 0x520F, 0x520F, 0x520F, 0x522F, 0x5351, 0x7CF7, 0x8D79, 0xA61B, 0xA63C, 0xA63C,
    0xA63C, 0xA63C, 0xA63C, 0xA61B, 0x8518, 0x5351, 0x522F, 0x520F, 0x520F, 0x520F, 0x522F, 0x4B10,
    0x5391, 0x4B0F, 0x524F, 0x6B14, 0x6B14, 0x5A50, 0x6B14, 0x6B14, 0x5A10, 0x0001, 0x0001, 0x0001,
    0x0001, 0x0001, 0x0001, 0x5AB2, 0x4A91, 0x5271, 0x5292, 0x5271, 0x4A70, 0x5250, 0x5270, 0x528F,
    0x4AAF, 0x52F0, 0x5310, 0x5350, 0x5310, 0x5311, 0x6372, 0x6BD4, 0x7C76, 0x8D18, 0x9DDA, 0xA63C,
    0xA63C, 0x9DDA, 0x8D18, 0x7C76, 0x6BD4, 0x6372, 0x5311, 0x5310, 0x5350, 0x5310, 0x52F0, 0x4AAF,
    0x426F, 0x424F, 0x422E, 0x3A2E, 0x4250, 0x4A50, 0x5271, 0x4A91, 0x5AB2, 0x0001, 0x0001, 0x0001,
    0x0001, 0x0001, 0x0001, 0x5A10, 0x6B14, 0x5B14, 0x32D1, 0x6C76, 0x6B55, 0x5A10, 0x522F, 0x4AEF,
    0x42EE, 0x3A0A, 0x39C9, 0x39C9, 0x3A2B, 0x5350, 0x4B50, 0x5371, 0x5AF1, 0x84F8, 0xA61B, 0xA63C,
    0xA63C, 0xA61B, 0x84F8, 0x5AF1, 0x5371, 0x4B50, 0x5350, 0x3A2B, 0x39C9, 0x39C9, 0x3A0A, 0x42EE,
    0x4AEF, 0x526F, 0x42CF, 0x2AD0, 0x6435, 0x32D1, 0x5B14, 0x6B14, 0x5A10, 0x0001, 0x0001, 0x0001,
    0x0001, 0x0001, 0x0001, 0x4AB1, 0x6394, 0x6BB4, 0x6BD4, 0x63D3, 0x63D3, 0x5B51, 0x4A8D, 0x3A4C,
    0x3A2B, 0x39EA, 0x39C9, 0x39C9, 0x39EA, 0x3A2B, 0x428D, 0x5350, 0x6C13, 0x7CD6, 0x8D79, 0x9DFB,
    0xA61B, 0x9DDA, 0x8D58, 0x7475, 0x63B1, 0x4AEE, 0x3A2B, 0x39EA, 0x39C9, 0x39C9, 0x39EA, 0x3A2B,
    0x3A4C, 0x3A8D, 0x4B30, 0x53B2, 0x53B3, 0x5BB4, 0x5B94, 0x6394, 0x4AB1, 0x0001, 0x0001, 0x0001,
    0x0001, 0x0001, 0x0001, 0x5A10, 0x5AD3, 0x3AF1, 0x74D7, 0x3B52, 0x6435, 0x2AD0, 0x3AEF, 0x42EE,
    0x52CD, 0x9D16, 0x3AB0, 0x3291, 0x6392, 0x4A8D, 0x5370, 0x5BD2, 0x5BD2, 0x6413, 0x8538, 0xA61B,
    0xA63C, 0xA63C, 0x9DDA, 0x6434, 0x5BD2, 0x5370, 0x4A8D, 0x6392, 0x3291, 0x3AB0, 0x9D16, 0x52CD,
    0x42EE, 0x3AEF, 0x228E, 0x4330, 0x3311, 0x74D7, 0x3AF1, 0x5AD3, 0x5A10, 0x0001, 0x0001, 0x0001,
    0x0001, 0x0001, 0x0001, 0x4AB1, 0x5B53, 0x4AF1, 0x4312, 0x32D0, 0x3AF0, 0x2A6E, 0x326D, 0x4AEF,
    0x4AEF, 0x4AEF, 0x4B10, 0x6BF4, 0x63D4, 0x6C35, 0x7475, 0x7CD6, 0x7495, 0x74B6, 0x7CD6, 0x8D38,
    0x9599, 0xA61B, 0x9DFB, 0x9DFB, 0x9DBA, 0x84F7, 0x7455, 0x63D4, 0x6BF4, 0x4B10, 0x4AEF, 0x4AEF,
    0x4AEF, 0x326D, 0x2A6E, 0x3AF0, 0x32D0, 0x4312, 0x4AF1, 0x5B53, 0x4AB1, 0x0001, 0x0001, 0x0001,
    0x0001, 0x0001, 0x0001, 0x5A10, 0x5AD3, 0x32D1, 0x6435, 0x32F0, 0x4372, 0x2A8F, 0x3AEF, 0x42EE,
    0x52AD, 0x8C95, 0x3A8F, 0x19CD, 0x3AAF, 0xB5DA, 0xAE3B, 0x8D79, 0x8518, 0x5BF3, 0x5BD2, 0x95BA,
    0xA63C, 0xA63C, 0xA63C, 0xA63C, 0xA61B, 0x9DBA, 0xADB9, 0x3AAF, 0x19CD, 0x3A8F, 0x8C95, 0x52AD,
    0x42EE, 0x3AEF, 0x2A8F, 0x4372, 0x3311, 0x74D7, 0x3AF1, 0x5AD3, 0x5A10, 0x0001, 0x0001, 0x0001,
    0x0001, 0x0001, 0x0001, 0x5AB2, 0x52D2, 0x5B33, 0x5353, 0x4B73, 0x4351, 0x4B51, 0x5391, 0x53B2,
    0x6C34, 0x7CD6, 0x9579, 0x9DDA, 0x9DFB, 0xA61B, 0x9DFB, 0x8D79, 0x8517, 0x8517, 0x8517, 0x8538,
    0x9599, 0xA61B, 0xA63C, 0xA63C, 0xA63C, 0xA63C, 0xA63C, 0xA63C, 0x9DFB, 0x8D58, 0x7CB5, 0x6413,
    0x5371, 0x4B50, 0x4B71, 0x4B71, 0x5393, 0x5B94, 0x6354, 0x52D2, 0x5AB2, 0x0001, 0x0001, 0x0001,
    0x0001, 0x0001, 0x0001, 0x5A10, 0x6B14, 0x5B14, 0x32D1, 0x6435, 0x228F, 0x1A2E, 0x4B50, 0x7CF7,
    0x8D79, 0xA61B, 0xA63C, 0xA63C, 0xAE5C, 0xBEBE, 0xBEDE, 0xBEBE, 0xA63C, 0x8518, 0x6413, 0x95BA,
    0xAE5C, 0xB69D, 0xAE5C, 0xA63C, 0xA63C, 0xAE5C, 0xBEBE, 0xBEDE, 0xBEDE, 0xBEBE, 0xA63C, 0x8538,
    0x5BF3, 0x430F, 0x1A2E, 0x2AD0, 0x74D7, 0x3AF1, 0x5B14, 0x6B14, 0x5A10, 0x0001, 0x0001, 0x0001,
    0x0001, 0x0001, 0x0001, 0x62D3, 0x62D3, 0x52B2, 0x4AD2, 0x4B33, 0x4312, 0x4B93, 0x53F4, 0x74D7,
    0x7D18, 0x95BA, 0xA61B, 0xAE5C, 0xB67D, 0xB69D, 0xB67D, 0xAE5C, 0x9DDA, 0x9DDA, 0x95BA, 0x9DDA,
    0x9DFB, 0xAE5C, 0xAE7D, 0xB67D, 0xB67D, 0xB67D, 0xB69D, 0xBEBE, 0xBEDE, 0xB69D, 0x9DFB, 0x8538,
    0x6C95, 0x4BB2, 0x3AF0, 0x32B0, 0x42D1, 0x4AD2, 0x52B2, 0x62D3, 0x62D3, 0x0001, 0x0001, 0x0001,
    0x0001, 0x0001, 0x0001, 0x5A10, 0x6B14, 0x6B55, 0x5B14, 0x3AF1, 0x8D99, 0x8D99, 0x3311, 0x53D2,
    0x8518, 0x8D79, 0xA61B, 0xA63C, 0xA63C, 0xAE5C, 0xBEBE, 0xB69D, 0x959A, 0x8518, 0x6C75, 0x9DDA,
    0xAE5C, 0xBEBE, 0xBEDE, 0xBEBE, 0xAE5C, 0xAE5C, 0xBEBE, 0xBEDE, 0xBEDE, 0xBEDE, 0xBEBE, 0x9DFB,
    0x5BF3, 0x32F0, 0x7CF7, 0x8D59, 0x3AF1, 0x5B14, 0x6B55, 0x6B14, 0x5A10, 0x0001, 0x0001, 0x0001,
    0x0001, 0x0001, 0x0001, 0x0001, 0x62B2, 0x5A71, 0x52B1, 0x5B33, 0x4B12, 0x5352, 0x53D3, 0x6C75,
    0x6C96, 0x8517, 0x959A, 0x9DDA, 0x9DFB, 0xA61B, 0x9DFB, 0x8D79, 0x7CD7, 0x7CF7, 0x74D7, 0x7D18,
    0x8D79, 0xA63C, 0xAE7D, 0xB67D, 0xB69D, 0xB69D, 0xB69D, 0xBEBE, 0xBEBE, 0xAE7D, 0x9DDA, 0x8538,
    0x74D7, 0x5BD4, 0x5352, 0x4B12, 0x5B33, 0x52B1, 0x5A71, 0x62B2, 0x0001, 0x0001, 0x0001, 0x0001,
    0x0001, 0x0001, 0x0001, 0x0001, 0x5A10, 0x62D3, 0x5A50, 0x6B14, 0x5B14, 0x224F, 0x120E, 0x228F,
    0x74D7, 0x8D59, 0x8D59, 0x8D79, 0xA61B, 0xA63C, 0xA61B, 0x8538, 0x53D2, 0x1A4E, 0x2AD0, 0x8D99,
    0xA63C, 0xAE5C, 0xB69D, 0xAE5C, 0xA63C, 0xAE5C, 0xBEBE, 0xBEDE, 0xBEDE, 0xBEBE, 0xA63C, 0x7CF7,
    0x228F, 0x120E, 0x226F, 0x73B6, 0x6B34, 0x5A50, 0x62D3, 0x5A10, 0x0001, 0x0001, 0x0001, 0x0001,
    0x0001, 0x0001, 0x0001, 0x0001, 0x5A51, 0x6292, 0x62B2, 0x62F4, 0x62F3, 0x5AF3, 0x5B53, 0x5B94,
    0x63F5, 0x6C55, 0x7CF7, 0x8558, 0x8D59, 0x8558, 0x7CF7, 0x6455, 0x53F3, 0x53F4, 0x5C14, 0x6C76,
    0x7D18, 0x9DDA, 0xA63C, 0xA63C, 0xAE3C, 0xAE5C, 0xB67D, 0xB69D, 0xAE7D, 0x9DDB, 0x8538, 0x7C97,
    0x6C15, 0x6BB5, 0x6B95, 0x7375, 0x7B75, 0x7314, 0x6AF3, 0x5A71, 0x0001, 0x0001, 0x0001, 0x0001,
    0x0001, 0x0001, 0x0001, 0x0001, 0x5A10, 0x62D3, 0x5A50, 0x6B14, 0x6B55, 0x6B55, 0x6B55, 0x5B14,
    0x32D1, 0x74D7, 0x8D59, 0x8D59, 0x8D59, 0x8D59, 0x8D59, 0x8D59, 0x8518, 0x53D2, 0x2AAF, 0x53D2,
    0x8518, 0x8D59, 0x8D79, 0xA61B, 0xA63C, 0xA63C, 0xAE5C, 0xBEBE, 0xBEBE, 0xA63C, 0x7CF7, 0x32D1,
    0x6334, 0x8418, 0x8C38, 0x8C38, 0x83D6, 0x6271, 0x62D3, 0x5A10, 0x0001, 0x0001, 0x0001, 0x0001,
    0x0001, 0x0001, 0x0001, 0x0001, 0x5A51, 0x6292, 0x62B2, 0x62F4, 0x6AF4, 0x6314, 0x5B14, 0x5B53,
    0x5B94, 0x63F5, 0x6C55, 0x7CF7, 0x8558, 0x8D59, 0x8D59, 0x8D59, 0x8558, 0x7CF7, 0x7CD6, 0x7CD6,
    0x7CF7, 0x8538, 0x8D79, 0x9DFB, 0xA63C, 0xAE5C, 0xAE7D, 0xAE5C, 0x9DBA, 0x8538, 0x7CB7, 0x7436,
    0x73F5, 0x73D6, 0x8417, 0x83F7, 0x7B96, 0x7375, 0x7334, 0x0001, 0x0001, 0x0001, 0x0001, 0x0001,
    0x0001, 0x0001, 0x0001, 0x0001, 0x0001, 0x5A10, 0x6B14, 0x6B55, 0x6B55, 0x6B55, 0x6B55, 0x6B55,
    0x5B14, 0x32D1, 0x74D7, 0x8D59, 0x8D59, 0x8D59, 0x8D59, 0x8D59, 0x8D59, 0x8D59, 0x8D59, 0x8D59,
    0x8D79, 0xA61B, 0xA63C, 0xA63C, 0xA63C, 0xA63C, 0xAE5C, 0xB69D, 0xA63C, 0x7CF7, 0x32D1, 0x6334,
    0x8418, 0x8C38, 0x8C38, 0x8C38, 0x8418, 0x6B34, 0x5A10, 0x0001, 0x0001, 0x0001, 0x0001, 0x0001,
    0x0001, 0x0001, 0x0001, 0x0001, 0x0001, 0x62D3, 0x62F4, 0x6AF4, 0x6B35, 0x6B55, 0x6335, 0x5B14,
    0x5B53, 0x5B94, 0x63F5, 0x6C55, 0x7CF7, 0x8558, 0x8D59, 0x8D59, 0x8D59, 0x8D79, 0x8D99, 0x95BA,
    0x9DDA, 0x9DFB, 0xA63C, 0xA63C, 0xA63C, 0xA63C, 0xA61B, 0x9599, 0x7CF7, 0x7C97, 0x7436, 0x73F5,
    0x73D6, 0x8417, 0x8C38, 0x83F7, 0x7B96, 0x7375, 0x7334, 0x0001, 0x0001, 0x0001, 0x0001, 0x0001,
    0x0001, 0x0001, 0x0001, 0x0001, 0x0001, 0x5A10, 0x6B14, 0x6B55, 0x6B55, 0x6B55, 0x6B55, 0x6B55,
    0x6B55, 0x5B14, 0x2A8F, 0x53D2, 0x8518, 0x8D59, 0x8D59, 0x8D59, 0x8D59, 0x8D59, 0x8CF8, 0x9317,
    0x92B7, 0x9B38, 0xA59B, 0xA63C, 0xA63C, 0xA63C, 0xA63C, 0xA61B, 0x7CF7, 0x32D1, 0x6334, 0x8418,
    0x8C38, 0x8C38, 0x8C38, 0x8C38, 0x8418, 0x6B34, 0x5A10, 0x0001, 0x0001, 0x0001, 0x0001, 0x0001,
    0x0001, 0x0001, 0x0001, 0x0001, 0x0001, 0x62D3, 0x62F4, 0x6AF4, 0x6B35, 0x6B55, 0x6B55, 0x6335,
    0x52F3, 0x4AD2, 0x4B12, 0x4B73, 0x53D3, 0x6455, 0x74B6, 0x7C55, 0x73D4, 0x6B12, 0x6270, 0x59CE,
    0x59AE, 0x6A10, 0x7AF3, 0x83B5, 0x8C77, 0x94F9, 0x7CD8, 0x6C76, 0x5BF5, 0x5B94, 0x5B54, 0x6B95,
    0x7BF7, 0x8C38, 0x8C38, 0x83F7, 0x7B96, 0x7375, 0x7334, 0x0001, 0x0001, 0x0001, 0x0001, 0x0001,
    0x0001, 0x0001, 0x0001, 0x0001, 0x0001, 0x5A10, 0x6B14, 0x6B55, 0x6B55, 0x6B55, 0x6B55, 0x6B55,
    0x6B55, 0x5B14, 0x2A6F, 0x32CF, 0x228E, 0x53D2, 0x8518, 0x8D59, 0x8D59, 0x8CF8, 0x9317, 0x9AD7,
    0xAB59, 0x9AD7, 0x9B38, 0xA59B, 0xA63C, 0xA61B, 0x7CF7, 0x3B31, 0x6435, 0x32D1, 0x5B14, 0x6B55,
    0x7376, 0x8418, 0x8C38, 0x8C38, 0x8418, 0x6B34, 0x5A10, 0x0001, 0x0001, 0x0001, 0x0001, 0x0001,
    0x0001, 0x0001, 0x0001, 0x0001, 0x0001, 0x0001, 0x62D3, 0x62F4, 0x62F3, 0x62D3, 0x62B2, 0x5A71,
    0x4A30, 0x422F, 0x3A4E, 0x3A6E, 0x3AEF, 0x4B71, 0x5BF3, 0x6455, 0x74B6, 0x7C76, 0x7BF5, 0x7B94,
    0x7BB5, 0x83D5, 0x8C77, 0x8CD8, 0x8518, 0x8538, 0x74D7, 0x6435, 0x5B93, 0x5B32, 0x5AF1, 0x5270,
    0x5A71, 0x6AD3, 0x6AF4, 0x6B14, 0x6B34, 0x6B14, 0x0001, 0x0001, 0x0001, 0x0001, 0x0001, 0x0001,
    0x0001, 0x0001, 0x0001, 0x0001, 0x0001, 0x0001, 0x5A10, 0x6B14, 0x6B14, 0x5A0F, 0x51CE, 0x0001,
    0x0001, 0x0001, 0x1A4E, 0x3AEF, 0x4B2F, 0x3AEF, 0x228E, 0x53D2, 0x8518, 0x8D59, 0x8D59, 0x8D59,
    0x8D79, 0xA61B, 0xA63C, 0xA61B, 0x7CF7, 0x3B31, 0x7CF7, 0xA61B, 0x8D99, 0x2AF0, 0x0001, 0x0001,
    0x0001, 0x51CE, 0x5A0F, 0x6B14, 0x6B14, 0x5A10, 0x0001, 0x0001, 0x0001, 0x0001, 0x0001, 0x0001,
    0x0001, 0x0001, 0x0001, 0x0001, 0x0001, 0x0001, 0x0001, 0x0001, 0x0001, 0x0001, 0x0001, 0x0001,
    0x0001, 0x0001, 0x4330, 0x4330, 0x4310, 0x3B10, 0x3AEF, 0x3B10, 0x4351, 0x53D3, 0x6C76, 0x8538,
    0x8D79, 0x74D7, 0x6C76, 0x6475, 0x6476, 0x6CB6, 0x7CF7, 0x7D18, 0x8D59, 0x7D18, 0x0001, 0x0001,
    0x0001, 0x0001, 0x0001, 0x0001, 0x0001, 0x0001, 0x0001, 0x0001, 0x0001, 0x0001, 0x0001, 0x0001,
    0x0001, 0x0001, 0x0001, 0x0001, 0x0001, 0x0001, 0x0001, 0x51CE, 0x0001, 0x0001, 0x0001, 0x0001,
    0x0001, 0x1A4E, 0x430F, 0x5BB1, 0x5BD2, 0x5BB1, 0x4B4F, 0x4B2F, 0x3AEF, 0x1A2E, 0x120E, 0x120E,
    0x120E, 0x120E, 0x228F, 0x7CF7, 0xA61B, 0xAE5C, 0xBEBE, 0xBEBE, 0xA63C, 0x7CF7, 0x2AB0, 0x0001,
    0x0001, 0x0001, 0x0001, 0x0001, 0x51CE, 0x0001, 0x0001, 0x0001, 0x0001, 0x0001, 0x0001, 0x0001,
    0x0001, 0x0001, 0x0001, 0x0001, 0x0001, 0x0001, 0x0001, 0x0001, 0x0001, 0x0001, 0x0001, 0x0001,
    0x0001, 0x3B10, 0x4330, 0x4B51, 0x5391, 0x53B1, 0x53B1, 0x5BB2, 0x6413, 0x6C54, 0x74B6, 0x7D17,
    0x8D79, 0x95BA, 0x9DDA, 0xA61B, 0xAE5C, 0xAE7D, 0xAE5C, 0xA61B, 0x8D79, 0x8559, 0x6CB6, 0x0001,
    0x0001, 0x0001, 0x0001, 0x0001, 0x0001, 0x0001, 0x0001, 0x0001, 0x0001, 0x0001, 0x0001, 0x0001,
  },
  {
    0x0001, 0x0001, 0x0001, 0x0001, 0x0001, 0x0001, 0x0001, 0x0001, 0x0001, 0x0001, 0x0001, 0x51CE,
    0x6B55, 0x6B55, 0x6B55, 0x6B55, 0x6B55, 0x6B55, 0x6B55, 0x6B55, 0x6B55, 0x6B55, 0x6B55, 0x6B55,
    0x6B55, 0x6B55, 0x6B55, 0x8C38, 0x8C38, 0x8C38, 0x8C38, 0x8C38, 0x8C38, 0x8C38, 0x6B55, 0x6B55,
    0x51CE, 0x0001, 0x0001, 0x0001, 0x0001, 0x0001, 0x0001, 0x0001, 0x0001, 0x0001, 0x0001, 0x0001,
    0x0001, 0x0001, 0x0001, 0x0001, 0x0001, 0x0001, 0x0001, 0x0001, 0x0001, 0x0001, 0x62B2, 0x62F3,
    0x6AF4, 0x6B55, 0x6B55, 0x6B55, 0x6B55, 0x6B55, 0x6B55, 0x6B55, 0x6B55, 0x6B55, 0x7376, 0x7B96,
    0x83D7, 0x8417, 0x8C38, 0x8417, 0x83D7, 0x7B96, 0x7376, 0x7376, 0x7B96, 0x83D7, 0x83D7, 0x7B96,
    0x7355, 0x6AF3, 0x0001, 0x0001, 0x0001, 0x0001, 0x0001, 0x0001, 0x0001, 0x0001, 0x0001, 0x0001,
    0x0001, 0x0001, 0x0001, 0x0001, 0x0001, 0x0001, 0x0001, 0x0001, 0x0001, 0x51CE, 0x6B55, 0x6B55,
    0x6B55, 0x6B55, 0x6B55, 0x6B55, 0x6B55, 0x6B55, 0x6B55, 0x6B55, 0x6B55, 0x6B55, 0x8C38, 0x8C38,
    0x8C38, 0x8C38, 0x8C38, 0x8C38, 0x8C38, 0x6B55, 0x6B55, 0x6B55, 0x6B55, 0x6B55, 0x8C38, 0x8C38,
    0x8C38, 0x6B55, 0x51CE, 0x0001, 0x0001, 0x0001, 0x0001, 0x0001, 0x0001, 0x0001, 0x0001, 0x0001,
    0x0001, 0x0001, 0x0001, 0x0001, 0x0001, 0x0001, 0x0001, 0x0001, 0x62B2, 0x62F3, 0x6AF4, 0x6B55,
    0x6B55, 0x6B55, 0x6B55, 0x6B55, 0x6B55, 0x6B55, 0x6B55, 0x7376, 0x7B96, 0x83D7, 0x8417, 0x8C38,
    0x8C38, 0x8C38, 0x8C38, 0x8C38, 0x8417, 0x83D7, 0x7B96, 0x7376, 0x6B55, 0x7376, 0x7B96, 0x83D7,
    0x83D7, 0x7B96, 0x7355, 0x6AF3, 0x0001, 0x0001, 0x0001, 0x0001, 0x0001, 0x0001, 0x0001, 0x0001,
    0x0001, 0x0001, 0x0001, 0x0001, 0x0001, 0x0001, 0x0001, 0x51CE, 0x6B55, 0x6B55, 0x6B55, 0x6B55,
    0x6B55, 0x6B55, 0x6B55, 0x6B55, 0x6B55, 0x6B55, 0x6B55, 0x6B55, 0x8C38, 0x8C38, 0x8C38, 0x8C38,
    0x8C38, 0x8C38, 0x8C38, 0x8C38, 0x8C38, 0x8C38, 0x8C38, 0x6B55, 0x6B55, 0x6B55, 0x6B55, 0x6B55,
    0x8C38, 0x8C38, 0x8C38, 0x6B55, 0x51CE, 0x0001, 0x0001, 0x0001, 0x0001, 0x0001, 0x0001, 0x0001,
    0x0001, 0x0001, 0x0001, 0x0001, 0x0001, 0x0001, 0x0001, 0x62B2, 0x62F3, 0x6AF4, 0x6B55, 0x6B55,
    0x6B55, 0x6B55, 0x6B55, 0x6B55, 0x6B55, 0x6B55, 0x7376, 0x7B96, 0x83D7, 0x8417, 0x8C38, 0x8C38,
    0x8C38, 0x8C38, 0x8C38, 0x8C38, 0x8C38, 0x8C38, 0x8C38, 0x8C38, 0x8417, 0x83D7, 0x7BD7, 0x7BD7,
    0x83D7, 0x8417, 0x83D6, 0x7BB6, 0x7354, 0x0001, 0x0001, 0x0001, 0x0001, 0x0001, 0x0001, 0x0001,
    0x0001, 0x0001, 0x0001, 0x0001, 0x0001, 0x0001, 0x51CE, 0x6B55, 0x6B55, 0x6B55, 0x6B55, 0x6B55,
    0x6B55, 0x6B55, 0x6B55, 0x6B55, 0x6B55, 0x6B55, 0x6B55, 0x8C38, 0x8C38, 0x8C38, 0x8C38, 0x8C38,
    0x8C38, 0x8C38, 0x8C38, 0x8C38, 0x8C38, 0x8C38, 0x8C38, 0x8C38, 0x8C38, 0x8C38, 0x8C38, 0x6B55,
    0x8C38, 0x8C38, 0x8C38, 0x8C38, 0x6B55, 0x51CE, 0x0001, 0x0001, 0x0001, 0x0001, 0x0001, 0x0001,
    0x0001, 0x0001, 0x0001, 0x0001, 0x0001, 0x0001, 0x62B2, 0x62F3, 0x6AF4, 0x6B55, 0x6B55, 0x6B55,
    0x6B55, 0x6B55, 0x6B55, 0x6B55, 0x6B55, 0x7376, 0x7B96, 0x83D7, 0x8417, 0x8C38, 0x8C38, 0x8C38,
    0x8C38, 0x8C38, 0x8C38, 0x8C38, 0x8C38, 0x8C38, 0x8C38, 0x8C38, 0x8C38, 0x8C38, 0x8C38, 0x8C38,
    0x8C38, 0x8C38, 0x8C38, 0x83D6, 0x7BB6, 0x7354, 0x0001, 0x0001, 0x0001, 0x0001, 0x0001, 0x0001,
    0x0001, 0x0001, 0x0001, 0x0001, 0x0001, 0x0001, 0x51CE, 0x6B55, 0x6B55, 0x6B55, 0x6B55, 0x6B55,
    0x6B55, 0x6B55, 0x6B55, 0x6B55, 0x6B55, 0x6B55, 0x6B55, 0x6B55, 0x8C38, 0x8C38, 0x8C38, 0x8C38,
    0x8C38, 0x8C38, 0x8C38, 0x8C38, 0x8C38, 0x8C38, 0x8C38, 0x8C38, 0x8C38, 0x8C38, 0x6B55, 0x8C38,
    0x6B55, 0x8C38, 0x8C38, 0x8C38, 0x8C38, 0x51CE, 0x0001, 0x0001, 0x0001, 0x0001, 0x0001, 0x0001,
    0x0001, 0x0001, 0x0001, 0x0001, 0x0001, 0x62B2, 0x62F3, 0x6AF4, 0x6B55, 0x6B55, 0x6B55, 0x6B55,
    0x6B55, 0x6B55, 0x6B55, 0x6B55, 0x6B55, 0x6B55, 0x6B55, 0x6B55, 0x6B55, 0x7376, 0x7B96, 0x83D7,
    0x8417, 0x8C38, 0x8C38, 0x8C38, 0x8C38, 0x8C38, 0x8C38, 0x8C38, 0x8C38, 0x8417, 0x83D7, 0x7BD7,
    0x7BD7, 0x83D7, 0x8417, 0x8417, 0x7B96, 0x7355, 0x6AF3, 0x0001, 0x0001, 0x0001, 0x0001, 0x0001,
    0x0001, 0x0001, 0x0001, 0x0001, 0x0001, 0x51CE, 0x6B55, 0x6B55, 0x6B55, 0x6B55, 0x6B55, 0x6B55,
    0x6B55, 0x6B55, 0x6B55, 0x6B55, 0x6B55, 0x6B55, 0x6B55, 0x6B55, 0x6B55, 0x6B55, 0x6B55, 0x6B55,
    0x6B55, 0x6B55, 0x8C38, 0x8C38, 0x8C38, 0x8C38, 0x8C38, 0x8C38, 0x8C38, 0x8C38, 0x8C38, 0x8C38,
    0x6B55, 0x6B55, 0x8C38, 0x8C38, 0x8C38, 0x8C38, 0x51CE, 0x0001, 0x0001, 0x0001, 0x0001, 0x0001,
    0x0001, 0x0001, 0x0001, 0x0001, 0x0001, 0x62B2, 0x62F3, 0x6AF4, 0x6B55, 0x6B55, 0x6B55, 0x6B55,
    0x6B55, 0x6B55, 0x6B55, 0x6B55, 0x6B55, 0x6B55, 0x6AF4, 0x62B2, 0x5A51, 0x5A0F, 0x51CE, 0x51CE,
    0x51CE, 0x5A0F, 0x6291, 0x6B14, 0x7B96, 0x8417, 0x8C38, 0x8C38, 0x8C38, 0x8C38, 0x8C38, 0x8417,
    0x8417, 0x83F7, 0x8417, 0x8417, 0x83D6, 0x7BB6, 0x7354, 0x0001, 0x0001, 0x0001, 0x0001, 0x0001,
    0x0001, 0x0001, 0x0001, 0x0001, 0x51CE, 0x6B55, 0x6B55, 0x6B55, 0x6B55, 0x6B55, 0x6B55, 0x6B55,
    0x6B55, 0x6B55, 0x6B55, 0x6B55, 0x6B55, 0x6B55, 0x51CE, 0x51CE, 0x4B2F, 0x4B2F, 0x4B2F, 0x4B2F,
    0x4B2F, 0x4B2F, 0x4B2F, 0x51CE, 0x6B55, 0x8C38, 0x8C38, 0x8C38, 0x8C38, 0x8C38, 0x8C38, 0x8C38,
    0x8C38, 0x6B55, 0x6B55, 0x8C38, 0x8C38, 0x8C38, 0x6B55, 0x51CE, 0x0001, 0x0001, 0x0001, 0x0001,
    0x0001, 0x0001, 0x0001, 0x0001, 0x62B2, 0x62F3, 0x6AF4, 0x6B55, 0x6B55, 0x6B55, 0x6B55, 0x6B55,
    0x6B55, 0x6B55, 0x6B55, 0x6AF4, 0x62F3, 0x5AD1, 0x52F0, 0x4B0F, 0x4B70, 0x5391, 0x53B1, 0x5BD2,
    0x5BD2, 0x53B1, 0x5351, 0x5B31, 0x6332, 0x6B54, 0x7B96, 0x8417, 0x8C38, 0x8C38, 0x8C38, 0x8C38,
    0x8417, 0x8417, 0x83F7, 0x8417, 0x8417, 0x83D6, 0x7BB6, 0x7354, 0x0001, 0x0001, 0x0001, 0x0001,
    0x0001, 0x0001, 0x0001, 0x0001, 0x51CE, 0x6B55, 0x6B55, 0x6B55, 0x6B55, 0x6B55, 0x6B55, 0x6B55,
    0x6B55, 0x6B55, 0x6B55, 0x6B55, 0x51CE, 0x4B2F, 0x5BD2, 0x5BD2, 0x5BD2, 0x8D59, 0x8D59, 0x8D59,
    0x8D59, 0x8D59, 0x8D59, 0x5BD2, 0x5BD2, 0x51CE, 0x51CE, 0x8C38, 0x8C38, 0x8C38, 0x8C38, 0x8C38,
    0x8C38, 0x8C38, 0x6B55, 0x8C38, 0x8C38, 0x8C38, 0x8C38, 0x51CE, 0x0001, 0x0001, 0x0001, 0x0001,
    0x0001, 0x0001, 0x0001, 0x0001, 0x62B2, 0x62F3, 0x6AF4, 0x6B55, 0x6B55, 0x6B55, 0x6B55, 0x6B55,
    0x6B55, 0x6AF4, 0x62F3, 0x5AF2, 0x6372, 0x63D3, 0x74B5, 0x8538, 0x95BA, 0x9DDB, 0xA61B, 0xA63C,
    0xA63C, 0xA61B, 0x9DDB, 0x8D59, 0x7C96, 0x6BF4, 0x6B94, 0x7374, 0x7B96, 0x8417, 0x8C38, 0x8C38,
    0x8C38, 0x8C38, 0x8C38, 0x8C38, 0x8C38, 0x83D6, 0x7BB6, 0x7354, 0x0001, 0x0001, 0x0001, 0x0001,
    0x0001, 0x0001, 0x0001, 0x0001, 0x51CE, 0x6B55, 0x6B55, 0x6B55, 0x6B55, 0x6B55, 0x6B55, 0x6B55,
    0x6B55, 0x6B55, 0x6B55, 0x51CE, 0x5BD2, 0x8D59, 0x8D59, 0x8D59, 0xA63C, 0xA63C, 0xA63C, 0xA63C,
    0xA63C, 0xBEDE, 0xBEDE, 0xBEDE, 0xA63C, 0x8D59, 0x5BD2, 0x51CE, 0x6B55, 0x8C38, 0x8C38, 0x8C38,
    0x8C38, 0x8C38, 0x8C38, 0x8C38, 0x8C38, 0x8C38, 0x8C38, 0x51CE, 0x0001, 0x0001, 0x0001, 0x0001,
    0x0001, 0x0001, 0x0001, 0x0001, 0x62B2, 0x62F3, 0x6AF4, 0x6B55, 0x6B55, 0x6B55, 0x6B55, 0x6B55,
    0x6AF4, 0x62F3, 0x5AF2, 0x6372, 0x63D3, 0x7CD6, 0x8D59, 0x9DDB, 0xA61B, 0xA63C, 0xA63C, 0xAE5C,
    0xAE7D, 0xB69D, 0xBEBE, 0xBEBE, 0xAE7D, 0x9DDA, 0x84D7, 0x7415, 0x6B94, 0x7374, 0x7B96, 0x8417,
    0x8C38, 0x8C38, 0x8C38, 0x8C38, 0x8417, 0x7B96, 0x7355, 0x6AF3, 0x0001, 0x0001, 0x0001, 0x0001,
    0x0001, 0x0001, 0x0001, 0x0001, 0x51CE, 0x6B55, 0x6B55, 0x6B55, 0x6B55, 0x6B55, 0x6B55, 0x6B55,
    0x6B55, 0x51CE, 0x4B2F, 0x5BD2, 0x8D59, 0x8D59, 0x8D59, 0xA63C, 0xA63C, 0xA63C, 0xA63C, 0xA63C,
    0xA63C, 0xBEDE, 0xBEDE, 0xBEDE, 0xBEDE, 0xBEDE, 0xA63C, 0x8D59, 0x5BD2, 0x51CE, 0x51CE, 0x6B55,
    0x8C38, 0x8C38, 0x8C38, 0x8C38, 0x6B55, 0x8C38, 0x6B55, 0x51CE, 0x0001, 0x0001, 0x0001, 0x0001,
    0x0001, 0x0001, 0x0001, 0x62B2, 0x62F3, 0x6AF4, 0x6B55, 0x6AF4, 0x6AF4, 0x62F3, 0x62B2, 0x5AB1,
    0x5AF2, 0x5B31, 0x5B92, 0x6C54, 0x74B6, 0x8538, 0x95BA, 0x9DDB, 0xA61B, 0xA63C, 0xA63C, 0xA63C,
    0xAE5C, 0xAE7D, 0xB69D, 0xB69D, 0xB69D, 0xAE5C, 0x9DFB, 0x8D59, 0x7CD6, 0x63D3, 0x6372, 0x6332,
    0x6B54, 0x7314, 0x7B96, 0x7BB6, 0x7B96, 0x7375, 0x7355, 0x6B34, 0x62B2, 0x0001, 0x0001, 0x0001,
    0x0001, 0x0001, 0x0001, 0x51CE, 0x6B55, 0x6B55, 0x6B55, 0x6B55, 0x6B55, 0x6B55, 0x51CE, 0x51CE,
    0x4B2F, 0x5BD2, 0x5BD2, 0x5BD2, 0x8D59, 0x8D59, 0x8D59, 0xA63C, 0xA63C, 0xA63C, 0xA63C, 0xA63C,
    0xA63C, 0xA63C, 0xA63C, 0xA63C, 0xA63C, 0xA63C, 0xA63C, 0x8D59, 0x8D59, 0x8D59, 0x5BD2, 0x4B2F,
    0x51CE, 0x51CE, 0x51CE, 0x6B55, 0x8C38, 0x8C38, 0x6B55, 0x6B55, 0x51CE, 0x0001, 0x0001, 0x0001,
    0x0001, 0x0001, 0x0001, 0x62B2, 0x62F3, 0x6AF4, 0x6B55, 0x6B55, 0x6B55, 0x6334, 0x6353, 0x5B72,
    0x5371, 0x5370, 0x4B70, 0x5BB1, 0x63F3, 0x6C95, 0x8517, 0x95BA, 0x9DDB, 0xA61B, 0xA63C, 0xA63C,
    0xA63C, 0xA63C, 0xA63C, 0xA63C, 0xA61B, 0x8D79, 0x7CD6, 0x6433, 0x5BB1, 0x4B70, 0x5370, 0x5330,
    0x5B31, 0x6332, 0x6B54, 0x7375, 0x7BB6, 0x7B96, 0x6B34, 0x62F3, 0x62B2, 0x0001, 0x0001, 0x0001,
    0x0001, 0x0001, 0x0001, 0x51CE, 0x6B55, 0x6B55, 0x51CE, 0x6B55, 0x6B55, 0x6B55, 0x51CE, 0x5BD2,
    0x4B2F, 0x520F, 0x520F, 0x520F, 0x520F, 0x520F, 0x4B2F, 0x8D59, 0x8D59, 0xA63C, 0xA63C, 0xA63C,
    0xA63C, 0xA63C, 0xA63C, 0xA63C, 0x8D59, 0x4B2F, 0x520F, 0x520F, 0x520F, 0x520F, 0x520F, 0x4B2F,
    0x5BD2, 0x4B2F, 0x51CE, 0x6B55, 0x6B55, 0x51CE, 0x6B55, 0x6B55, 0x51CE, 0x0001, 0x0001, 0x0001,
    0x0001, 0x0001, 0x0001, 0x62B2, 0x5292, 0x5271, 0x52B2, 0x5271, 0x4A70, 0x5250, 0x5270, 0x526F,
    0x4AAF, 0x52D0, 0x5330, 0x5370, 0x5330, 0x52F0, 0x5B32, 0x6BB3, 0x8476, 0x9539, 0xA61B, 0xA63C,
    0xA63C, 0xA61B, 0x9539, 0x8476, 0x6BB3, 0x5B32, 0x52F0, 0x5330, 0x5370, 0x5330, 0x52D0, 0x4AAF,
    0x426F, 0x424F, 0x422E, 0x3A2E, 0x3A2F, 0x4A71, 0x5271, 0x5292, 0x62B2, 0x0001, 0x0001, 0x0001,
    0x0001, 0x0001, 0x0001, 0x51CE, 0x6B55, 0x6B55, 0x120E, 0x8D59, 0x6B55, 0x51CE, 0x520F, 0x4B2F,
    0x4B2F, 0x39C9, 0x39C9, 0x39C9, 0x39C9, 0x5BD2, 0x4B2F, 0x5BD2, 0x520F, 0x8D59, 0xA63C, 0xA63C,
    0xA63C, 0xA63C, 0x8D59, 0x520F, 0x5BD2, 0x4B2F, 0x5BD2, 0x39C9, 0x39C9, 0x39C9, 0x39C9, 0x4B2F,
    0x4B2F, 0x520F, 0x4B2F, 0x120E, 0x8D59, 0x120E, 0x6B55, 0x6B55, 0x51CE, 0x0001, 0x0001, 0x0001,
    0x0001, 0x0001, 0x0001, 0x4250, 0x5B53, 0x6BD4, 0x6BF5, 0x6BF4, 0x6BF4, 0x5B30, 0x426D, 0x3A4C,
    0x3A0A, 0x39C9, 0x39C9, 0x39C9, 0x39C9, 0x3A0A, 0x426C, 0x532F, 0x6413, 0x7CF7, 0x9599, 0xA61B,
    0xA63C, 0xA61B, 0x8D79, 0x7C95, 0x63B1, 0x4AAD, 0x3A0A, 0x39C9, 0x39C9, 0x39C9, 0x39C9, 0x3A0A,
    0x3A4C, 0x326D, 0x430F, 0x5BF3, 0x53D3, 0x5BF4, 0x63B4, 0x5B53, 0x4250, 0x0001, 0x0001, 0x0001,
    0x0001, 0x0001, 0x0001, 0x51CE, 0x6B55, 0x120E, 0xA63C, 0x120E, 0x8D59, 0x120E, 0x4B2F, 0x4B2F,
    0x39C9, 0xD6DC, 0x19CD, 0x2A71, 0x7C35, 0x39C9, 0x5BD2, 0x5BD2, 0x5BD2, 0x5BD2, 0x8D59, 0xA63C,
    0xA63C, 0xA63C, 0xA63C, 0x5BD2, 0x5BD2, 0x5BD2, 0x39C9, 0x7C35, 0x2A71, 0x19CD, 0xD6DC, 0x39C9,
    0x4B2F, 0x4B2F, 0x120E, 0x5BD2, 0x120E, 0xA63C, 0x120E, 0x6B55, 0x51CE, 0x0001, 0x0001, 0x0001,
    0x0001, 0x0001, 0x0001, 0x4250, 0x5B53, 0x4B12, 0x4352, 0x2AD0, 0x3B10, 0x222D, 0x2A2C, 0x530F,
    0x530F, 0x5310, 0x4AD0, 0x63D4, 0x5393, 0x7476, 0x7CB6, 0x8517, 0x6C74, 0x7495, 0x74B6, 0x8D58,
    0x9DBA, 0xA63C, 0xA61B, 0x9DDB, 0xA5FA, 0x8D18, 0x7476, 0x5393, 0x63D4, 0x4AD0, 0x5310, 0x530F,
    0x530F, 0x2A2C, 0x222D, 0x3B10, 0x2AD0, 0x4352, 0x4B12, 0x5B53, 0x4250, 0x0001, 0x0001, 0x0001,
    0x0001, 0x0001, 0x0001, 0x51CE, 0x6B55, 0x120E, 0x8D59, 0x120E, 0x6434, 0x120E, 0x4B2F, 0x4B2F,
    0x39C9, 0xBE1A, 0x19CD, 0x19CD, 0x19CD, 0xD6DC, 0xA63C, 0x8D59, 0x8D59, 0x5BD2, 0x4B2F, 0xA63C,
    0xA63C, 0xA63C, 0xA63C, 0xA63C, 0xA63C, 0x8D59, 0xD6DC, 0x19CD, 0x19CD, 0x19CD, 0xBE1A, 0x39C9,
    0x4B2F, 0x4B2F, 0x120E, 0x6434, 0x120E, 0xA63C, 0x120E, 0x6B55, 0x51CE, 0x0001, 0x0001, 0x0001,
    0x0001, 0x0001, 0x0001, 0x62B2, 0x5292, 0x5B33, 0x5B94, 0x4B73, 0x4371, 0x4B30, 0x4B50, 0x5371,
    0x6C54, 0x7CD6, 0x95BA, 0x9DDB, 0xA61B, 0xA63C, 0xA61B, 0x9599, 0x7CF7, 0x7CD6, 0x7CD6, 0x8537,
    0x9599, 0xA63C, 0xA63C, 0xA63C, 0xA63C, 0xA63C, 0xA63C, 0xA63C, 0xA61B, 0x9599, 0x7CB6, 0x6413,
    0x4B30, 0x42EF, 0x4B71, 0x4B92, 0x53B3, 0x63B4, 0x6354, 0x5292, 0x62B2, 0x0001, 0x0001, 0x0001,
    0x0001, 0x0001, 0x0001, 0x51CE, 0x6B55, 0x6B55, 0x120E, 0x8D59, 0x120E, 0x120E, 0x4B2F, 0x8D59,
    0x8D59, 0xA63C, 0xA63C, 0xA63C, 0xA63C, 0xBEDE, 0xBEDE, 0xBEDE, 0xA63C, 0x8D59, 0x4B2F, 0xA63C,
    0xA63C, 0xBEDE, 0xA63C, 0xA63C, 0xA63C, 0xA63C, 0xBEDE, 0xBEDE, 0xBEDE, 0xBEDE, 0xA63C, 0x8D59,
    0x5BD2, 0x4B2F, 0x120E, 0x120E, 0xA63C, 0x120E, 0x6B55, 0x6B55, 0x51CE, 0x0001, 0x0001, 0x0001,
    0x0001, 0x0001, 0x0001, 0x62B2, 0x62F3, 0x52B2, 0x4AD2, 0x4B33, 0x3AF1, 0x4372, 0x53F4, 0x74D7,
    0x7D18, 0x9DDB, 0xA61B, 0xAE5C, 0xAE7D, 0xB69D, 0xB69D, 0xAE7D, 0x9DDA, 0x95BA, 0x8D79, 0x95BA,
    0xA5FB, 0xB67D, 0xB67D, 0xAE7D, 0xAE7D, 0xAE7D, 0xB69D, 0xBEBE, 0xBEDE, 0xBEBE, 0xA63B, 0x8538,
    0x6C75, 0x4B72, 0x32CF, 0x3290, 0x42D1, 0x4AD2, 0x52B2, 0x62F3, 0x62B2, 0x0001, 0x0001, 0x0001,
    0x0001, 0x0001, 0x0001, 0x51CE, 0x6B55, 0x6B55, 0x6B55, 0x120E, 0xA63C, 0xA63C, 0x120E, 0x5BD2,
    0x8D59, 0x8D59, 0xA63C, 0xA63C, 0xA63C, 0xA63C, 0xBEDE, 0xBEDE, 0x8D59, 0x8D59, 0x5BD2, 0xA63C,
    0xA63C, 0xBEDE, 0xBEDE, 0xBEDE, 0xA63C, 0xA63C, 0xBEDE, 0xBEDE, 0xBEDE, 0xBEDE, 0xBEDE, 0xA63C,
    0x5BD2, 0x120E, 0x8D59, 0xA63C, 0x120E, 0x6B55, 0x6B55, 0x6B55, 0x51CE, 0x0001, 0x0001, 0x0001,
    0x0001, 0x0001, 0x0001, 0x0001, 0x62B2, 0x6292, 0x5271, 0x6333, 0x4B12, 0x4B52, 0x53D3, 0x6C95,
    0x6C75, 0x8538, 0x95BA, 0x9DDB, 0xA61B, 0xA63C, 0xA61B, 0x9599, 0x74B6, 0x74B6, 0x6C96, 0x7CF7,
    0x8D9A, 0xAE7D, 0xB67D, 0xB67D, 0xB69D, 0xB69D, 0xB69D, 0xBEBE, 0xBEDE, 0xB69D, 0xA5FB, 0x7CF7,
    0x74D7, 0x53D3, 0x4B52, 0x4B12, 0x6333, 0x5271, 0x6292, 0x62B2, 0x0001, 0x0001, 0x0001, 0x0001,
    0x0001, 0x0001, 0x0001, 0x0001, 0x51CE, 0x6B55, 0x51CE, 0x6B55, 0x6B55, 0x120E, 0x120E, 0x120E,
    0x8D59, 0x8D59, 0x8D59, 0x8D59, 0xA63C, 0xA63C, 0xA63C, 0x8D59, 0x5BD2, 0x120E, 0x120E, 0xA63C,
    0xA63C, 0xA63C, 0xBEDE, 0xA63C, 0xA63C, 0xA63C, 0xBEDE, 0xBEDE, 0xBEDE, 0xBEDE, 0xA63C, 0x8D59,
    0x120E, 0x120E, 0x120E, 0x8C38, 0x6B55, 0x51CE, 0x6B55, 0x51CE, 0x0001, 0x0001, 0x0001, 0x0001,
    0x0001, 0x0001, 0x0001, 0x0001, 0x5A30, 0x6292, 0x6292, 0x6AF4, 0x6AF4, 0x5B14, 0x5313, 0x5B73,
    0x63F4, 0x6C75, 0x7D17, 0x8D59, 0x8D59, 0x8D59, 0x7D17, 0x6C75, 0x4BB3, 0x4BB3, 0x53D3, 0x6476,
    0x8538, 0xA61B, 0xA63C, 0xA63C, 0xA63C, 0xAE5C, 0xAE7D, 0xB69D, 0xB69D, 0xA63B, 0x8538, 0x7476,
    0x63D4, 0x6374, 0x6B95, 0x7B96, 0x7B96, 0x6AF3, 0x6AD2, 0x5A30, 0x0001, 0x0001, 0x0001, 0x0001,
    0x0001, 0x0001, 0x0001, 0x0001, 0x51CE, 0x6B55, 0x51CE, 0x6B55, 0x6B55, 0x6B55, 0x6B55, 0x6B55,
    0x120E, 0x8D59, 0x8D59, 0x8D59, 0x8D59, 0x8D59, 0x8D59, 0x8D59, 0x8D59, 0x5BD2, 0x120E, 0x5BD2,
    0x8D59, 0x8D59, 0x8D59, 0xA63C, 0xA63C, 0xA63C, 0xA63C, 0xBEDE, 0xBEDE, 0xA63C, 0x8D59, 0x120E,
    0x6B55, 0x8C38, 0x8C38, 0x8C38, 0x8C38, 0x51CE, 0x6B55, 0x51CE, 0x0001, 0x0001, 0x0001, 0x0001,
    0x0001, 0x0001, 0x0001, 0x0001, 0x5A30, 0x6292, 0x6292, 0x6AF4, 0x6AF4, 0x6B55, 0x5B14, 0x5313,
    0x5B73, 0x63F4, 0x6C75, 0x7D17, 0x8D59, 0x8D59, 0x8D59, 0x8D59, 0x8D59, 0x7D17, 0x74B6, 0x74B6,
    0x7CD6, 0x8517, 0x9599, 0xA61B, 0xA63C, 0xAE5C, 0xAE7D, 0xB67D, 0xA61B, 0x8538, 0x7496, 0x6BF5,
    0x6BB5, 0x73D6, 0x8C38, 0x8417, 0x7B96, 0x7355, 0x6AF3, 0x0001, 0x0001, 0x0001, 0x0001, 0x0001,
    0x0001, 0x0001, 0x0001, 0x0001, 0x0001, 0x51CE, 0x6B55, 0x6B55, 0x6B55, 0x6B55, 0x6B55, 0x6B55,
    0x6B55, 0x120E, 0x8D59, 0x8D59, 0x8D59, 0x8D59, 0x8D59, 0x8D59, 0x8D59, 0x8D59, 0x8D59, 0x8D59,
    0x8D59, 0xA63C, 0xA63C, 0xA63C, 0xA63C, 0xA63C, 0xA63C, 0xBEDE, 0xA63C, 0x8D59, 0x120E, 0x6B55,
    0x8C38, 0x8C38, 0x8C38, 0x8C38, 0x8C38, 0x6B55, 0x51CE, 0x0001, 0x0001, 0x0001, 0x0001, 0x0001,
    0x0001, 0x0001, 0x0001, 0x0001, 0x0001, 0x62B2, 0x62F3, 0x6AF4, 0x6B55, 0x6B55, 0x6B55, 0x5B14,
    0x5313, 0x5B73, 0x63F4, 0x6C75, 0x7D17, 0x8D59, 0x8D59, 0x8D59, 0x8D59, 0x8D59, 0x8D99, 0x95BA,
    0x9DDB, 0xA61B, 0xA63C, 0xA63C, 0xA63C, 0xA63C, 0xA63C, 0x9DBA, 0x7CF7, 0x7476, 0x6BF5, 0x6BB5,
    0x73D6, 0x8C38, 0x8C38, 0x8417, 0x7B96, 0x7355, 0x6AF3, 0x0001, 0x0001, 0x0001, 0x0001, 0x0001,
    0x0001, 0x0001, 0x0001, 0x0001, 0x0001, 0x51CE, 0x6B55, 0x6B55, 0x6B55, 0x6B55, 0x6B55, 0x6B55,
    0x6B55, 0x6B55, 0x120E, 0x5BD2, 0x8D59, 0x8D59, 0x8D59, 0x8D59, 0x8D59, 0x8D59, 0x8D59, 0x92B7,
    0x92B7, 0x92B7, 0xA63C, 0xA63C, 0xA63C, 0xA63C, 0xA63C, 0xA63C, 0x8D59, 0x120E, 0x6B55, 0x8C38,
    0x8C38, 0x8C38, 0x8C38, 0x8C38, 0x8C38, 0x6B55, 0x51CE, 0x0001, 0x0001, 0x0001, 0x0001, 0x0001,
    0x0001, 0x0001, 0x0001, 0x0001, 0x0001, 0x62B2, 0x62F3, 0x6AF4, 0x6B55, 0x6B55, 0x6B55, 0x6B55,
    0x5B14, 0x4AD2, 0x42D1, 0x4332, 0x4BB3, 0x6C75, 0x7D17, 0x7C96, 0x73D4, 0x62F1, 0x624F, 0x598E,
    0x59AE, 0x69D0, 0x7AB3, 0x8395, 0x9498, 0x9D5A, 0x8538, 0x6476, 0x53B4, 0x5353, 0x5333, 0x6B95,
    0x8417, 0x8C38, 0x8C38, 0x8417, 0x7B96, 0x7355, 0x6AF3, 0x0001, 0x0001, 0x0001, 0x0001, 0x0001,
    0x0001, 0x0001, 0x0001, 0x0001, 0x0001, 0x51CE, 0x6B55, 0x6B55, 0x6B55, 0x6B55, 0x6B55, 0x6B55,
    0x6B55, 0x6B55, 0x120E, 0x4B2F, 0x120E, 0x5BD2, 0x8D59, 0x8D59, 0x8D59, 0x8D59, 0x92B7, 0x92B7,
    0xB3BB, 0x92B7, 0x92B7, 0xA63C, 0xA63C, 0xA63C, 0x8D59, 0x120E, 0x8D59, 0x120E, 0x6B55, 0x6B55,
    0x6B55, 0x8C38, 0x8C38, 0x8C38, 0x8C38, 0x6B55, 0x51CE, 0x0001, 0x0001, 0x0001, 0x0001, 0x0001,
    0x0001, 0x0001, 0x0001, 0x0001, 0x0001, 0x0001, 0x62B2, 0x62F3, 0x6AF4, 0x6AF4, 0x62B2, 0x5A51,
    0x4A0F, 0x420E, 0x3A4E, 0x326E, 0x32CF, 0x4B71, 0x5BF3, 0x6C75, 0x7D17, 0x84B7, 0x7C15, 0x7333,
    0x7B54, 0x8394, 0x8C97, 0x9539, 0x8538, 0x7D18, 0x74F7, 0x6435, 0x5B93, 0x5B53, 0x52B1, 0x4A0F,
    0x5A51, 0x6AD3, 0x6B34, 0x6B34, 0x6B14, 0x6AF3, 0x0001, 0x0001, 0x0001, 0x0001, 0x0001, 0x0001,
    0x0001, 0x0001, 0x0001, 0x0001, 0x0001, 0x0001, 0x51CE, 0x6B55, 0x6B55, 0x51CE, 0x51CE, 0x0001,
    0x0001, 0x0001, 0x120E, 0x4B2F, 0x4B2F, 0x4B2F, 0x120E, 0x5BD2, 0x8D59, 0x8D59, 0x8D59, 0x8D59,
    0x8D59, 0xA63C, 0xA63C, 0xA63C, 0x8D59, 0x120E, 0x8D59, 0xA63C, 0xA63C, 0x120E, 0x0001, 0x0001,
    0x0001, 0x51CE, 0x51CE, 0x6B55, 0x6B55, 0x51CE, 0x0001, 0x0001, 0x0001, 0x0001, 0x0001, 0x0001,
    0x0001, 0x0001, 0x0001, 0x0001, 0x0001, 0x0001, 0x0001, 0x0001, 0x0001, 0x0001, 0x0001, 0x0001,
    0x0001, 0x0001, 0x3B10, 0x4330, 0x4330, 0x4330, 0x32CF, 0x32CF, 0x4331, 0x4BB3, 0x6C96, 0x8D59,
    0x95BA, 0x7D18, 0x6476, 0x5C14, 0x5C14, 0x6C96, 0x8D59, 0x8D79, 0x8D59, 0x74D7, 0x0001, 0x0001,
    0x0001, 0x0001, 0x0001, 0x0001, 0x0001, 0x0001, 0x0001, 0x0001, 0x0001, 0x0001, 0x0001, 0x0001,
    0x0001, 0x0001, 0x0001, 0x0001, 0x0001, 0x0001, 0x0001, 0x51CE, 0x0001, 0x0001, 0x0001, 0x0001,
    0x0001, 0x120E, 0x4B2F, 0x5BD2, 0x5BD2, 0x5BD2, 0x4B2F, 0x4B2F, 0x4B2F, 0x120E, 0x120E, 0x120E,
    0x120E, 0x120E, 0x120E, 0x8D59, 0xA63C, 0xA63C, 0xBEDE, 0xBEDE, 0xA63C, 0x8D59, 0x120E, 0x0001,
    0x0001, 0x0001, 0x0001, 0x0001, 0x51CE, 0x0001, 0x0001, 0x0001, 0x0001, 0x0001, 0x0001, 0x0001,
    0x0001, 0x0001, 0x0001, 0x0001, 0x0001, 0x0001, 0x0001, 0x0001, 0x0001, 0x0001, 0x0001, 0x0001,
    0x0001, 0x3AEF, 0x4330, 0x4B50, 0x53B1, 0x53B1, 0x53B1, 0x53B1, 0x5BF3, 0x6C54, 0x74B6, 0x7D17,
    0x8D99, 0x95BA, 0x9DDB, 0xA61B, 0xAE5C, 0xAE7D, 0xB67D, 0xAE5C, 0x8D79, 0x7D18, 0x6455, 0x0001,
    0x0001, 0x0001, 0x0001, 0x0001, 0x0001, 0x0001, 0x0001, 0x0001, 0x0001, 0x0001, 0x0001, 0x0001,
  },
  {
    0x0001, 0x0001, 0x0001, 0x0001, 0x0001, 0x0001, 0x0001, 0x0001, 0x0001, 0x0001, 0x0001, 0x51CE,
    0x6B55, 0x6B55, 0x6B55, 0x6B55, 0x6B55, 0x6B55, 0x6B55, 0x6B55, 0x6B55, 0x6B55, 0x6B55, 0x6B55,
    0x6B55, 0x6B55, 0x6B55, 0x8C38, 0x8C38, 0x8C38, 0x8C38, 0x8C38, 0x8C38, 0x8C38, 0x6B55, 0x6B55,
    0x51CE, 0x0001, 0x0001, 0x0001, 0x0001, 0x0001, 0x0001, 0x0001, 0x0001, 0x0001, 0x0001, 0x0001,
    0x0001, 0x0001, 0x0001, 0x0001, 0x0001, 0x0001, 0x0001, 0x0001, 0x0001, 0x0001, 0x6292, 0x62D3,
    0x6B55, 0x6B55, 0x6B55, 0x6B55, 0x6B55, 0x6B55, 0x6B55, 0x6B55, 0x6B55, 0x6B55, 0x6B55, 0x7396,
    0x83F7, 0x8C38, 0x8C38, 0x8C38, 0x83F7, 0x7396, 0x6B55, 0x6B55, 0x7396, 0x83F7, 0x8C38, 0x83F7,
    0x6B14, 0x6292, 0x0001, 0x0001, 0x0001, 0x0001, 0x0001, 0x0001, 0x0001, 0x0001, 0x0001, 0x0001,
    0x0001, 0x0001, 0x0001, 0x0001, 0x0001, 0x0001, 0x0001, 0x0001, 0x0001, 0x51CE, 0x6B55, 0x6B55,
    0x6B55, 0x6B55, 0x6B55, 0x6B55, 0x6B55, 0x6B55, 0x6B55, 0x6B55, 0x6B55, 0x6B55, 0x8C38, 0x8C38,
    0x8C38, 0x8C38, 0x8C38, 0x8C38, 0x8C38, 0x6B55, 0x6B55, 0x6B55, 0x6B55, 0x6B55, 0x8C38, 0x8C38,
    0x8C38, 0x6B55, 0x51CE, 0x0001, 0x0001, 0x0001, 0x0001, 0x0001, 0x0001, 0x0001, 0x0001, 0x0001,
    0x0001, 0x0001, 0x0001, 0x0001, 0x0001, 0x0001, 0x0001, 0x0001, 0x6292, 0x62D3, 0x6B55, 0x6B55,
    0x6B55, 0x6B55, 0x6B55, 0x6B55, 0x6B55, 0x6B55, 0x6B55, 0x6B55, 0x7396, 0x83F7, 0x8C38, 0x8C38,
    0x8C38, 0x8C38, 0x8C38, 0x8C38, 0x8C38, 0x83F7, 0x7396, 0x6B55, 0x6B55, 0x6B55, 0x7396, 0x83F7,
    0x8C38, 0x83F7, 0x6B14, 0x6292, 0x0001, 0x0001, 0x0001, 0x0001, 0x0001, 0x0001, 0x0001, 0x0001,
    0x0001, 0x0001, 0x0001, 0x0001, 0x0001, 0x0001, 0x0001, 0x51CE, 0x6B55, 0x6B55, 0x6B55, 0x6B55,
    0x6B55, 0x6B55, 0x6B55, 0x6B55, 0x6B55, 0x6B55, 0x6B55, 0x6B55, 0x8C38, 0x8C38, 0x8C38, 0x8C38,
    0x8C38, 0x8C38, 0x8C38, 0x8C38, 0x8C38, 0x8C38, 0x8C38, 0x6B55, 0x6B55, 0x6B55, 0x6B55, 0x6B55,
    0x8C38, 0x8C38, 0x8C38, 0x6B55, 0x51CE, 0x0001, 0x0001, 0x0001, 0x0001, 0x0001, 0x0001, 0x0001,
    0x0001, 0x0001, 0x0001, 0x0001, 0x0001, 0x0001, 0x0001, 0x6292, 0x62D3, 0x6B55, 0x6B55, 0x6B55,
    0x6B55, 0x6B55, 0x6B55, 0x6B55, 0x6B55, 0x6B55, 0x6B55, 0x7396, 0x83F7, 0x8C38, 0x8C38, 0x8C38,
    0x8C38, 0x8C38, 0x8C38, 0x8C38, 0x8C38, 0x8C38, 0x8C38, 0x8C38, 0x8C38, 0x83F7, 0x7396, 0x7396,
    0x83F7, 0x8C38, 0x8C38, 0x7B75, 0x6B13, 0x0001, 0x0001, 0x0001, 0x0001, 0x0001, 0x0001, 0x0001,
    0x0001, 0x0001, 0x0001, 0x0001, 0x0001, 0x0001, 0x51CE, 0x6B55, 0x6B55, 0x6B55, 0x6B55, 0x6B55,
    0x6B55, 0x6B55, 0x6B55, 0x6B55, 0x6B55, 0x6B55, 0x6B55, 0x8C38, 0x8C38, 0x8C38, 0x8C38, 0x8C38,
    0x8C38, 0x8C38, 0x8C38, 0x8C38, 0x8C38, 0x8C38, 0x8C38, 0x8C38, 0x8C38, 0x8C38, 0x8C38, 0x6B55,
    0x8C38, 0x8C38, 0x8C38, 0x8C38, 0x6B55, 0x51CE, 0x0001, 0x0001, 0x0001, 0x0001, 0x0001, 0x0001,
    0x0001, 0x0001, 0x0001, 0x0001, 0x0001, 0x0001, 0x6292, 0x62D3, 0x6B55, 0x6B55, 0x6B55, 0x6B55,
    0x6B55, 0x6B55, 0x6B55, 0x6B55, 0x6B55, 0x6B55, 0x7396, 0x83F7, 0x8C38, 0x8C38, 0x8C38, 0x8C38,
    0x8C38, 0x8C38, 0x8C38, 0x8C38, 0x8C38, 0x8C38, 0x8C38, 0x8C38, 0x8C38, 0x8C38, 0x8C38, 0x8C38,
    0x8C38, 0x8C38, 0x8C38, 0x8C38, 0x7B75, 0x6B13, 0x0001, 0x0001, 0x0001, 0x0001, 0x0001, 0x0001,
    0x0001, 0x0001, 0x0001, 0x0001, 0x0001, 0x0001, 0x51CE, 0x6B55, 0x6B55, 0x6B55, 0x6B55, 0x6B55,
    0x6B55, 0x6B55, 0x6B55, 0x6B55, 0x6B55, 0x6B55, 0x6B55, 0x6B55, 0x8C38, 0x8C38, 0x8C38, 0x8C38,
    0x8C38, 0x8C38, 0x8C38, 0x8C38, 0x8C38, 0x8C38, 0x8C38, 0x8C38, 0x8C38, 0x8C38, 0x6B55, 0x8C38,
    0x6B55, 0x8C38, 0x8C38, 0x8C38, 0x8C38, 0x51CE, 0x0001, 0x0001, 0x0001, 0x0001, 0x0001, 0x0001,
    0x0001, 0x0001, 0x0001, 0x0001, 0x0001, 0x6292, 0x62D3, 0x6B55, 0x6B55, 0x6B55, 0x6B55, 0x6B55,
    0x6B55, 0x6B55, 0x6B55, 0x6B55, 0x6B55, 0x6B55, 0x6B55, 0x6B55, 0x6B55, 0x6B55, 0x7396, 0x83F7,
    0x8C38, 0x8C38, 0x8C38, 0x8C38, 0x8C38, 0x8C38, 0x8C38, 0x8C38, 0x8C38, 0x8C38, 0x83F7, 0x7396,
    0x7396, 0x83F7, 0x8C38, 0x8C38, 0x83F7, 0x6B14, 0x6292, 0x0001, 0x0001, 0x0001, 0x0001, 0x0001,
    0x0001, 0x0001, 0x0001, 0x0001, 0x0001, 0x51CE, 0x6B55, 0x6B55, 0x6B55, 0x6B55, 0x6B55, 0x6B55,
    0x6B55, 0x6B55, 0x6B55, 0x6B55, 0x6B55, 0x6B55, 0x6B55, 0x6B55, 0x6B55, 0x6B55, 0x6B55, 0x6B55,
    0x6B55, 0x6B55, 0x8C38, 0x8C38, 0x8C38, 0x8C38, 0x8C38, 0x8C38, 0x8C38, 0x8C38, 0x8C38, 0x8C38,
    0x6B55, 0x6B55, 0x8C38, 0x8C38, 0x8C38, 0x8C38, 0x51CE, 0x0001, 0x0001, 0x0001, 0x0001, 0x0001,
    0x0001, 0x0001, 0x0001, 0x0001, 0x0001, 0x6292, 0x62D3, 0x6B55, 0x6B55, 0x6B55, 0x6B55, 0x6B55,
    0x6B55, 0x6B55, 0x6B55, 0x6B55, 0x6B55, 0x6B55, 0x6B55, 0x62D3, 0x5A50, 0x51CE, 0x51CE, 0x51CE,
    0x51CE, 0x51CE, 0x5A50, 0x6B14, 0x83F7, 0x8C38, 0x8C38, 0x8C38, 0x8C38, 0x8C38, 0x8C38, 0x8C38,
    0x83F7, 0x83F7, 0x83F7, 0x8C38, 0x8C38, 0x7B75, 0x6B13, 0x0001, 0x0001, 0x0001, 0x0001, 0x0001,
    0x0001, 0x0001, 0x0001, 0x0001, 0x51CE, 0x6B55, 0x6B55, 0x6B55, 0x6B55, 0x6B55, 0x6B55, 0x6B55,
    0x6B55, 0x6B55, 0x6B55, 0x6B55, 0x6B55, 0x6B55, 0x51CE, 0x51CE, 0x4B2F, 0x4B2F, 0x4B2F, 0x4B2F,
    0x4B2F, 0x4B2F, 0x4B2F, 0x51CE, 0x6B55, 0x8C38, 0x8C38, 0x8C38, 0x8C38, 0x8C38, 0x8C38, 0x8C38,
    0x8C38, 0x6B55, 0x6B55, 0x8C38, 0x8C38, 0x8C38, 0x6B55, 0x51CE, 0x0001, 0x0001, 0x0001, 0x0001,
    0x0001, 0x0001, 0x0001, 0x0001, 0x6292, 0x62D3, 0x6B55, 0x6B55, 0x6B55, 0x6B55, 0x6B55, 0x6B55,
    0x6B55, 0x6B55, 0x6B55, 0x6B55, 0x62D3, 0x5AB1, 0x4AAF, 0x4B2F, 0x4B50, 0x5391, 0x5BD2, 0x5BD2,
    0x5BD2, 0x5BD2, 0x5391, 0x52F0, 0x5AB1, 0x6B14, 0x83F7, 0x8C38, 0x8C38, 0x8C38, 0x8C38, 0x8C38,
    0x8C38, 0x83F7, 0x83F7, 0x83F7, 0x8C38, 0x8C38, 0x7B75, 0x6B13, 0x0001, 0x0001, 0x0001, 0x0001,
    0x0001, 0x0001, 0x0001, 0x0001, 0x51CE, 0x6B55, 0x6B55, 0x6B55, 0x6B55, 0x6B55, 0x6B55, 0x6B55,
    0x6B55, 0x6B55, 0x6B55, 0x6B55, 0x51CE, 0x4B2F, 0x5BD2, 0x5BD2, 0x5BD2, 0x8D59, 0x8D59, 0x8D59,
    0x8D59, 0x8D59, 0x8D59, 0x5BD2, 0x5BD2, 0x51CE, 0x51CE, 0x8C38, 0x8C38, 0x8C38, 0x8C38, 0x8C38,
    0x8C38, 0x8C38, 0x6B55, 0x8C38, 0x8C38, 0x8C38, 0x8C38, 0x51CE, 0x0001, 0x0001, 0x0001, 0x0001,
    0x0001, 0x0001, 0x0001, 0x0001, 0x6292, 0x62D3, 0x6B55, 0x6B55, 0x6B55, 0x6B55, 0x6B55, 0x6B55,
    0x6B55, 0x6B55, 0x62D3, 0x5AB1, 0x52F0, 0x6413, 0x7CD6, 0x8D59, 0x959A, 0x9DFB, 0xA63C, 0xA63C,
    0xA63C, 0xA63C, 0x9DFB, 0x95BA, 0x7CD6, 0x63B3, 0x5AF2, 0x6B14, 0x83F7, 0x8C38, 0x8C38, 0x8C38,
    0x8C38, 0x8C38, 0x8C38, 0x8C38, 0x8C38, 0x8C38, 0x7B75, 0x6B13, 0x0001, 0x0001, 0x0001, 0x0001,
    0x0001, 0x0001, 0x0001, 0x0001, 0x51CE, 0x6B55, 0x6B55, 0x6B55, 0x6B55, 0x6B55, 0x6B55, 0x6B55,
    0x6B55, 0x6B55, 0x6B55, 0x51CE, 0x5BD2, 0x8D59, 0x8D59, 0x8D59, 0xA63C, 0xA63C, 0xA63C, 0xA63C,
    0xA63C, 0xBEDE, 0xBEDE, 0xBEDE, 0xA63C, 0x8D59, 0x5BD2, 0x51CE, 0x6B55, 0x8C38, 0x8C38, 0x8C38,
    0x8C38, 0x8C38, 0x8C38, 0x8C38, 0x8C38, 0x8C38, 0x8C38, 0x51CE, 0x0001, 0x0001, 0x0001, 0x0001,
    0x0001, 0x0001, 0x0001, 0x0001, 0x6292, 0x62D3, 0x6B55, 0x6B55, 0x6B55, 0x6B55, 0x6B55, 0x6B55,
    0x6B55, 0x62D3, 0x5AB1, 0x52F0, 0x6413, 0x7CD6, 0x959A, 0x9DFB, 0xA63C, 0xA63C, 0xA63C, 0xA63C,
    0xAE7D, 0xB69D, 0xBEDE, 0xBEDE, 0xB6BE, 0xA63C, 0x8517, 0x63B3, 0x5AF2, 0x6B14, 0x83F7, 0x8C38,
    0x8C38, 0x8C38, 0x8C38, 0x8C38, 0x8C38, 0x83F7, 0x6B14, 0x6292, 0x0001, 0x0001, 0x0001, 0x0001,
    0x0001, 0x0001, 0x0001, 0x0001, 0x51CE, 0x6B55, 0x6B55, 0x6B55, 0x6B55, 0x6B55, 0x6B55, 0x6B55,
    0x6B55, 0x51CE, 0x4B2F, 0x5BD2, 0x8D59, 0x8D59, 0x8D59, 0xA63C, 0xA63C, 0xA63C, 0xA63C, 0xA63C,
    0xA63C, 0xBEDE, 0xBEDE, 0xBEDE, 0xBEDE, 0xBEDE, 0xA63C, 0x8D59, 0x5BD2, 0x51CE, 0x51CE, 0x6B55,
    0x8C38, 0x8C38, 0x8C38, 0x8C38, 0x6B55, 0x8C38, 0x6B55, 0x51CE, 0x0001, 0x0001, 0x0001, 0x0001,
    0x0001, 0x0001, 0x0001, 0x6292, 0x62D3, 0x6B55, 0x6B55, 0x6B55, 0x62D3, 0x62D3, 0x62D3, 0x62D3,
    0x5AB1, 0x52F0, 0x5391, 0x6C54, 0x7CD6, 0x8D59, 0x959A, 0x9DFB, 0xA63C, 0xA63C, 0xA63C, 0xA63C,
    0xA63C, 0xAE7D, 0xB69D, 0xBEDE, 0xB6BE, 0xAE7D, 0x9DFB, 0x95BA, 0x7CD6, 0x6413, 0x52F0, 0x5AB1,
    0x6B14, 0x83F7, 0x7B75, 0x7B75, 0x7B75, 0x83F7, 0x7396, 0x62D3, 0x6292, 0x0001, 0x0001, 0x0001,
    0x0001, 0x0001, 0x0001, 0x51CE, 0x6B55, 0x6B55, 0x6B55, 0x6B55, 0x6B55, 0x6B55, 0x51CE, 0x51CE,
    0x4B2F, 0x5BD2, 0x5BD2, 0x5BD2, 0x8D59, 0x8D59, 0x8D59, 0xA63C, 0xA63C, 0xA63C, 0xA63C, 0xA63C,
    0xA63C, 0xA63C, 0xA63C, 0xA63C, 0xA63C, 0xA63C, 0xA63C, 0x8D59, 0x8D59, 0x8D59, 0x5BD2, 0x4B2F,
    0x51CE, 0x51CE, 0x51CE, 0x6B55, 0x8C38, 0x8C38, 0x6B55, 0x6B55, 0x51CE, 0x0001, 0x0001, 0x0001,
    0x0001, 0x0001, 0x0001, 0x6292, 0x62D3, 0x6B55, 0x6B55, 0x6B55, 0x6B55, 0x6B55, 0x6333, 0x5B72,
    0x5391, 0x5391, 0x4B50, 0x4B2F, 0x5BF2, 0x7495, 0x8D59, 0x959A, 0x9DFB, 0xA63C, 0xA63C, 0xA63C,
    0xA63C, 0xA63C, 0xA63C, 0xA63C, 0xA63C, 0x9DFB, 0x7CF6, 0x5BF2, 0x4B2F, 0x4B50, 0x5391, 0x5391,
    0x52F0, 0x5AB1, 0x6B14, 0x83F7, 0x83F7, 0x7396, 0x6B55, 0x62D3, 0x6292, 0x0001, 0x0001, 0x0001,
    0x0001, 0x0001, 0x0001, 0x51CE, 0x6B55, 0x6B55, 0x51CE, 0x6B55, 0x6B55, 0x6B55, 0x51CE, 0x5BD2,
    0x4B2F, 0x520F, 0x520F, 0x520F, 0x520F, 0x520F, 0x4B2F, 0x8D59, 0x8D59, 0xA63C, 0xA63C, 0xA63C,
    0xA63C, 0xA63C, 0xA63C, 0xA63C, 0x8D59, 0x4B2F, 0x520F, 0x520F, 0x520F, 0x520F, 0x520F, 0x4B2F,
    0x5BD2, 0x4B2F, 0x51CE, 0x6B55, 0x6B55, 0x51CE, 0x6B55, 0x6B55, 0x51CE, 0x0001, 0x0001, 0x0001,
    0x0001, 0x0001, 0x0001, 0x6292, 0x62D3, 0x4AD3, 0x4250, 0x4250, 0x5A50, 0x5AB1, 0x524F, 0x526F,
    0x526F, 0x4ACF, 0x4B50, 0x5391, 0x5391, 0x52F0, 0x526F, 0x6332, 0x8497, 0x9DFB, 0xA63C, 0xA63C,
    0xA63C, 0xA63C, 0x9DFB, 0x8497, 0x6332, 0x526F, 0x52F0, 0x5391, 0x5391, 0x4B50, 0x4ACF, 0x526F,
    0x526F, 0x3A6F, 0x3A4E, 0x39EE, 0x39CE, 0x4250, 0x4AD3, 0x62D3, 0x6292, 0x0001, 0x0001, 0x0001,
    0x0001, 0x0001, 0x0001, 0x51CE, 0x6B55, 0x6B55, 0x120E, 0x8D59, 0x6B55, 0x51CE, 0x520F, 0x4B2F,
    0x4B2F, 0x39C9, 0x39C9, 0x39C9, 0x39C9, 0x5BD2, 0x4B2F, 0x5BD2, 0x520F, 0x8D59, 0xA63C, 0xA63C,
    0xA63C, 0xA63C, 0x8D59, 0x520F, 0x5BD2, 0x4B2F, 0x5BD2, 0x39C9, 0x39C9, 0x39C9, 0x39C9, 0x4B2F,
    0x4B2F, 0x520F, 0x4B2F, 0x120E, 0x8D59, 0x120E, 0x6B55, 0x6B55, 0x51CE, 0x0001, 0x0001, 0x0001,
    0x0001, 0x0001, 0x0001, 0x6292, 0x4250, 0x63D5, 0x74D7, 0x8CB7, 0x6BB3, 0x4AAF, 0x42AD, 0x3A4B,
    0x39C9, 0x39C9, 0x39C9, 0x39C9, 0x39C9, 0x39C9, 0x3A4B, 0x4AEE, 0x6413, 0x8517, 0x9DFB, 0xA63C,
    0xA63C, 0xA63C, 0x9DFB, 0x7CF6, 0x5B70, 0x3A4B, 0x39C9, 0x39C9, 0x39C9, 0x39C9, 0x39C9, 0x39C9,
    0x3A4B, 0x42AD, 0x32CF, 0x4B92, 0x6C96, 0x6C96, 0x63D5, 0x4250, 0x6292, 0x0001, 0x0001, 0x0001,
    0x0001, 0x0001, 0x0001, 0x51CE, 0x6B55, 0x120E, 0xA63C, 0x120E, 0x8D59, 0x120E, 0x4B2F, 0x4B2F,
    0x39C9, 0xD6DC, 0x19CD, 0x2A71, 0x7C35, 0x39C9, 0x5BD2, 0x5BD2, 0x5BD2, 0x5BD2, 0x8D59, 0xA63C,
    0xA63C, 0xA63C, 0xA63C, 0x5BD2, 0x5BD2, 0x5BD2, 0x39C9, 0x7C35, 0x2A71, 0x19CD, 0xD6DC, 0x39C9,
    0x4B2F, 0x4B2F, 0x120E, 0x5BD2, 0x120E, 0xA63C, 0x120E, 0x6B55, 0x51CE, 0x0001, 0x0001, 0x0001,
    0x0001, 0x0001, 0x0001, 0x6292, 0x4250, 0x63D5, 0x4372, 0x4372, 0x120E, 0x226E, 0x324D, 0x3A4B,
    0x6B70, 0x6371, 0x5BB3, 0x21EE, 0x5BB3, 0x7CB6, 0xA5DA, 0x7CD6, 0x6C54, 0x5BD2, 0x7495, 0x8D78,
    0xA63C, 0xA63C, 0xA63C, 0x9DFB, 0x95BA, 0xA5DA, 0x7CB6, 0x5BB3, 0x21EE, 0x5BB3, 0x6371, 0x6B70,
    0x3A4B, 0x324D, 0x226E, 0x120E, 0x4372, 0x4372, 0x63D5, 0x4250, 0x6292, 0x0001, 0x0001, 0x0001,
    0x0001, 0x0001, 0x0001, 0x51CE, 0x6B55, 0x120E, 0x8D59, 0x120E, 0x6434, 0x120E, 0x4B2F, 0x4B2F,
    0x39C9, 0xBE1A, 0x19CD, 0x19CD, 0x19CD, 0xD6DC, 0xA63C, 0x8D59, 0x8D59, 0x5BD2, 0x4B2F, 0xA63C,
    0xA63C, 0xA63C, 0xA63C, 0xA63C, 0xA63C, 0x8D59, 0xD6DC, 0x19CD, 0x19CD, 0x19CD, 0xBE1A, 0x39C9,
    0x4B2F, 0x4B2F, 0x120E, 0x6434, 0x120E, 0xA63C, 0x120E, 0x6B55, 0x51CE, 0x0001, 0x0001, 0x0001,
    0x0001, 0x0001, 0x0001, 0x6292, 0x62D3, 0x4AD3, 0x5394, 0x53D3, 0x53D3, 0x3B10, 0x324D, 0x5B70,
    0x6C34, 0x8D59, 0x959A, 0x9DFB, 0xA63C, 0xA63C, 0xA63C, 0x9DFB, 0x8517, 0x6413, 0x6C54, 0x8537,
    0xA63C, 0xA63C, 0xA63C, 0xA63C, 0xA63C, 0xA63C, 0xA63C, 0xA63C, 0xA63C, 0x9DFB, 0x8517, 0x5BB1,
    0x4AEE, 0x324D, 0x3B10, 0x5C34, 0x5C34, 0x63D5, 0x4AD3, 0x62D3, 0x6292, 0x0001, 0x0001, 0x0001,
    0x0001, 0x0001, 0x0001, 0x51CE, 0x6B55, 0x6B55, 0x120E, 0x8D59, 0x120E, 0x120E, 0x4B2F, 0x8D59,
    0x8D59, 0xA63C, 0xA63C, 0xA63C, 0xA63C, 0xBEDE, 0xBEDE, 0xBEDE, 0xA63C, 0x8D59, 0x4B2F, 0xA63C,
    0xA63C, 0xBEDE, 0xA63C, 0xA63C, 0xA63C, 0xA63C, 0xBEDE, 0xBEDE, 0xBEDE, 0xBEDE, 0xA63C, 0x8D59,
    0x5BD2, 0x4B2F, 0x120E, 0x120E, 0xA63C, 0x120E, 0x6B55, 0x6B55, 0x51CE, 0x0001, 0x0001, 0x0001,
    0x0001, 0x0001, 0x0001, 0x6292, 0x62D3, 0x6B55, 0x4AD3, 0x2A70, 0x3B31, 0x3B31, 0x6435, 0x6435,
    0x959A, 0x9DFB, 0xA63C, 0xA63C, 0xAE7D, 0xB69D, 0xBEDE, 0xB6BE, 0xA63C, 0x8517, 0x8517, 0x8D78,
    0xAE7D, 0xB69D, 0xB6BE, 0xAE7D, 0xA63C, 0xAE7D, 0xB69D, 0xBEDE, 0xBEDE, 0xBEDE, 0xB6BE, 0x9599,
    0x5C14, 0x4330, 0x2AAF, 0x2AAF, 0x2A70, 0x4AD3, 0x6B55, 0x62D3, 0x6292, 0x0001, 0x0001, 0x0001,
    0x0001, 0x0001, 0x0001, 0x51CE, 0x6B55, 0x6B55, 0x6B55, 0x120E, 0xA63C, 0xA63C, 0x120E, 0x5BD2,
    0x8D59, 0x8D59, 0xA63C, 0xA63C, 0xA63C, 0xA63C, 0xBEDE, 0xBEDE, 0x8D59, 0x8D59, 0x5BD2, 0xA63C,
    0xA63C, 0xBEDE, 0xBEDE, 0xBEDE, 0xA63C, 0xA63C, 0xBEDE, 0xBEDE, 0xBEDE, 0xBEDE, 0xBEDE, 0xA63C,
    0x5BD2, 0x120E, 0x8D59, 0xA63C, 0x120E, 0x6B55, 0x6B55, 0x6B55, 0x51CE, 0x0001, 0x0001, 0x0001,
    0x0001, 0x0001, 0x0001, 0x0001, 0x6292, 0x62D3, 0x62D3, 0x4250, 0x5B52, 0x4372, 0x5C14, 0x53B3,
    0x7CD6, 0x8D59, 0x959A, 0x9DFB, 0xA63C, 0xA63C, 0xA63C, 0x9DFB, 0x8517, 0x53B3, 0x5C14, 0x74D7,
    0xA63C, 0xAE7D, 0xB69D, 0xB6BE, 0xAE7D, 0xAE7D, 0xB69D, 0xBEDE, 0xBEDE, 0xBEDE, 0xAE5C, 0x8D58,
    0x53B3, 0x5C14, 0x4372, 0x5B52, 0x4250, 0x62D3, 0x62D3, 0x6292, 0x0001, 0x0001, 0x0001, 0x0001,
    0x0001, 0x0001, 0x0001, 0x0001, 0x51CE, 0x6B55, 0x51CE, 0x6B55, 0x6B55, 0x120E, 0x120E, 0x120E,
    0x8D59, 0x8D59, 0x8D59, 0x8D59, 0xA63C, 0xA63C, 0xA63C, 0x8D59, 0x5BD2, 0x120E, 0x120E, 0xA63C,
    0xA63C, 0xA63C, 0xBEDE, 0xA63C, 0xA63C, 0xA63C, 0xBEDE, 0xBEDE, 0xBEDE, 0xBEDE, 0xA63C, 0x8D59,
    0x120E, 0x120E, 0x120E, 0x8C38, 0x6B55, 0x51CE, 0x6B55, 0x51CE, 0x0001, 0x0001, 0x0001, 0x0001,
    0x0001, 0x0001, 0x0001, 0x0001, 0x6292, 0x5A50, 0x62D3, 0x62D3, 0x6B55, 0x6B55, 0x4AD3, 0x4B11,
    0x53B3, 0x7CD6, 0x8D59, 0x8D59, 0x8D59, 0x8D59, 0x8D59, 0x7CD6, 0x53B3, 0x2AAF, 0x3B31, 0x6C96,
    0x9DFB, 0xA63C, 0xA63C, 0xA63C, 0xA63C, 0xA63C, 0xAE7D, 0xB69D, 0xBEDE, 0xB6BE, 0x9599, 0x5C14,
    0x4B11, 0x5B34, 0x83F7, 0x8C38, 0x7B75, 0x6B14, 0x5A50, 0x6292, 0x0001, 0x0001, 0x0001, 0x0001,
    0x0001, 0x0001, 0x0001, 0x0001, 0x51CE, 0x6B55, 0x51CE, 0x6B55, 0x6B55, 0x6B55, 0x6B55, 0x6B55,
    0x120E, 0x8D59, 0x8D59, 0x8D59, 0x8D59, 0x8D59, 0x8D59, 0x8D59, 0x8D59, 0x5BD2, 0x120E, 0x5BD2,
    0x8D59, 0x8D59, 0x8D59, 0xA63C, 0xA63C, 0xA63C, 0xA63C, 0xBEDE, 0xBEDE, 0xA63C, 0x8D59, 0x120E,
    0x6B55, 0x8C38, 0x8C38, 0x8C38, 0x8C38, 0x51CE, 0x6B55, 0x51CE, 0x0001, 0x0001, 0x0001, 0x0001,
    0x0001, 0x0001, 0x0001, 0x0001, 0x6292, 0x5A50, 0x62D3, 0x62D3, 0x6B55, 0x6B55, 0x6B55, 0x4AD3,
    0x4B11, 0x53B3, 0x7CD6, 0x8D59, 0x8D59, 0x8D59, 0x8D59, 0x8D59, 0x8D59, 0x8D59, 0x7CD6, 0x6C54,
    0x6C54, 0x8517, 0x9DFB, 0xA63C, 0xA63C, 0xA63C, 0xAE7D, 0xB69D, 0xB6BE, 0x9599, 0x5C14, 0x5352,
    0x6374, 0x8C38, 0x8C38, 0x8C38, 0x83F7, 0x6B14, 0x6292, 0x0001, 0x0001, 0x0001, 0x0001, 0x0001,
    0x0001, 0x0001, 0x0001, 0x0001, 0x0001, 0x51CE, 0x6B55, 0x6B55, 0x6B55, 0x6B55, 0x6B55, 0x6B55,
    0x6B55, 0x120E, 0x8D59, 0x8D59, 0x8D59, 0x8D59, 0x8D59, 0x8D59, 0x8D59, 0x8D59, 0x8D59, 0x8D59,
    0x8D59, 0xA63C, 0xA63C, 0xA63C, 0xA63C, 0xA63C, 0xA63C, 0xBEDE, 0xA63C, 0x8D59, 0x120E, 0x6B55,
    0x8C38, 0x8C38, 0x8C38, 0x8C38, 0x8C38, 0x6B55, 0x51CE, 0x0001, 0x0001, 0x0001, 0x0001, 0x0001,
    0x0001, 0x0001, 0x0001, 0x0001, 0x0001, 0x6292, 0x62D3, 0x6B55, 0x6B55, 0x6B55, 0x6B55, 0x6B55,
    0x4AD3, 0x4B11, 0x53B3, 0x7CD6, 0x8D59, 0x8D59, 0x8D59, 0x8D59, 0x8D59, 0x8D59, 0x8D59, 0x959A,
    0x9DFB, 0xA63C, 0xA63C, 0xA63C, 0xA63C, 0xA63C, 0xA63C, 0xA63C, 0x8D78, 0x5C14, 0x5352, 0x6374,
    0x8C38, 0x8C38, 0x8C38, 0x8C38, 0x83F7, 0x6B14, 0x6292, 0x0001, 0x0001, 0x0001, 0x0001, 0x0001,
    0x0001, 0x0001, 0x0001, 0x0001, 0x0001, 0x51CE, 0x6B55, 0x6B55, 0x6B55, 0x6B55, 0x6B55, 0x6B55,
    0x6B55, 0x6B55, 0x120E, 0x5BD2, 0x8D59, 0x8D59, 0x8D59, 0x8D59, 0x8D59, 0x8D59, 0x8D59, 0x92B7,
    0x92B7, 0x92B7, 0xA63C, 0xA63C, 0xA63C, 0xA63C, 0xA63C, 0xA63C, 0x8D59, 0x120E, 0x6B55, 0x8C38,
    0x8C38, 0x8C38, 0x8C38, 0x8C38, 0x8C38, 0x6B55, 0x51CE, 0x0001, 0x0001, 0x0001, 0x0001, 0x0001,
    0x0001, 0x0001, 0x0001, 0x0001, 0x0001, 0x6292, 0x62D3, 0x6B55, 0x6B55, 0x6B55, 0x6B55, 0x6B55,
    0x6B55, 0x4AD3, 0x2A70, 0x2AAF, 0x53B3, 0x7CD6, 0x8D59, 0x8D59, 0x7415, 0x62D1, 0x516D, 0x598E,
    0x61AF, 0x61AF, 0x71F1, 0x8375, 0xA51A, 0xA63C, 0x9DFB, 0x6C96, 0x3B31, 0x2A70, 0x5B34, 0x83F7,
    0x8C38, 0x8C38, 0x8C38, 0x8C38, 0x83F7, 0x6B14, 0x6292, 0x0001, 0x0001, 0x0001, 0x0001, 0x0001,
    0x0001, 0x0001, 0x0001, 0x0001, 0x0001, 0x51CE, 0x6B55, 0x6B55, 0x6B55, 0x6B55, 0x6B55, 0x6B55,
    0x6B55, 0x6B55, 0x120E, 0x4B2F, 0x120E, 0x5BD2, 0x8D59, 0x8D59, 0x8D59, 0x8D59, 0x92B7, 0x92B7,
    0xB3BB, 0x92B7, 0x92B7, 0xA63C, 0xA63C, 0xA63C, 0x8D59, 0x120E, 0x8D59, 0x120E, 0x6B55, 0x6B55,
    0x6B55, 0x8C38, 0x8C38, 0x8C38, 0x8C38, 0x6B55, 0x51CE, 0x0001, 0x0001, 0x0001, 0x0001, 0x0001,
    0x0001, 0x0001, 0x0001, 0x0001, 0x0001, 0x0001, 0x6292, 0x62D3, 0x6B55, 0x6B55, 0x62D3, 0x5A50,
    0x51CE, 0x39CE, 0x3A4E, 0x32CE, 0x32CF, 0x3AEF, 0x53B3, 0x7CD6, 0x8D59, 0x8D59, 0x7C36, 0x7313,
    0x69F0, 0x7B54, 0x94B8, 0xA63C, 0x9DFB, 0x6C96, 0x6435, 0x6C96, 0x6C96, 0x5B52, 0x39EE, 0x51CE,
    0x5A50, 0x62D3, 0x7396, 0x7396, 0x6B14, 0x6292, 0x0001, 0x0001, 0x0001, 0x0001, 0x0001, 0x0001,
    0x0001, 0x0001, 0x0001, 0x0001, 0x0001, 0x0001, 0x51CE, 0x6B55, 0x6B55, 0x51CE, 0x51CE, 0x0001,
    0x0001, 0x0001, 0x120E, 0x4B2F, 0x4B2F, 0x4B2F, 0x120E, 0x5BD2, 0x8D59, 0x8D59, 0x8D59, 0x8D59,
    0x8D59, 0xA63C, 0xA63C, 0xA63C, 0x8D59, 0x120E, 0x8D59, 0xA63C, 0xA63C, 0x120E, 0x0001, 0x0001,
    0x0001, 0x51CE, 0x51CE, 0x6B55, 0x6B55, 0x51CE, 0x0001, 0x0001, 0x0001, 0x0001, 0x0001, 0x0001,
    0x0001, 0x0001, 0x0001, 0x0001, 0x0001, 0x0001, 0x0001, 0x51CE, 0x51CE, 0x0001, 0x0001, 0x0001,
    0x0001, 0x0001, 0x32F0, 0x4330, 0x5391, 0x4B50, 0x32CF, 0x226E, 0x2AAF, 0x53B3, 0x7CD6, 0x959A,
    0x9DFB, 0x9DFB, 0x6C96, 0x3B31, 0x3B31, 0x6C96, 0xA61C, 0xAE7D, 0x7D18, 0x5C35, 0x0001, 0x0001,
    0x0001, 0x0001, 0x0001, 0x51CE, 0x51CE, 0x0001, 0x0001, 0x0001, 0x0001, 0x0001, 0x0001, 0x0001,
    0x0001, 0x0001, 0x0001, 0x0001, 0x0001, 0x0001, 0x0001, 0x51CE, 0x0001, 0x0001, 0x0001, 0x0001,
    0x0001, 0x120E, 0x4B2F, 0x5BD2, 0x5BD2, 0x5BD2, 0x4B2F, 0x4B2F, 0x4B2F, 0x120E, 0x120E, 0x120E,
    0x120E, 0x120E, 0x120E, 0x8D59, 0xA63C, 0xA63C, 0xBEDE, 0xBEDE, 0xA63C, 0x8D59, 0x120E, 0x0001,
    0x0001, 0x0001, 0x0001, 0x0001, 0x51CE, 0x0001, 0x0001, 0x0001, 0x0001, 0x0001, 0x0001, 0x0001,
    0x0001, 0x0001, 0x0001, 0x0001, 0x0001, 0x0001, 0x0001, 0x0001, 0x0001, 0x0001, 0x0001, 0x0001,
    0x0001, 0x2A8E, 0x3AEF, 0x5391, 0x5BD2, 0x5BD2, 0x5391, 0x5391, 0x5391, 0x6C54, 0x7CD6, 0x8D59,
    0x8D59, 0x959A, 0x9DFB, 0xA63C, 0xA63C, 0xAE7D, 0xB69D, 0xB6BE, 0xA63C, 0x6C96, 0x4BB3, 0x0001,
    0x0001, 0x0001, 0x0001, 0x0001, 0x0001, 0x0001, 0x0001, 0x0001, 0x0001, 0x0001, 0x0001, 0x0001,
  },
  {
    0x0001, 0x0001, 0x0001, 0x0001, 0x0001, 0x0001, 0x0001, 0x0001, 0x0001, 0x0001, 0x0001, 0x51CE,
    0x6B55, 0x6B55, 0x6B55, 0x6B55, 0x6B55, 0x6B55, 0x6B55, 0x6B55, 0x6B55, 0x6B55, 0x6B55, 0x6B55,
    0x6B55, 0x6B55, 0x6B55, 0x8C38, 0x8C38, 0x8C38, 0x8C38, 0x8C38, 0x8C38, 0x8C38, 0x6B55, 0x6B55,
    0x51CE, 0x0001, 0x0001, 0x0001, 0x0001, 0x0001, 0x0001, 0x0001, 0x0001, 0x0001, 0x0001, 0x0001,
    0x0001, 0x0001, 0x0001, 0x0001, 0x0001, 0x0001, 0x0001, 0x0001, 0x0001, 0x0001, 0x5A10, 0x6B14,
    0x6B55, 0x6B55, 0x6B55, 0x6B55, 0x6B55, 0x6B55, 0x6B55, 0x6B55, 0x6B55, 0x6B55, 0x6B55, 0x7376,
    0x8418, 0x8C38, 0x8C38, 0x8C38, 0x8418, 0x7376, 0x6B55, 0x6B55, 0x7376, 0x8418, 0x8C38, 0x8418,
    0x6B34, 0x5A10, 0x0001, 0x0001, 0x0001, 0x0001, 0x0001, 0x0001, 0x0001, 0x0001, 0x0001, 0x0001,
    0x0001, 0x0001, 0x0001, 0x0001, 0x0001, 0x0001, 0x0001, 0x0001, 0x0001, 0x51CE, 0x6B55, 0x6B55,
    0x6B55, 0x6B55, 0x6B55, 0x6B55, 0x6B55, 0x6B55, 0x6B55, 0x6B55, 0x6B55, 0x6B55, 0x8C38, 0x8C38,
    0x8C38, 0x8C38, 0x8C38, 0x8C38, 0x8C38, 0x6B55, 0x6B55, 0x6B55, 0x6B55, 0x6B55, 0x8C38, 0x8C38,
    0x8C38, 0x6B55, 0x51CE, 0x0001, 0x0001, 0x0001, 0x0001, 0x0001, 0x0001, 0x0001, 0x0001, 0x0001,
    0x0001, 0x0001, 0x0001, 0x0001, 0x0001, 0x0001, 0x0001, 0x0001, 0x5A10, 0x6B14, 0x6B55, 0x6B55,
    0x6B55, 0x6B55, 0x6B55, 0x6B55, 0x6B55, 0x6B55, 0x6B55, 0x6B55, 0x7376, 0x8418, 0x8C38, 0x8C38,
    0x8C38, 0x8C38, 0x8C38, 0x8C38, 0x8C38, 0x8418, 0x7376, 0x6B55, 0x6B55, 0x6B55, 0x7376, 0x8418,
    0x8C38, 0x8418, 0x6B34, 0x5A10, 0x0001, 0x0001, 0x0001, 0x0001, 0x0001, 0x0001, 0x0001, 0x0001,
    0x0001, 0x0001, 0x0001, 0x0001, 0x0001, 0x0001, 0x0001, 0x51CE, 0x6B55, 0x6B55, 0x6B55, 0x6B55,
    0x6B55, 0x6B55, 0x6B55, 0x6B55, 0x6B55, 0x6B55, 0x6B55, 0x6B55, 0x8C38, 0x8C38, 0x8C38, 0x8C38,
    0x8C38, 0x8C38, 0x8C38, 0x8C38, 0x8C38, 0x8C38, 0x8C38, 0x6B55, 0x6B55, 0x6B55, 0x6B55, 0x6B55,
    0x8C38, 0x8C38, 0x8C38, 0x6B55, 0x51CE, 0x0001, 0x0001, 0x0001, 0x0001, 0x0001, 0x0001, 0x0001,
    0x0001, 0x0001, 0x0001, 0x0001, 0x0001, 0x0001, 0x0001, 0x5A10, 0x6B14, 0x6B55, 0x6B55, 0x6B55,
    0x6B55, 0x6B55, 0x6B55, 0x6B55, 0x6B55, 0x6B55, 0x6B55, 0x7376, 0x8418, 0x8C38, 0x8C38, 0x8C38,
    0x8C38, 0x8C38, 0x8C38, 0x8C38, 0x8C38, 0x8C38, 0x8C38, 0x8C38, 0x8C38, 0x8418, 0x7376, 0x7376,
    0x8418, 0x8C38, 0x8C38, 0x83D6, 0x5A50, 0x0001, 0x0001, 0x0001, 0x0001, 0x0001, 0x0001, 0x0001,
    0x0001, 0x0001, 0x0001, 0x0001, 0x0001, 0x0001, 0x51CE, 0x6B55, 0x6B55, 0x6B55, 0x6B55, 0x6B55,
    0x6B55, 0x6B55, 0x6B55, 0x6B55, 0x6B55, 0x6B55, 0x6B55, 0x8C38, 0x8C38, 0x8C38, 0x8C38, 0x8C38,
    0x8C38, 0x8C38, 0x8C38, 0x8C38, 0x8C38, 0x8C38, 0x8C38, 0x8C38, 0x8C38, 0x8C38, 0x8C38, 0x6B55,
    0x8C38, 0x8C38, 0x8C38, 0x8C38, 0x6B55, 0x51CE, 0x0001, 0x0001, 0x0001, 0x0001, 0x0001, 0x0001,
    0x0001, 0x0001, 0x0001, 0x0001, 0x0001, 0x0001, 0x5A10, 0x6B14, 0x6B55, 0x6B55, 0x6B55, 0x6B55,
    0x6B55, 0x6B55, 0x6B55, 0x6B55, 0x6B55, 0x6B55, 0x7376, 0x8418, 0x8C38, 0x8C38, 0x8C38, 0x8C38,
    0x8C38, 0x8C38, 0x8C38, 0x8C38, 0x8C38, 0x8C38, 0x8C38, 0x8C38, 0x8C38, 0x8C38, 0x8C38, 0x8C38,
    0x8C38, 0x8C38, 0x8C38, 0x8C38, 0x83D6, 0x5A50, 0x0001, 0x0001, 0x0001, 0x0001, 0x0001, 0x0001,
    0x0001, 0x0001, 0x0001, 0x0001, 0x0001, 0x0001, 0x51CE, 0x6B55, 0x6B55, 0x6B55, 0x6B55, 0x6B55,
    0x6B55, 0x6B55, 0x6B55, 0x6B55, 0x6B55, 0x6B55, 0x6B55, 0x6B55, 0x8C38, 0x8C38, 0x8C38, 0x8C38,
    0x8C38, 0x8C38, 0x8C38, 0x8C38, 0x8C38, 0x8C38, 0x8C38, 0x8C38, 0x8C38, 0x8C38, 0x6B55, 0x8C38,
    0x6B55, 0x8C38, 0x8C38, 0x8C38, 0x8C38, 0x51CE, 0x0001, 0x0001, 0x0001, 0x0001, 0x0001, 0x0001,
    0x0001, 0x0001, 0x0001, 0x0001, 0x0001, 0x5A10, 0x6B14, 0x6B55, 0x6B55, 0x6B55, 0x6B55, 0x6B55,
    0x6B55, 0x6B55, 0x6B55, 0x6B55, 0x6B55, 0x6B55, 0x6B55, 0x6B55, 0x6B55, 0x6B55, 0x7376, 0x8418,
    0x8C38, 0x8C38, 0x8C38, 0x8C38, 0x8C38, 0x8C38, 0x8C38, 0x8C38, 0x8C38, 0x8C38, 0x8418, 0x7376,
    0x7376, 0x8418, 0x8C38, 0x8C38, 0x8418, 0x6B34, 0x5A10, 0x0001, 0x0001, 0x0001, 0x0001, 0x0001,
    0x0001, 0x0001, 0x0001, 0x0001, 0x0001, 0x51CE, 0x6B55, 0x6B55, 0x6B55, 0x6B55, 0x6B55, 0x6B55,
    0x6B55, 0x6B55, 0x6B55, 0x6B55, 0x6B55, 0x6B55, 0x6B55, 0x6B55, 0x6B55, 0x6B55, 0x6B55, 0x6B55,
    0x6B55, 0x6B55, 0x8C38, 0x8C38, 0x8C38, 0x8C38, 0x8C38, 0x8C38, 0x8C38, 0x8C38, 0x8C38, 0x8C38,
    0x6B55, 0x6B55, 0x8C38, 0x8C38, 0x8C38, 0x8C38, 0x51CE, 0x0001, 0x0001, 0x0001, 0x0001, 0x0001,
    0x0001, 0x0001, 0x0001, 0x0001, 0x0001, 0x5A10, 0x6B14, 0x6B55, 0x6B55, 0x6B55, 0x6B55, 0x6B55,
    0x6B55, 0x6B55, 0x6B55, 0x6B55, 0x6B55, 0x6B55, 0x6B55, 0x6B14, 0x5A0F, 0x51CE, 0x51CE, 0x51CE,
    0x51CE, 0x51CE, 0x5A0F, 0x6B34, 0x8418, 0x8C38, 0x8C38, 0x8C38, 0x8C38, 0x8C38, 0x8C38, 0x8C38,
    0x8418, 0x7396, 0x8418, 0x8C38, 0x8C38, 0x83D6, 0x5A50, 0x0001, 0x0001, 0x0001, 0x0001, 0x0001,
    0x0001, 0x0001, 0x0001, 0x0001, 0x51CE, 0x6B55, 0x6B55, 0x6B55, 0x6B55, 0x6B55, 0x6B55, 0x6B55,
    0x6B55, 0x6B55, 0x6B55, 0x6B55, 0x6B55, 0x6B55, 0x51CE, 0x51CE, 0x4B2F, 0x4B2F, 0x4B2F, 0x4B2F,
    0x4B2F, 0x4B2F, 0x4B2F, 0x51CE, 0x6B55, 0x8C38, 0x8C38, 0x8C38, 0x8C38, 0x8C38, 0x8C38, 0x8C38,
    0x8C38, 0x6B55, 0x6B55, 0x8C38, 0x8C38, 0x8C38, 0x6B55, 0x51CE, 0x0001, 0x0001, 0x0001, 0x0001,
    0x0001, 0x0001, 0x0001, 0x0001, 0x5A10, 0x6B14, 0x6B55, 0x6B55, 0x6B55, 0x6B55, 0x6B55, 0x6B55,
    0x6B55, 0x6B55, 0x6B55, 0x6B55, 0x6B14, 0x524F, 0x4AEF, 0x4B2F, 0x4B4F, 0x5BB1, 0x5BD2, 0x5BD2,
    0x5BD2, 0x5BD2, 0x5BB1, 0x4B0F, 0x524F, 0x6B34, 0x8418, 0x8C38, 0x8C38, 0x8C38, 0x8C38, 0x8C38,
    0x8C38, 0x8418, 0x7396, 0x8418, 0x8C38, 0x8C38, 0x83D6, 0x5A50, 0x0001, 0x0001, 0x0001, 0x0001,
    0x0001, 0x0001, 0x0001, 0x0001, 0x51CE, 0x6B55, 0x6B55, 0x6B55, 0x6B55, 0x6B55, 0x6B55, 0x6B55,
    0x6B55, 0x6B55, 0x6B55, 0x6B55, 0x51CE, 0x4B2F, 0x5BD2, 0x5BD2, 0x5BD2, 0x8D59, 0x8D59, 0x8D59,
    0x8D59, 0x8D59, 0x8D59, 0x5BD2, 0x5BD2, 0x51CE, 0x51CE, 0x8C38, 0x8C38, 0x8C38, 0x8C38, 0x8C38,
    0x8C38, 0x8C38, 0x6B55, 0x8C38, 0x8C38, 0x8C38, 0x8C38, 0x51CE, 0x0001, 0x0001, 0x0001, 0x0001,
    0x0001, 0x0001, 0x0001, 0x0001, 0x5A10, 0x6B14, 0x6B55, 0x6B55, 0x6B55, 0x6B55, 0x6B55, 0x6B55,
    0x6B55, 0x6B55, 0x6B14, 0x524F, 0x4B0F, 0x5BF3, 0x8518, 0x8D59, 0x8D79, 0xA61B, 0xA63C, 0xA63C,
    0xA63C, 0xA63C, 0xA61B, 0x8D79, 0x8518, 0x63B2, 0x5A50, 0x6B34, 0x8418, 0x8C38, 0x8C38, 0x8C38,
    0x8C38, 0x8C38, 0x8C38, 0x8C38, 0x8C38, 0x8C38, 0x83D6, 0x5A50, 0x0001, 0x0001, 0x0001, 0x0001,
    0x0001, 0x0001, 0x0001, 0x0001, 0x51CE, 0x6B55, 0x6B55, 0x6B55, 0x6B55, 0x6B55, 0x6B55, 0x6B55,
    0x6B55, 0x6B55, 0x6B55, 0x51CE, 0x5BD2, 0x8D59, 0x8D59, 0x8D59, 0xA63C, 0xA63C, 0xA63C, 0xA63C,
    0xA63C, 0xBEDE, 0xBEDE, 0xBEDE, 0xA63C, 0x8D59, 0x5BD2, 0x51CE, 0x6B55, 0x8C38, 0x8C38, 0x8C38,
    0x8C38, 0x8C38, 0x8C38, 0x8C38, 0x8C38, 0x8C38, 0x8C38, 0x51CE, 0x0001, 0x0001, 0x0001, 0x0001,
    0x0001, 0x0001, 0x0001, 0x0001, 0x5A10, 0x6B14, 0x6B55, 0x6B55, 0x6B55, 0x6B55, 0x6B55, 0x6B55,
    0x6B55, 0x6B14, 0x524F, 0x4B0F, 0x5BF3, 0x8518, 0x8D79, 0xA61B, 0xA63C, 0xA63C, 0xA63C, 0xA63C,
    0xAE5C, 0xBEBE, 0xBEDE, 0xBEDE, 0xBEBE, 0xA63C, 0x8538, 0x63B2, 0x5A50, 0x6B34, 0x8418, 0x8C38,
    0x8C38, 0x8C38, 0x8C38, 0x8C38, 0x8C38, 0x8418, 0x6B34, 0x5A10, 0x0001, 0x0001, 0x0001, 0x0001,
    0x0001, 0x0001, 0x0001, 0x0001, 0x51CE, 0x6B55, 0x6B55, 0x6B55, 0x6B55, 0x6B55, 0x6B55, 0x6B55,
    0x6B55, 0x51CE, 0x4B2F, 0x5BD2, 0x8D59, 0x8D59, 0x8D59, 0xA63C, 0xA63C, 0xA63C, 0xA63C, 0xA63C,
    0xA63C, 0xBEDE, 0xBEDE, 0xBEDE, 0xBEDE, 0xBEDE, 0xA63C, 0x8D59, 0x5BD2, 0x51CE, 0x51CE, 0x6B55,
    0x8C38, 0x8C38, 0x8C38, 0x8C38, 0x6B55, 0x8C38, 0x6B55, 0x51CE, 0x0001, 0x0001, 0x0001, 0x0001,
    0x0001, 0x0001, 0x0001, 0x5A10, 0x6B14, 0x6B55, 0x6B55, 0x6B55, 0x6B14, 0x5A50, 0x6B14, 0x6B14,
    0x524F, 0x4B0F, 0x5BB1, 0x6413, 0x8518, 0x8D59, 0x8D79, 0xA61B, 0xA63C, 0xA63C, 0xA63C, 0xA63C,
    0xA63C, 0xAE5C, 0xBEBE, 0xBEDE, 0xBEBE, 0xAE5C, 0xA61B, 0x8D79, 0x8518, 0x5BF3, 0x4B0F, 0x524F,
    0x6B34, 0x8418, 0x83D6, 0x6291, 0x83D6, 0x8418, 0x7376, 0x6B14, 0x5A10, 0x0001, 0x0001, 0x0001,
    0x0001, 0x0001, 0x0001, 0x51CE, 0x6B55, 0x6B55, 0x6B55, 0x6B55, 0x6B55, 0x6B55, 0x51CE, 0x51CE,
    0x4B2F, 0x5BD2, 0x5BD2, 0x5BD2, 0x8D59, 0x8D59, 0x8D59, 0xA63C, 0xA63C, 0xA63C, 0xA63C, 0xA63C,
    0xA63C, 0xA63C, 0xA63C, 0xA63C, 0xA63C, 0xA63C, 0xA63C, 0x8D59, 0x8D59, 0x8D59, 0x5BD2, 0x4B2F,
    0x51CE, 0x51CE, 0x51CE, 0x6B55, 0x8C38, 0x8C38, 0x6B55, 0x6B55, 0x51CE, 0x0001, 0x0001, 0x0001,
    0x0001, 0x0001, 0x0001, 0x5A10, 0x6B14, 0x6B55, 0x6B55, 0x6B55, 0x6B55, 0x6B55, 0x6334, 0x5350,
    0x5BB1, 0x5BB1, 0x4B4F, 0x4B2F, 0x5391, 0x7CF7, 0x8D59, 0x8D79, 0xA61B, 0xA63C, 0xA63C, 0xA63C,
    0xA63C, 0xA63C, 0xA63C, 0xA63C, 0xA63C, 0xA61B, 0x8518, 0x5391, 0x4B2F, 0x4B4F, 0x5BB1, 0x5BB1,
    0x4B0F, 0x524F, 0x6B34, 0x8418, 0x8418, 0x7376, 0x6B55, 0x6B14, 0x5A10, 0x0001, 0x0001, 0x0001,
    0x0001, 0x0001, 0x0001, 0x51CE, 0x6B55, 0x6B55, 0x51CE, 0x6B55, 0x6B55, 0x6B55, 0x51CE, 0x5BD2,
    0x4B2F, 0x520F, 0x520F, 0x520F, 0x520F, 0x520F, 0x4B2F, 0x8D59, 0x8D59, 0xA63C, 0xA63C, 0xA63C,
    0xA63C, 0xA63C, 0xA63C, 0xA63C, 0x8D59, 0x4B2F, 0x520F, 0x520F, 0x520F, 0x520F, 0x520F, 0x4B2F,
    0x5BD2, 0x4B2F, 0x51CE, 0x6B55, 0x6B55, 0x51CE, 0x6B55, 0x6B55, 0x51CE, 0x0001, 0x0001, 0x0001,
    0x0001, 0x0001, 0x0001, 0x5A10, 0x6B14, 0x5B14, 0x2A2F, 0x4A0F, 0x62D3, 0x524F, 0x4AAF, 0x522F,
    0x522F, 0x4AEF, 0x4B4F, 0x5BB1, 0x5BB1, 0x4B10, 0x522F, 0x5A91, 0x84F8, 0xA61B, 0xA63C, 0xA63C,
    0xA63C, 0xA63C, 0xA61B, 0x84F8, 0x5A91, 0x522F, 0x4B10, 0x5BB1, 0x5BB1, 0x4B4F, 0x4AEF, 0x522F,
    0x522F, 0x42CF, 0x222E, 0x49CE, 0x49CE, 0x2A2F, 0x5B14, 0x6B14, 0x5A10, 0x0001, 0x0001, 0x0001,
    0x0001, 0x0001, 0x0001, 0x51CE, 0x6B55, 0x6B55, 0x120E, 0x8D59, 0x6B55, 0x51CE, 0x520F, 0x4B2F,
    0x4B2F, 0x39C9, 0x39C9, 0x39C9, 0x39C9, 0x5BD2, 0x4B2F, 0x5BD2, 0x520F, 0x8D59, 0xA63C, 0xA63C,
    0xA63C, 0xA63C, 0x8D59, 0x520F, 0x5BD2, 0x4B2F, 0x5BD2, 0x39C9, 0x39C9, 0x39C9, 0x39C9, 0x4B2F,
    0x4B2F, 0x520F, 0x4B2F, 0x120E, 0x8D59, 0x120E, 0x6B55, 0x6B55, 0x51CE, 0x0001, 0x0001, 0x0001,
    0x0001, 0x0001, 0x0001, 0x5A10, 0x5AD3, 0x3AF1, 0x8D99, 0x9D79, 0x5AB1, 0x4AEF, 0x42EE, 0x3A0A,
    0x39C9, 0x39C9, 0x39C9, 0x39C9, 0x39C9, 0x39C9, 0x3A0A, 0x4B0F, 0x5BF3, 0x8538, 0xA61B, 0xA63C,
    0xA63C, 0xA63C, 0xA61B, 0x8518, 0x5350, 0x3A0A, 0x39C9, 0x39C9, 0x39C9, 0x39C9, 0x39C9, 0x39C9,
    0x3A0A, 0x42EE, 0x3AEF, 0x2AD0, 0x7CF7, 0x8D59, 0x3AF1, 0x5AD3, 0x5A10, 0x0001, 0x0001, 0x0001,
    0x0001, 0x0001, 0x0001, 0x51CE, 0x6B55, 0x120E, 0xA63C, 0x120E, 0x8D59, 0x120E, 0x4B2F, 0x4B2F,
    0x39C9, 0xD6DC, 0x19CD, 0x2A71, 0x7C35, 0x39C9, 0x5BD2, 0x5BD2, 0x5BD2, 0x5BD2, 0x8D59, 0xA63C,
    0xA63C, 0xA63C, 0xA63C, 0x5BD2, 0x5BD2, 0x5BD2, 0x39C9, 0x7C35, 0x2A71, 0x19CD, 0xD6DC, 0x39C9,
    0x4B2F, 0x4B2F, 0x120E, 0x5BD2, 0x120E, 0xA63C, 0x120E, 0x6B55, 0x51CE, 0x0001, 0x0001, 0x0001,
    0x0001, 0x0001, 0x0001, 0x5A10, 0x5AD3, 0x3AF1, 0x74D7, 0x2AD0, 0x120E, 0x1A2E, 0x3AAE, 0x3A0A,
    0x52AD, 0x9D16, 0x3AB0, 0x2230, 0x3AB0, 0xADB9, 0x9599, 0x8518, 0x6413, 0x5BD2, 0x6434, 0x9DDA,
    0xA63C, 0xA63C, 0xA63C, 0xA61B, 0x8D79, 0x9599, 0xADB9, 0x3AB0, 0x2230, 0x3AB0, 0x9D16, 0x52AD,
    0x3A0A, 0x3AAE, 0x1A2E, 0x120E, 0x2AD0, 0x74D7, 0x3AF1, 0x5AD3, 0x5A10, 0x0001, 0x0001, 0x0001,
    0x0001, 0x0001, 0x0001, 0x51CE, 0x6B55, 0x120E, 0x8D59, 0x120E, 0x6434, 0x120E, 0x4B2F, 0x4B2F,
    0x39C9, 0xBE1A, 0x19CD, 0x19CD, 0x19CD, 0xD6DC, 0xA63C, 0x8D59, 0x8D59, 0x5BD2, 0x4B2F, 0xA63C,
    0xA63C, 0xA63C, 0xA63C, 0xA63C, 0xA63C, 0x8D59, 0xD6DC, 0x19CD, 0x19CD, 0x19CD, 0xBE1A, 0x39C9,
    0x4B2F, 0x4B2F, 0x120E, 0x6434, 0x120E, 0xA63C, 0x120E, 0x6B55, 0x51CE, 0x0001, 0x0001, 0x0001,
    0x0001, 0x0001, 0x0001, 0x5A10, 0x6B14, 0x5B14, 0x32D1, 0x6C96, 0x5C13, 0x2A8F, 0x3AAE, 0x4A8D,
    0x7CD6, 0x8D59, 0x8D79, 0xA61B, 0xA63C, 0xA63C, 0xA63C, 0xA61B, 0x8538, 0x5BF3, 0x5BD2, 0x95BA,
    0xA63C, 0xA63C, 0xA63C, 0xA63C, 0xA63C, 0xA63C, 0xA63C, 0xA63C, 0xA63C, 0xA61B, 0x8538, 0x5BB2,
    0x424C, 0x3AAE, 0x2A8F, 0x6434, 0x8538, 0x3AF1, 0x5B14, 0x6B14, 0x5A10, 0x0001, 0x0001, 0x0001,
    0x0001, 0x0001, 0x0001, 0x51CE, 0x6B55, 0x6B55, 0x120E, 0x8D59, 0x120E, 0x120E, 0x4B2F, 0x8D59,
    0x8D59, 0xA63C, 0xA63C, 0xA63C, 0xA63C, 0xBEDE, 0xBEDE, 0xBEDE, 0xA63C, 0x8D59, 0x4B2F, 0xA63C,
    0xA63C, 0xBEDE, 0xA63C, 0xA63C, 0xA63C, 0xA63C, 0xBEDE, 0xBEDE, 0xBEDE, 0xBEDE, 0xA63C, 0x8D59,
    0x5BD2, 0x4B2F, 0x120E, 0x120E, 0xA63C, 0x120E, 0x6B55, 0x6B55, 0x51CE, 0x0001, 0x0001, 0x0001,
    0x0001, 0x0001, 0x0001, 0x5A10, 0x6B14, 0x6B55, 0x5B14, 0x224F, 0x228F, 0x6435, 0x3B31, 0x74D7,
    0x8D79, 0xA61B, 0xA63C, 0xA63C, 0xAE5C, 0xBEBE, 0xBEDE, 0xBEBE, 0xA63C, 0x8538, 0x6C75, 0x9DDA,
    0xAE5C, 0xBEBE, 0xBEBE, 0xAE5C, 0xA63C, 0xAE5C, 0xBEBE, 0xBEDE, 0xBEDE, 0xBEDE, 0xBEBE, 0x9DFB,
    0x5BF3, 0x2AAF, 0x4330, 0x1A4E, 0x224F, 0x5B14, 0x6B55, 0x6B14, 0x5A10, 0x0001, 0x0001, 0x0001,
    0x0001, 0x0001, 0x0001, 0x51CE, 0x6B55, 0x6B55, 0x6B55, 0x120E, 0xA63C, 0xA63C, 0x120E, 0x5BD2,
    0x8D59, 0x8D59, 0xA63C, 0xA63C, 0xA63C, 0xA63C, 0xBEDE, 0xBEDE, 0x8D59, 0x8D59, 0x5BD2, 0xA63C,
    0xA63C, 0xBEDE, 0xBEDE, 0xBEDE, 0xA63C, 0xA63C, 0xBEDE, 0xBEDE, 0xBEDE, 0xBEDE, 0xBEDE, 0xA63C,
    0x5BD2, 0x120E, 0x8D59, 0xA63C, 0x120E, 0x6B55, 0x6B55, 0x6B55, 0x51CE, 0x0001, 0x0001, 0x0001,
    0x0001, 0x0001, 0x0001, 0x0001, 0x5A10, 0x6B14, 0x6B14, 0x4A0F, 0x32B0, 0x74D7, 0x3311, 0x53D2,
    0x8518, 0x8D59, 0x8D79, 0xA61B, 0xA63C, 0xA63C, 0xA63C, 0xA61B, 0x8538, 0x53D2, 0x3311, 0x8D99,
    0xA63C, 0xAE5C, 0xBEBE, 0xBEBE, 0xAE5C, 0xAE5C, 0xBEBE, 0xBEDE, 0xBEDE, 0xBEDE, 0xB69D, 0x8D58,
    0x53D2, 0x3311, 0x74D7, 0x32B0, 0x4A0F, 0x6B14, 0x6B14, 0x5A10, 0x0001, 0x0001, 0x0001, 0x0001,
    0x0001, 0x0001, 0x0001, 0x0001, 0x51CE, 0x6B55, 0x51CE, 0x6B55, 0x6B55, 0x120E, 0x120E, 0x120E,
    0x8D59, 0x8D59, 0x8D59, 0x8D59, 0xA63C, 0xA63C, 0xA63C, 0x8D59, 0x5BD2, 0x120E, 0x120E, 0xA63C,
    0xA63C, 0xA63C, 0xBEDE, 0xA63C, 0xA63C, 0xA63C, 0xBEDE, 0xBEDE, 0xBEDE, 0xBEDE, 0xA63C, 0x8D59,
    0x120E, 0x120E, 0x120E, 0x8C38, 0x6B55, 0x51CE, 0x6B55, 0x51CE, 0x0001, 0x0001, 0x0001, 0x0001,
    0x0001, 0x0001, 0x0001, 0x0001, 0x5A10, 0x62D3, 0x5A50, 0x6B14, 0x6B55, 0x6B55, 0x5B14, 0x2A8F,
    0x53D2, 0x8518, 0x8D59, 0x8D59, 0x8D59, 0x8D59, 0x8D59, 0x8518, 0x53D2, 0x1A4E, 0x228F, 0x7CF7,
    0xA61B, 0xA63C, 0xA63C, 0xA63C, 0xA63C, 0xA63C, 0xAE5C, 0xBEBE, 0xBEDE, 0xBEBE, 0x9DFB, 0x5BF3,
    0x2A8F, 0x6334, 0x8418, 0x8C38, 0x83D6, 0x6271, 0x62D3, 0x5A10, 0x0001, 0x0001, 0x0001, 0x0001,
    0x0001, 0x0001, 0x0001, 0x0001, 0x51CE, 0x6B55, 0x51CE, 0x6B55, 0x6B55, 0x6B55, 0x6B55, 0x6B55,
    0x120E, 0x8D59, 0x8D59, 0x8D59, 0x8D59, 0x8D59, 0x8D59, 0x8D59, 0x8D59, 0x5BD2, 0x120E, 0x5BD2,
    0x8D59, 0x8D59, 0x8D59, 0xA63C, 0xA63C, 0xA63C, 0xA63C, 0xBEDE, 0xBEDE, 0xA63C, 0x8D59, 0x120E,
    0x6B55, 0x8C38, 0x8C38, 0x8C38, 0x8C38, 0x51CE, 0x6B55, 0x51CE, 0x0001, 0x0001, 0x0001, 0x0001,
    0x0001, 0x0001, 0x0001, 0x0001, 0x5A10, 0x62D3, 0x5A50, 0x6B14, 0x6B55, 0x6B55, 0x6B55, 0x5B14,
    0x2A8F, 0x53D2, 0x8518, 0x8D59, 0x8D59, 0x8D59, 0x8D59, 0x8D59, 0x8D59, 0x8D59, 0x8518, 0x6413,
    0x6413, 0x8538, 0xA61B, 0xA63C, 0xA63C, 0xA63C, 0xAE5C, 0xBEBE, 0xBEBE, 0x9DFB, 0x5BF3, 0x32B0,
    0x73D6, 0x8C38, 0x8C38, 0x8C38, 0x8418, 0x6B34, 0x5A10, 0x0001, 0x0001, 0x0001, 0x0001, 0x0001,
    0x0001, 0x0001, 0x0001, 0x0001, 0x0001, 0x51CE, 0x6B55, 0x6B55, 0x6B55, 0x6B55, 0x6B55, 0x6B55,
    0x6B55, 0x120E, 0x8D59, 0x8D59, 0x8D59, 0x8D59, 0x8D59, 0x8D59, 0x8D59, 0x8D59, 0x8D59, 0x8D59,
    0x8D59, 0xA63C, 0xA63C, 0xA63C, 0xA63C, 0xA63C, 0xA63C, 0xBEDE, 0xA63C, 0x8D59, 0x120E, 0x6B55,
    0x8C38, 0x8C38, 0x8C38, 0x8C38, 0x8C38, 0x6B55, 0x51CE, 0x0001, 0x0001, 0x0001, 0x0001, 0x0001,
    0x0001, 0x0001, 0x0001, 0x0001, 0x0001, 0x5A10, 0x6B14, 0x6B55, 0x6B55, 0x6B55, 0x6B55, 0x6B55,
    0x5B14, 0x2A8F, 0x53D2, 0x8518, 0x8D59, 0x8D59, 0x8D59, 0x8D59, 0x8D59, 0x8D59, 0x8D59, 0x8D79,
    0xA61B, 0xA63C, 0xA63C, 0xA63C, 0xA63C, 0xA63C, 0xA63C, 0xA63C, 0x9DDA, 0x5BF3, 0x32B0, 0x73D6,
    0x8C38, 0x8C38, 0x8C38, 0x8C38, 0x8418, 0x6B34, 0x5A10, 0x0001, 0x0001, 0x0001, 0x0001, 0x0001,
    0x0001, 0x0001, 0x0001, 0x0001, 0x0001, 0x51CE, 0x6B55, 0x6B55, 0x6B55, 0x6B55, 0x6B55, 0x6B55,
    0x6B55, 0x6B55, 0x120E, 0x5BD2, 0x8D59, 0x8D59, 0x8D59, 0x8D59, 0x8D59, 0x8D59, 0x8D59, 0x92B7,
    0x92B7, 0x92B7, 0xA63C, 0xA63C, 0xA63C, 0xA63C, 0xA63C, 0xA63C, 0x8D59, 0x120E, 0x6B55, 0x8C38,
    0x8C38, 0x8C38, 0x8C38, 0x8C38, 0x8C38, 0x6B55, 0x51CE, 0x0001, 0x0001, 0x0001, 0x0001, 0x0001,
    0x0001, 0x0001, 0x0001, 0x0001, 0x0001, 0x5A10, 0x6B14, 0x6B55, 0x6B55, 0x6B55, 0x6B55, 0x6B55,
    0x6B55, 0x5B14, 0x224F, 0x1A4E, 0x53D2, 0x8518, 0x8D59, 0x8D59, 0x7CB7, 0x59AE, 0x59AE, 0x494B,
    0x494B, 0x494B, 0x59AE, 0x8275, 0xA59B, 0xA63C, 0xA61B, 0x7CF7, 0x228F, 0x224F, 0x6334, 0x8418,
    0x8C38, 0x8C38, 0x8C38, 0x8C38, 0x8418, 0x6B34, 0x5A10, 0x0001, 0x0001, 0x0001, 0x0001, 0x0001,
    0x0001, 0x0001, 0x0001, 0x0001, 0x0001, 0x51CE, 0x6B55, 0x6B55, 0x6B55, 0x6B55, 0x6B55, 0x6B55,
    0x6B55, 0x6B55, 0x120E, 0x4B2F, 0x120E, 0x5BD2, 0x8D59, 0x8D59, 0x8D59, 0x8D59, 0x8275, 0x516C,
    0x516C, 0x516C, 0x8275, 0xA63C, 0xA63C, 0xA63C, 0x8D59, 0x120E, 0x8D59, 0x120E, 0x6B55, 0x6B55,
    0x6B55, 0x8C38, 0x8C38, 0x8C38, 0x8C38, 0x6B55, 0x51CE, 0x0001, 0x0001, 0x0001, 0x0001, 0x0001,
    0x0001, 0x0001, 0x0001, 0x0001, 0x0001, 0x0001, 0x5A10, 0x6B14, 0x6B55, 0x6B55, 0x6B14, 0x5A0F,
    0x51CE, 0x49CE, 0x222E, 0x3AEF, 0x3AEF, 0x228E, 0x53D2, 0x8518, 0x8D59, 0x8D59, 0x84D7, 0x8275,
    0xB3BB, 0x8275, 0x9D7A, 0xA63C, 0xA61B, 0x7CF7, 0x3B31, 0x7CF7, 0x8D59, 0x32B0, 0x49CE, 0x51CE,
    0x5A0F, 0x6B14, 0x7376, 0x83F7, 0x6B34, 0x5A10, 0x0001, 0x0001, 0x0001, 0x0001, 0x0001, 0x0001,
    0x0001, 0x0001, 0x0001, 0x0001, 0x0001, 0x0001, 0x51CE, 0x6B55, 0x6B55, 0x51CE, 0x51CE, 0x0001,
    0x0001, 0x0001, 0x120E, 0x4B2F, 0x4B2F, 0x4B2F, 0x120E, 0x5BD2, 0x8D59, 0x8D59, 0x8D59, 0x8D59,
    0x8D59, 0xA63C, 0xA63C, 0xA63C, 0x8D59, 0x120E, 0x8D59, 0xA63C, 0xA63C, 0x120E, 0x0001, 0x0001,
    0x0001, 0x51CE, 0x51CE, 0x6B55, 0x6B55, 0x51CE, 0x0001, 0x0001, 0x0001, 0x0001, 0x0001, 0x0001,
    0x0001, 0x0001, 0x0001, 0x0001, 0x0001, 0x0001, 0x0001, 0x51CE, 0x51CE, 0x0001, 0x0001, 0x0001,
    0x0001, 0x0001, 0x1A6E, 0x4B71, 0x5BB1, 0x4B4F, 0x3AEF, 0x1A2E, 0x1A4E, 0x53D2, 0x8518, 0x8D79,
    0xA61B, 0xA61B, 0x7CF7, 0x228F, 0x228F, 0x7CF7, 0xA63C, 0xB69D, 0x959A, 0x2AF0, 0x0001, 0x0001,
    0x0001, 0x0001, 0x0001, 0x51CE, 0x51CE, 0x0001, 0x0001, 0x0001, 0x0001, 0x0001, 0x0001, 0x0001,
    0x0001, 0x0001, 0x0001, 0x0001, 0x0001, 0x0001, 0x0001, 0x51CE, 0x0001, 0x0001, 0x0001, 0x0001,
    0x0001, 0x120E, 0x4B2F, 0x5BD2, 0x5BD2, 0x5BD2, 0x4B2F, 0x4B2F, 0x4B2F, 0x120E, 0x120E, 0x120E,
    0x120E, 0x120E, 0x120E, 0x8D59, 0xA63C, 0xA63C, 0xBEDE, 0xBEDE, 0xA63C, 0x8D59, 0x120E, 0x0001,
    0x0001, 0x0001, 0x0001, 0x0001, 0x51CE, 0x0001, 0x0001, 0x0001, 0x0001, 0x0001, 0x0001, 0x0001,
    0x0001, 0x0001, 0x0001, 0x0001, 0x0001, 0x0001, 0x0001, 0x0001, 0x0001, 0x0001, 0x0001, 0x0001,
    0x0001, 0x1A4E, 0x430F, 0x5BB1, 0x5BD2, 0x5BD2, 0x5BB1, 0x4B50, 0x5BB1, 0x6413, 0x8518, 0x8D59,
    0x8D59, 0x8D79, 0xA61B, 0xA63C, 0xA63C, 0xAE5C, 0xBEBE, 0xBEBE, 0xA63C, 0x7CF7, 0x2AB0, 0x0001,
    0x0001, 0x0001, 0x0001, 0x0001, 0x0001, 0x0001, 0x0001, 0x0001, 0x0001, 0x0001, 0x0001, 0x0001,
  },
  {
    0x0001, 0x0001, 0x0001, 0x0001, 0x0001, 0x0001, 0x0001, 0x0001, 0x0001, 0x0001, 0x0001, 0x51CE,
    0x6B55, 0x6B55, 0x6B55, 0x6B55, 0x6B55, 0x6B55, 0x6B55, 0x6B55, 0x6B55, 0x6B55, 0x6B55, 0x6B55,
    0x6B55, 0x6B55, 0x6B55, 0x8C38, 0x8C38, 0x8C38, 0x8C38, 0x8C38, 0x8C38, 0x8C38, 0x6B55, 0x6B55,
    0x51CE, 0x0001, 0x0001, 0x0001, 0x0001, 0x0001, 0x0001, 0x0001, 0x0001, 0x0001, 0x0001, 0x0001,
    0x0001, 0x0001, 0x0001, 0x0001, 0x0001, 0x0001, 0x0001, 0x0001, 0x0001, 0x0001, 0x51CE, 0x6B55,
    0x6B55, 0x6B55, 0x6B55, 0x6B55, 0x6B55, 0x6B55, 0x6B55, 0x6B55, 0x6B55, 0x6B55, 0x6B55, 0x6B55,
    0x8C38, 0x8C38, 0x8C38, 0x8C38, 0x8C38, 0x6B55, 0x6B55, 0x6B55, 0x6B55, 0x8C38, 0x8C38, 0x8C38,
    0x6B55, 0x51CE, 0x0001, 0x0001, 0x0001, 0x0001, 0x0001, 0x0001, 0x0001, 0x0001, 0x0001, 0x0001,
    0x0001, 0x0001, 0x0001, 0x0001, 0x0001, 0x0001, 0x0001, 0x0001, 0x0001, 0x51CE, 0x6B55, 0x6B55,
    0x6B55, 0x6B55, 0x6B55, 0x6B55, 0x6B55, 0x6B55, 0x6B55, 0x6B55, 0x6B55, 0x6B55, 0x8C38, 0x8C38,
    0x8C38, 0x8C38, 0x8C38, 0x8C38, 0x8C38, 0x6B55, 0x6B55, 0x6B55, 0x6B55, 0x6B55, 0x8C38, 0x8C38,
    0x8C38, 0x6B55, 0x51CE, 0x0001, 0x0001, 0x0001, 0x0001, 0x0001, 0x0001, 0x0001, 0x0001, 0x0001,
    0x0001, 0x0001, 0x0001, 0x0001, 0x0001, 0x0001, 0x0001, 0x0001, 0x51CE, 0x6B55, 0x6B55, 0x6B55,
    0x6B55, 0x6B55, 0x6B55, 0x6B55, 0x6B55, 0x6B55, 0x6B55, 0x6B55, 0x6B55, 0x8C38, 0x8C38, 0x8C38,
    0x8C38, 0x8C38, 0x8C38, 0x8C38, 0x8C38, 0x8C38, 0x6B55, 0x6B55, 0x6B55, 0x6B55, 0x6B55, 0x8C38,
    0x8C38, 0x8C38, 0x6B55, 0x51CE, 0x0001, 0x0001, 0x0001, 0x0001, 0x0001, 0x0001, 0x0001, 0x0001,
    0x0001, 0x0001, 0x0001, 0x0001, 0x0001, 0x0001, 0x0001, 0x51CE, 0x6B55, 0x6B55, 0x6B55, 0x6B55,
    0x6B55, 0x6B55, 0x6B55, 0x6B55, 0x6B55, 0x6B55, 0x6B55, 0x6B55, 0x8C38, 0x8C38, 0x8C38, 0x8C38,
    0x8C38, 0x8C38, 0x8C38, 0x8C38, 0x8C38, 0x8C38, 0x8C38, 0x6B55, 0x6B55, 0x6B55, 0x6B55, 0x6B55,
    0x8C38, 0x8C38, 0x8C38, 0x6B55, 0x51CE, 0x0001, 0x0001, 0x0001, 0x0001, 0x0001, 0x0001, 0x0001,
    0x0001, 0x0001, 0x0001, 0x0001, 0x0001, 0x0001, 0x0001, 0x51CE, 0x6B55, 0x6B55, 0x6B55, 0x6B55,
    0x6B55, 0x6B55, 0x6B55, 0x6B55, 0x6B55, 0x6B55, 0x6B55, 0x6B55, 0x8C38, 0x8C38, 0x8C38, 0x8C38,
    0x8C38, 0x8C38, 0x8C38, 0x8C38, 0x8C38, 0x8C38, 0x8C38, 0x8C38, 0x8C38, 0x8C38, 0x6B55, 0x6B55,
    0x8C38, 0x8C38, 0x8C38, 0x8C38, 0x51CE, 0x0001, 0x0001, 0x0001, 0x0001, 0x0001, 0x0001, 0x0001,
    0x0001, 0x0001, 0x0001, 0x0001, 0x0001, 0x0001, 0x51CE, 0x6B55, 0x6B55, 0x6B55, 0x6B55, 0x6B55,
    0x6B55, 0x6B55, 0x6B55, 0x6B55, 0x6B55, 0x6B55, 0x6B55, 0x8C38, 0x8C38, 0x8C38, 0x8C38, 0x8C38,
    0x8C38, 0x8C38, 0x8C38, 0x8C38, 0x8C38, 0x8C38, 0x8C38, 0x8C38, 0x8C38, 0x8C38, 0x8C38, 0x6B55,
    0x8C38, 0x8C38, 0x8C38, 0x8C38, 0x6B55, 0x51CE, 0x0001, 0x0001, 0x0001, 0x0001, 0x0001, 0x0001,
    0x0001, 0x0001, 0x0001, 0x0001, 0x0001, 0x0001, 0x51CE, 0x6B55, 0x6B55, 0x6B55, 0x6B55, 0x6B55,
    0x6B55, 0x6B55, 0x6B55, 0x6B55, 0x6B55, 0x6B55, 0x6B55, 0x8C38, 0x8C38, 0x8C38, 0x8C38, 0x8C38,
    0x8C38, 0x8C38, 0x8C38, 0x8C38, 0x8C38, 0x8C38, 0x8C38, 0x8C38, 0x8C38, 0x8C38, 0x8C38, 0x8C38,
    0x8C38, 0x8C38, 0x8C38, 0x8C38, 0x8C38, 0x51CE, 0x0001, 0x0001, 0x0001, 0x0001, 0x0001, 0x0001,
    0x0001, 0x0001, 0x0001, 0x0001, 0x0001, 0x0001, 0x51CE, 0x6B55, 0x6B55, 0x6B55, 0x6B55, 0x6B55,
    0x6B55, 0x6B55, 0x6B55, 0x6B55, 0x6B55, 0x6B55, 0x6B55, 0x6B55, 0x8C38, 0x8C38, 0x8C38, 0x8C38,
    0x8C38, 0x8C38, 0x8C38, 0x8C38, 0x8C38, 0x8C38, 0x8C38, 0x8C38, 0x8C38, 0x8C38, 0x6B55, 0x8C38,
    0x6B55, 0x8C38, 0x8C38, 0x8C38, 0x8C38, 0x51CE, 0x0001, 0x0001, 0x0001, 0x0001, 0x0001, 0x0001,
    0x0001, 0x0001, 0x0001, 0x0001, 0x0001, 0x51CE, 0x6B55, 0x6B55, 0x6B55, 0x6B55, 0x6B55, 0x6B55,
    0x6B55, 0x6B55, 0x6B55, 0x6B55, 0x6B55, 0x6B55, 0x6B55, 0x6B55, 0x6B55, 0x6B55, 0x6B55, 0x8C38,
    0x8C38, 0x8C38, 0x8C38, 0x8C38, 0x8C38, 0x8C38, 0x8C38, 0x8C38, 0x8C38, 0x8C38, 0x8C38, 0x6B55,
    0x6B55, 0x8C38, 0x8C38, 0x8C38, 0x8C38, 0x6B55, 0x51CE, 0x0001, 0x0001, 0x0001, 0x0001, 0x0001,
    0x0001, 0x0001, 0x0001, 0x0001, 0x0001, 0x51CE, 0x6B55, 0x6B55, 0x6B55, 0x6B55, 0x6B55, 0x6B55,
    0x6B55, 0x6B55, 0x6B55, 0x6B55, 0x6B55, 0x6B55, 0x6B55, 0x6B55, 0x6B55, 0x6B55, 0x6B55, 0x6B55,
    0x6B55, 0x6B55, 0x8C38, 0x8C38, 0x8C38, 0x8C38, 0x8C38, 0x8C38, 0x8C38, 0x8C38, 0x8C38, 0x8C38,
    0x6B55, 0x6B55, 0x8C38, 0x8C38, 0x8C38, 0x8C38, 0x51CE, 0x0001, 0x0001, 0x0001, 0x0001, 0x0001,
    0x0001, 0x0001, 0x0001, 0x0001, 0x0001, 0x51CE, 0x6B55, 0x6B55, 0x6B55, 0x6B55, 0x6B55, 0x6B55,
    0x6B55, 0x6B55, 0x6B55, 0x6B55, 0x6B55, 0x6B55, 0x6B55, 0x6B55, 0x51CE, 0x51CE, 0x51CE, 0x51CE,
    0x51CE, 0x51CE, 0x51CE, 0x6B55, 0x8C38, 0x8C38, 0x8C38, 0x8C38, 0x8C38, 0x8C38, 0x8C38, 0x8C38,
    0x8C38, 0x6B55, 0x8C38, 0x8C38, 0x8C38, 0x8C38, 0x51CE, 0x0001, 0x0001, 0x0001, 0x0001, 0x0001,
    0x0001, 0x0001, 0x0001, 0x0001, 0x51CE, 0x6B55, 0x6B55, 0x6B55, 0x6B55, 0x6B55, 0x6B55, 0x6B55,
    0x6B55, 0x6B55, 0x6B55, 0x6B55, 0x6B55, 0x6B55, 0x51CE, 0x51CE, 0x4B2F, 0x4B2F, 0x4B2F, 0x4B2F,
    0x4B2F, 0x4B2F, 0x4B2F, 0x51CE, 0x6B55, 0x8C38, 0x8C38, 0x8C38, 0x8C38, 0x8C38, 0x8C38, 0x8C38,
    0x8C38, 0x6B55, 0x6B55, 0x8C38, 0x8C38, 0x8C38, 0x6B55, 0x51CE, 0x0001, 0x0001, 0x0001, 0x0001,
    0x0001, 0x0001, 0x0001, 0x0001, 0x51CE, 0x6B55, 0x6B55, 0x6B55, 0x6B55, 0x6B55, 0x6B55, 0x6B55,
    0x6B55, 0x6B55, 0x6B55, 0x6B55, 0x6B55, 0x51CE, 0x4B2F, 0x4B2F, 0x4B2F, 0x5BD2, 0x5BD2, 0x5BD2,
    0x5BD2, 0x5BD2, 0x5BD2, 0x4B2F, 0x51CE, 0x6B55, 0x8C38, 0x8C38, 0x8C38, 0x8C38, 0x8C38, 0x8C38,
    0x8C38, 0x8C38, 0x6B55, 0x8C38, 0x8C38, 0x8C38, 0x8C38, 0x51CE, 0x0001, 0x0001, 0x0001, 0x0001,
    0x0001, 0x0001, 0x0001, 0x0001, 0x51CE, 0x6B55, 0x6B55, 0x6B55, 0x6B55, 0x6B55, 0x6B55, 0x6B55,
    0x6B55, 0x6B55, 0x6B55, 0x6B55, 0x51CE, 0x4B2F, 0x5BD2, 0x5BD2, 0x5BD2, 0x8D59, 0x8D59, 0x8D59,
    0x8D59, 0x8D59, 0x8D59, 0x5BD2, 0x5BD2, 0x51CE, 0x51CE, 0x8C38, 0x8C38, 0x8C38, 0x8C38, 0x8C38,
    0x8C38, 0x8C38, 0x6B55, 0x8C38, 0x8C38, 0x8C38, 0x8C38, 0x51CE, 0x0001, 0x0001, 0x0001, 0x0001,
    0x0001, 0x0001, 0x0001, 0x0001, 0x51CE, 0x6B55, 0x6B55, 0x6B55, 0x6B55, 0x6B55, 0x6B55, 0x6B55,
    0x6B55, 0x6B55, 0x6B55, 0x51CE, 0x4B2F, 0x5BD2, 0x8D59, 0x8D59, 0x8D59, 0xA63C, 0xA63C, 0xA63C,
    0xA63C, 0xA63C, 0xA63C, 0x8D59, 0x8D59, 0x5BD2, 0x51CE, 0x6B55, 0x8C38, 0x8C38, 0x8C38, 0x8C38,
    0x8C38, 0x8C38, 0x8C38, 0x8C38, 0x8C38, 0x8C38, 0x8C38, 0x51CE, 0x0001, 0x0001, 0x0001, 0x0001,
    0x0001, 0x0001, 0x0001, 0x0001, 0x51CE, 0x6B55, 0x6B55, 0x6B55, 0x6B55, 0x6B55, 0x6B55, 0x6B55,
    0x6B55, 0x6B55, 0x6B55, 0x51CE, 0x5BD2, 0x8D59, 0x8D59, 0x8D59, 0xA63C, 0xA63C, 0xA63C, 0xA63C,
    0xA63C, 0xBEDE, 0xBEDE, 0xBEDE, 0xA63C, 0x8D59, 0x5BD2, 0x51CE, 0x6B55, 0x8C38, 0x8C38, 0x8C38,
    0x8C38, 0x8C38, 0x8C38, 0x8C38, 0x8C38, 0x8C38, 0x8C38, 0x51CE, 0x0001, 0x0001, 0x0001, 0x0001,
    0x0001, 0x0001, 0x0001, 0x0001, 0x51CE, 0x6B55, 0x6B55, 0x6B55, 0x6B55, 0x6B55, 0x6B55, 0x6B55,
    0x6B55, 0x6B55, 0x51CE, 0x4B2F, 0x5BD2, 0x8D59, 0x8D59, 0xA63C, 0xA63C, 0xA63C, 0xA63C, 0xA63C,
    0xA63C, 0xBEDE, 0xBEDE, 0xBEDE, 0xBEDE, 0xA63C, 0x8D59, 0x5BD2, 0x51CE, 0x6B55, 0x8C38, 0x8C38,
    0x8C38, 0x8C38, 0x8C38, 0x8C38, 0x8C38, 0x8C38, 0x6B55, 0x51CE, 0x0001, 0x0001, 0x0001, 0x0001,
    0x0001, 0x0001, 0x0001, 0x0001, 0x51CE, 0x6B55, 0x6B55, 0x6B55, 0x6B55, 0x6B55, 0x6B55, 0x6B55,
    0x6B55, 0x51CE, 0x4B2F, 0x5BD2, 0x8D59, 0x8D59, 0x8D59, 0xA63C, 0xA63C, 0xA63C, 0xA63C, 0xA63C,
    0xA63C, 0xBEDE, 0xBEDE, 0xBEDE, 0xBEDE, 0xBEDE, 0xA63C, 0x8D59, 0x5BD2, 0x51CE, 0x51CE, 0x6B55,
    0x8C38, 0x8C38, 0x8C38, 0x8C38, 0x6B55, 0x8C38, 0x6B55, 0x51CE, 0x0001, 0x0001, 0x0001, 0x0001,
    0x0001, 0x0001, 0x0001, 0x51CE, 0x6B55, 0x6B55, 0x6B55, 0x6B55, 0x6B55, 0x51CE, 0x6B55, 0x6B55,
    0x51CE, 0x4B2F, 0x5BD2, 0x5BD2, 0x8D59, 0x8D59, 0x8D59, 0xA63C, 0xA63C, 0xA63C, 0xA63C, 0xA63C,
    0xA63C, 0xA63C, 0xBEDE, 0xBEDE, 0xBEDE, 0xA63C, 0xA63C, 0x8D59, 0x8D59, 0x5BD2, 0x4B2F, 0x51CE,
    0x6B55, 0x8C38, 0x8C38, 0x51CE, 0x8C38, 0x8C38, 0x6B55, 0x6B55, 0x51CE, 0x0001, 0x0001, 0x0001,
    0x0001, 0x0001, 0x0001, 0x51CE, 0x6B55, 0x6B55, 0x6B55, 0x6B55, 0x6B55, 0x6B55, 0x51CE, 0x51CE,
    0x4B2F, 0x5BD2, 0x5BD2, 0x5BD2, 0x8D59, 0x8D59, 0x8D59, 0xA63C, 0xA63C, 0xA63C, 0xA63C, 0xA63C,
    0xA63C, 0xA63C, 0xA63C, 0xA63C, 0xA63C, 0xA63C, 0xA63C, 0x8D59, 0x8D59, 0x8D59, 0x5BD2, 0x4B2F,
    0x51CE, 0x51CE, 0x51CE, 0x6B55, 0x8C38, 0x8C38, 0x6B55, 0x6B55, 0x51CE, 0x0001, 0x0001, 0x0001,
    0x0001, 0x0001, 0x0001, 0x51CE, 0x6B55, 0x6B55, 0x6B55, 0x6B55, 0x6B55, 0x6B55, 0x6B55, 0x4B2F,
    0x5BD2, 0x5BD2, 0x4B2F, 0x4B2F, 0x4B2F, 0x8D59, 0x8D59, 0x8D59, 0xA63C, 0xA63C, 0xA63C, 0xA63C,
    0xA63C, 0xA63C, 0xA63C, 0xA63C, 0xA63C, 0xA63C, 0x8D59, 0x4B2F, 0x4B2F, 0x4B2F, 0x5BD2, 0x5BD2,
    0x4B2F, 0x51CE, 0x6B55, 0x8C38, 0x8C38, 0x6B55, 0x6B55, 0x6B55, 0x51CE, 0x0001, 0x0001, 0x0001,
    0x0001, 0x0001, 0x0001, 0x51CE, 0x6B55, 0x6B55, 0x51CE, 0x6B55, 0x6B55, 0x6B55, 0x51CE, 0x5BD2,
    0x4B2F, 0x520F, 0x520F, 0x520F, 0x520F, 0x520F, 0x4B2F, 0x8D59, 0x8D59, 0xA63C, 0xA63C, 0xA63C,
    0xA63C, 0xA63C, 0xA63C, 0xA63C, 0x8D59, 0x4B2F, 0x520F, 0x520F, 0x520F, 0x520F, 0x520F, 0x4B2F,
    0x5BD2, 0x4B2F, 0x51CE, 0x6B55, 0x6B55, 0x51CE, 0x6B55, 0x6B55, 0x51CE, 0x0001, 0x0001, 0x0001,
    0x0001, 0x0001, 0x0001, 0x51CE, 0x6B55, 0x6B55, 0x120E, 0x51CE, 0x6B55, 0x51CE, 0x4B2F, 0x520F,
    0x520F, 0x4B2F, 0x4B2F, 0x5BD2, 0x5BD2, 0x4B2F, 0x520F, 0x520F, 0x8D59, 0xA63C, 0xA63C, 0xA63C,
    0xA63C, 0xA63C, 0xA63C, 0x8D59, 0x520F, 0x520F, 0x4B2F, 0x5BD2, 0x5BD2, 0x4B2F, 0x4B2F, 0x520F,
    0x520F, 0x4B2F, 0x120E, 0x51CE, 0x51CE, 0x120E, 0x6B55, 0x6B55, 0x51CE, 0x0001, 0x0001, 0x0001,
    0x0001, 0x0001, 0x0001, 0x51CE, 0x6B55, 0x6B55, 0x120E, 0x8D59, 0x6B55, 0x51CE, 0x520F, 0x4B2F,
    0x4B2F, 0x39C9, 0x39C9, 0x39C9, 0x39C9, 0x5BD2, 0x4B2F, 0x5BD2, 0x520F, 0x8D59, 0xA63C, 0xA63C,
    0xA63C, 0xA63C, 0x8D59, 0x520F, 0x5BD2, 0x4B2F, 0x5BD2, 0x39C9, 0x39C9, 0x39C9, 0x39C9, 0x4B2F,
    0x4B2F, 0x520F, 0x4B2F, 0x120E, 0x8D59, 0x120E, 0x6B55, 0x6B55, 0x51CE, 0x0001, 0x0001, 0x0001,
    0x0001, 0x0001, 0x0001, 0x51CE, 0x6B55, 0x120E, 0xA63C, 0xA63C, 0x51CE, 0x4B2F, 0x4B2F, 0x39C9,
    0x39C9, 0x39C9, 0x39C9, 0x39C9, 0x39C9, 0x39C9, 0x39C9, 0x4B2F, 0x5BD2, 0x8D59, 0xA63C, 0xA63C,
    0xA63C, 0xA63C, 0xA63C, 0x8D59, 0x4B2F, 0x39C9, 0x39C9, 0x39C9, 0x39C9, 0x39C9, 0x39C9, 0x39C9,
    0x39C9, 0x4B2F, 0x4B2F, 0x120E, 0x8D59, 0xA63C, 0x120E, 0x6B55, 0x51CE, 0x0001, 0x0001, 0x0001,
    0x0001, 0x0001, 0x0001, 0x51CE, 0x6B55, 0x120E, 0xA63C, 0x120E, 0x8D59, 0x120E, 0x4B2F, 0x4B2F,
    0x39C9, 0xD6DC, 0x19CD, 0x2A71, 0x7C35, 0x39C9, 0x5BD2, 0x5BD2, 0x5BD2, 0x5BD2, 0x8D59, 0xA63C,
    0xA63C, 0xA63C, 0xA63C, 0x5BD2, 0x5BD2, 0x5BD2, 0x39C9, 0x7C35, 0x2A71, 0x19CD, 0xD6DC, 0x39C9,
    0x4B2F, 0x4B2F, 0x120E, 0x5BD2, 0x120E, 0xA63C, 0x120E, 0x6B55, 0x51CE, 0x0001, 0x0001, 0x0001,
    0x0001, 0x0001, 0x0001, 0x51CE, 0x6B55, 0x120E, 0xA63C, 0x120E, 0x120E, 0x120E, 0x4B2F, 0x39C9,
    0x39C9, 0xD6DC, 0x19CD, 0x2A71, 0x19CD, 0xD6DC, 0x8D59, 0x8D59, 0x5BD2, 0x5BD2, 0x5BD2, 0xA63C,
    0xA63C, 0xA63C, 0xA63C, 0xA63C, 0x8D59, 0x8D59, 0xD6DC, 0x19CD, 0x2A71, 0x19CD, 0xD6DC, 0x39C9,
    0x39C9, 0x4B2F, 0x120E, 0x120E, 0x120E, 0xA63C, 0x120E, 0x6B55, 0x51CE, 0x0001, 0x0001, 0x0001,
    0x0001, 0x0001, 0x0001, 0x51CE, 0x6B55, 0x120E, 0x8D59, 0x120E, 0x6434, 0x120E, 0x4B2F, 0x4B2F,
    0x39C9, 0xBE1A, 0x19CD, 0x19CD, 0x19CD, 0xD6DC, 0xA63C, 0x8D59, 0x8D59, 0x5BD2, 0x4B2F, 0xA63C,
    0xA63C, 0xA63C, 0xA63C, 0xA63C, 0xA63C, 0x8D59, 0xD6DC, 0x19CD, 0x19CD, 0x19CD, 0xBE1A, 0x39C9,
    0x4B2F, 0x4B2F, 0x120E, 0x6434, 0x120E, 0xA63C, 0x120E, 0x6B55, 0x51CE, 0x0001, 0x0001, 0x0001,
    0x0001, 0x0001, 0x0001, 0x51CE, 0x6B55, 0x6B55, 0x120E, 0x8D59, 0x6434, 0x120E, 0x4B2F, 0x39C9,
    0x8D59, 0x8D59, 0x8D59, 0xA63C, 0xA63C, 0xA63C, 0xA63C, 0xA63C, 0x8D59, 0x5BD2, 0x4B2F, 0xA63C,
    0xA63C, 0xA63C, 0xA63C, 0xA63C, 0xA63C, 0xA63C, 0xA63C, 0xA63C, 0xA63C, 0xA63C, 0x8D59, 0x5BD2,
    0x39C9, 0x4B2F, 0x120E, 0x6434, 0xA63C, 0x120E, 0x6B55, 0x6B55, 0x51CE, 0x0001, 0x0001, 0x0001,
    0x0001, 0x0001, 0x0001, 0x51CE, 0x6B55, 0x6B55, 0x120E, 0x8D59, 0x120E, 0x120E, 0x4B2F, 0x8D59,
    0x8D59, 0xA63C, 0xA63C, 0xA63C, 0xA63C, 0xBEDE, 0xBEDE, 0xBEDE, 0xA63C, 0x8D59, 0x4B2F, 0xA63C,
    0xA63C, 0xBEDE, 0xA63C, 0xA63C, 0xA63C, 0xA63C, 0xBEDE, 0xBEDE, 0xBEDE, 0xBEDE, 0xA63C, 0x8D59,
    0x5BD2, 0x4B2F, 0x120E, 0x120E, 0xA63C, 0x120E, 0x6B55, 0x6B55, 0x51CE, 0x0001, 0x0001, 0x0001,
    0x0001, 0x0001, 0x0001, 0x51CE, 0x6B55, 0x6B55, 0x6B55, 0x120E, 0x120E, 0x8D59, 0x120E, 0x8D59,
    0x8D59, 0xA63C, 0xA63C, 0xA63C, 0xA63C, 0xBEDE, 0xBEDE, 0xBEDE, 0xA63C, 0x8D59, 0x5BD2, 0xA63C,
    0xA63C, 0xBEDE, 0xBEDE, 0xA63C, 0xA63C, 0xA63C, 0xBEDE, 0xBEDE, 0xBEDE, 0xBEDE, 0xBEDE, 0xA63C,
    0x5BD2, 0x120E, 0x5BD2, 0x120E, 0x120E, 0x6B55, 0x6B55, 0x6B55, 0x51CE, 0x0001, 0x0001, 0x0001,
    0x0001, 0x0001, 0x0001, 0x51CE, 0x6B55, 0x6B55, 0x6B55, 0x120E, 0xA63C, 0xA63C, 0x120E, 0x5BD2,
    0x8D59, 0x8D59, 0xA63C, 0xA63C, 0xA63C, 0xA63C, 0xBEDE, 0xBEDE, 0x8D59, 0x8D59, 0x5BD2, 0xA63C,
    0xA63C, 0xBEDE, 0xBEDE, 0xBEDE, 0xA63C, 0xA63C, 0xBEDE, 0xBEDE, 0xBEDE, 0xBEDE, 0xBEDE, 0xA63C,
    0x5BD2, 0x120E, 0x8D59, 0xA63C, 0x120E, 0x6B55, 0x6B55, 0x6B55, 0x51CE, 0x0001, 0x0001, 0x0001,
    0x0001, 0x0001, 0x0001, 0x0001, 0x51CE, 0x6B55, 0x6B55, 0x51CE, 0x120E, 0xA63C, 0x120E, 0x5BD2,
    0x8D59, 0x8D59, 0x8D59, 0xA63C, 0xA63C, 0xA63C, 0xA63C, 0xA63C, 0x8D59, 0x5BD2, 0x120E, 0xA63C,
    0xA63C, 0xA63C, 0xBEDE, 0xBEDE, 0xA63C, 0xA63C, 0xBEDE, 0xBEDE, 0xBEDE, 0xBEDE, 0xBEDE, 0x8D59,
    0x5BD2, 0x120E, 0xA63C, 0x120E, 0x51CE, 0x6B55, 0x6B55, 0x51CE, 0x0001, 0x0001, 0x0001, 0x0001,
    0x0001, 0x0001, 0x0001, 0x0001, 0x51CE, 0x6B55, 0x51CE, 0x6B55, 0x6B55, 0x120E, 0x120E, 0x120E,
    0x8D59, 0x8D59, 0x8D59, 0x8D59, 0xA63C, 0xA63C, 0xA63C, 0x8D59, 0x5BD2, 0x120E, 0x120E, 0xA63C,
    0xA63C, 0xA63C, 0xBEDE, 0xA63C, 0xA63C, 0xA63C, 0xBEDE, 0xBEDE, 0xBEDE, 0xBEDE, 0xA63C, 0x8D59,
    0x120E, 0x120E, 0x120E, 0x8C38, 0x6B55, 0x51CE, 0x6B55, 0x51CE, 0x0001, 0x0001, 0x0001, 0x0001,
    0x0001, 0x0001, 0x0001, 0x0001, 0x51CE, 0x6B55, 0x51CE, 0x6B55, 0x6B55, 0x6B55, 0x6B55, 0x120E,
    0x5BD2, 0x8D59, 0x8D59, 0x8D59, 0x8D59, 0x8D59, 0x8D59, 0x8D59, 0x5BD2, 0x120E, 0x120E, 0x8D59,
    0xA63C, 0xA63C, 0xA63C, 0xA63C, 0xA63C, 0xA63C, 0xA63C, 0xBEDE, 0xBEDE, 0xBEDE, 0xA63C, 0x5BD2,
    0x120E, 0x6B55, 0x8C38, 0x8C38, 0x8C38, 0x51CE, 0x6B55, 0x51CE, 0x0001, 0x0001, 0x0001, 0x0001,
    0x0001, 0x0001, 0x0001, 0x0001, 0x51CE, 0x6B55, 0x51CE, 0x6B55, 0x6B55, 0x6B55, 0x6B55, 0x6B55,
    0x120E, 0x8D59, 0x8D59, 0x8D59, 0x8D59, 0x8D59, 0x8D59, 0x8D59, 0x8D59, 0x5BD2, 0x120E, 0x5BD2,
    0x8D59, 0x8D59, 0x8D59, 0xA63C, 0xA63C, 0xA63C, 0xA63C, 0xBEDE, 0xBEDE, 0xA63C, 0x8D59, 0x120E,
    0x6B55, 0x8C38, 0x8C38, 0x8C38, 0x8C38, 0x51CE, 0x6B55, 0x51CE, 0x0001, 0x0001, 0x0001, 0x0001,
    0x0001, 0x0001, 0x0001, 0x0001, 0x51CE, 0x6B55, 0x51CE, 0x6B55, 0x6B55, 0x6B55, 0x6B55, 0x6B55,
    0x120E, 0x5BD2, 0x8D59, 0x8D59, 0x8D59, 0x8D59, 0x8D59, 0x8D59, 0x8D59, 0x8D59, 0x8D59, 0x5BD2,
    0x5BD2, 0x8D59, 0xA63C, 0xA63C, 0xA63C, 0xA63C, 0xA63C, 0xBEDE, 0xBEDE, 0xA63C, 0x5BD2, 0x120E,
    0x8C38, 0x8C38, 0x8C38, 0x8C38, 0x8C38, 0x6B55, 0x51CE, 0x0001, 0x0001, 0x0001, 0x0001, 0x0001,
    0x0001, 0x0001, 0x0001, 0x0001, 0x0001, 0x51CE, 0x6B55, 0x6B55, 0x6B55, 0x6B55, 0x6B55, 0x6B55,
    0x6B55, 0x120E, 0x8D59, 0x8D59, 0x8D59, 0x8D59, 0x8D59, 0x8D59, 0x8D59, 0x8D59, 0x8D59, 0x8D59,
    0x8D59, 0xA63C, 0xA63C, 0xA63C, 0xA63C, 0xA63C, 0xA63C, 0xBEDE, 0xA63C, 0x8D59, 0x120E, 0x6B55,
    0x8C38, 0x8C38, 0x8C38, 0x8C38, 0x8C38, 0x6B55, 0x51CE, 0x0001, 0x0001, 0x0001, 0x0001, 0x0001,
    0x0001, 0x0001, 0x0001, 0x0001, 0x0001, 0x51CE, 0x6B55, 0x6B55, 0x6B55, 0x6B55, 0x6B55, 0x6B55,
    0x6B55, 0x120E, 0x5BD2, 0x8D59, 0x8D59, 0x8D59, 0x8D59, 0x8D59, 0x8D59, 0x8D59, 0x8D59, 0x8D59,
    0xA63C, 0xA63C, 0xA63C, 0xA63C, 0xA63C, 0xA63C, 0xA63C, 0xA63C, 0xA63C, 0x5BD2, 0x120E, 0x8C38,
    0x8C38, 0x8C38, 0x8C38, 0x8C38, 0x8C38, 0x6B55, 0x51CE, 0x0001, 0x0001, 0x0001, 0x0001, 0x0001,
    0x0001, 0x0001, 0x0001, 0x0001, 0x0001, 0x51CE, 0x6B55, 0x6B55, 0x6B55, 0x6B55, 0x6B55, 0x6B55,
    0x6B55, 0x6B55, 0x120E, 0x5BD2, 0x8D59, 0x8D59, 0x8D59, 0x8D59, 0x8D59, 0x8D59, 0x8D59, 0x92B7,
    0x92B7, 0x92B7, 0xA63C, 0xA63C, 0xA63C, 0xA63C, 0xA63C, 0xA63C, 0x8D59, 0x120E, 0x6B55, 0x8C38,
    0x8C38, 0x8C38, 0x8C38, 0x8C38, 0x8C38, 0x6B55, 0x51CE, 0x0001, 0x0001, 0x0001, 0x0001, 0x0001,
    0x0001, 0x0001, 0x0001, 0x0001, 0x0001, 0x51CE, 0x6B55, 0x6B55, 0x6B55, 0x6B55, 0x6B55, 0x6B55,
    0x6B55, 0x6B55, 0x120E, 0x120E, 0x5BD2, 0x8D59, 0x8D59, 0x8D59, 0x8D59, 0x516D, 0x516D, 0x516D,
    0x69F0, 0x69F0, 0x516D, 0x92B7, 0xA63C, 0xA63C, 0xA63C, 0x8D59, 0x120E, 0x120E, 0x6B55, 0x8C38,
    0x8C38, 0x8C38, 0x8C38, 0x8C38, 0x8C38, 0x6B55, 0x51CE, 0x0001, 0x0001, 0x0001, 0x0001, 0x0001,
    0x0001, 0x0001, 0x0001, 0x0001, 0x0001, 0x51CE, 0x6B55, 0x6B55, 0x6B55, 0x6B55, 0x6B55, 0x6B55,
    0x6B55, 0x6B55, 0x120E, 0x4B2F, 0x120E, 0x5BD2, 0x8D59, 0x8D59, 0x8D59, 0x8D59, 0x92B7, 0x92B7,
    0xB3BB, 0x92B7, 0x92B7, 0xA63C, 0xA63C, 0xA63C, 0x8D59, 0x120E, 0x8D59, 0x120E, 0x6B55, 0x6B55,
    0x6B55, 0x8C38, 0x8C38, 0x8C38, 0x8C38, 0x6B55, 0x51CE, 0x0001, 0x0001, 0x0001, 0x0001, 0x0001,
    0x0001, 0x0001, 0x0001, 0x0001, 0x0001, 0x0001, 0x51CE, 0x6B55, 0x6B55, 0x6B55, 0x6B55, 0x51CE,
    0x51CE, 0x51CE, 0x120E, 0x4B2F, 0x4B2F, 0x120E, 0x5BD2, 0x8D59, 0x8D59, 0x8D59, 0x8D59, 0x69F0,
    0x69F0, 0x69F0, 0xA63C, 0xA63C, 0xA63C, 0x8D59, 0x120E, 0x8D59, 0xA63C, 0x120E, 0x51CE, 0x51CE,
    0x51CE, 0x6B55, 0x6B55, 0x8C38, 0x6B55, 0x51CE, 0x0001, 0x0001, 0x0001, 0x0001, 0x0001, 0x0001,
    0x0001, 0x0001, 0x0001, 0x0001, 0x0001, 0x0001, 0x51CE, 0x6B55, 0x6B55, 0x51CE, 0x51CE, 0x0001,
    0x0001, 0x0001, 0x120E, 0x4B2F, 0x4B2F, 0x4B2F, 0x120E, 0x5BD2, 0x8D59, 0x8D59, 0x8D59, 0x8D59,
    0x8D59, 0xA63C, 0xA63C, 0xA63C, 0x8D59, 0x120E, 0x8D59, 0xA63C, 0xA63C, 0x120E, 0x0001, 0x0001,
    0x0001, 0x51CE, 0x51CE, 0x6B55, 0x6B55, 0x51CE, 0x0001, 0x0001, 0x0001, 0x0001, 0x0001, 0x0001,
    0x0001, 0x0001, 0x0001, 0x0001, 0x0001, 0x0001, 0x0001, 0x51CE, 0x51CE, 0x0001, 0x0001, 0x0001,
    0x0001, 0x0001, 0x120E, 0x5BD2, 0x5BD2, 0x4B2F, 0x4B2F, 0x120E, 0x120E, 0x5BD2, 0x8D59, 0x8D59,
    0xA63C, 0xA63C, 0x8D59, 0x120E, 0x120E, 0x8D59, 0xA63C, 0xBEDE, 0xA63C, 0x120E, 0x0001, 0x0001,
    0x0001, 0x0001, 0x0001, 0x51CE, 0x51CE, 0x0001, 0x0001, 0x0001, 0x0001, 0x0001, 0x0001, 0x0001,
    0x0001, 0x0001, 0x0001, 0x0001, 0x0001, 0x0001, 0x0001, 0x51CE, 0x0001, 0x0001, 0x0001, 0x0001,
    0x0001, 0x120E, 0x4B2F, 0x5BD2, 0x5BD2, 0x5BD2, 0x4B2F, 0x4B2F, 0x4B2F, 0x120E, 0x120E, 0x120E,
    0x120E, 0x120E, 0x120E, 0x8D59, 0xA63C, 0xA63C, 0xBEDE, 0xBEDE, 0xA63C, 0x8D59, 0x120E, 0x0001,
    0x0001, 0x0001, 0x0001, 0x0001, 0x51CE, 0x0001, 0x0001, 0x0001, 0x0001, 0x0001, 0x0001, 0x0001,
    0x0001, 0x0001, 0x0001, 0x0001, 0x0001, 0x0001, 0x0001, 0x0001, 0x0001, 0x0001, 0x0001, 0x0001,
    0x0001, 0x120E, 0x4B2F, 0x5BD2, 0x5BD2, 0x5BD2, 0x5BD2, 0x4B2F, 0x5BD2, 0x5BD2, 0x8D59, 0x8D59,
    0x8D59, 0x8D59, 0xA63C, 0xA63C, 0xA63C, 0xA63C, 0xBEDE, 0xBEDE, 0xA63C, 0x8D59, 0x120E, 0x0001,
    0x0001, 0x0001, 0x0001, 0x0001, 0x0001, 0x0001, 0x0001, 0x0001, 0x0001, 0x0001, 0x0001, 0x0001,
  },
  {
    0x0001, 0x0001, 0x0001, 0x0001, 0x0001, 0x0001, 0x0001, 0x0001, 0x0001, 0x0001, 0x0001, 0x51CE,
    0x6B55, 0x6B55, 0x6B55, 0x6B55, 0x6B55, 0x6B55, 0x6B55, 0x6B55, 0x6B55, 0x6B55, 0x6B55, 0x6B55,
    0x6B55, 0x6B55, 0x6B55, 0x8C38, 0x8C38, 0x8C38, 0x8C38, 0x8C38, 0x8C38, 0x8C38, 0x6B55, 0x6B55,
    0x51CE, 0x0001, 0x0001, 0x0001, 0x0001, 0x0001, 0x0001, 0x0001, 0x0001, 0x0001, 0x0001, 0x0001,
    0x0001, 0x0001, 0x0001, 0x0001, 0x0001, 0x0001, 0x0001, 0x0001, 0x0001, 0x0001, 0x6292, 0x62D3,
    0x6B55, 0x6B55, 0x6B55, 0x6B55, 0x6B55, 0x6B55, 0x6B55, 0x6B55, 0x6B55, 0x6B55, 0x6B55, 0x7396,
    0x83F7, 0x8C38, 0x8C38, 0x8C38, 0x83F7, 0x7396, 0x6B55, 0x6B55, 0x7396, 0x83F7, 0x8C38, 0x83F7,
    0x6B14, 0x6292, 0x0001, 0x0001, 0x0001, 0x0001, 0x0001, 0x0001, 0x0001, 0x0001, 0x0001, 0x0001,
    0x0001, 0x0001, 0x0001, 0x0001, 0x0001, 0x0001, 0x0001, 0x0001, 0x0001, 0x51CE, 0x6B55, 0x6B55,
    0x6B55, 0x6B55, 0x6B55, 0x6B55, 0x6B55, 0x6B55, 0x6B55, 0x6B55, 0x6B55, 0x6B55, 0x8C38, 0x8C38,
    0x8C38, 0x8C38, 0x8C38, 0x8C38, 0x8C38, 0x6B55, 0x6B55, 0x6B55, 0x6B55, 0x6B55, 0x8C38, 0x8C38,
    0x8C38, 0x6B55, 0x51CE, 0x0001, 0x0001, 0x0001, 0x0001, 0x0001, 0x0001, 0x0001, 0x0001, 0x0001,
    0x0001, 0x0001, 0x0001, 0x0001, 0x0001, 0x0001, 0x0001, 0x0001, 0x6292, 0x62D3, 0x6B55, 0x6B55,
    0x6B55, 0x6B55, 0x6B55, 0x6B55, 0x6B55, 0x6B55, 0x6B55, 0x6B55, 0x7396, 0x83F7, 0x8C38, 0x8C38,
    0x8C38, 0x8C38, 0x8C38, 0x8C38, 0x8C38, 0x83F7, 0x7396, 0x6B55, 0x6B55, 0x6B55, 0x7396, 0x83F7,
    0x8C38, 0x83F7, 0x6B14, 0x6292, 0x0001, 0x0001, 0x0001, 0x0001, 0x0001, 0x0001, 0x0001, 0x0001,
    0x0001, 0x0001, 0x0001, 0x0001, 0x0001, 0x0001, 0x0001, 0x51CE, 0x6B55, 0x6B55, 0x6B55, 0x6B55,
    0x6B55, 0x6B55, 0x6B55, 0x6B55, 0x6B55, 0x6B55, 0x6B55, 0x6B55, 0x8C38, 0x8C38, 0x8C38, 0x8C38,
    0x8C38, 0x8C38, 0x8C38, 0x8C38, 0x8C38, 0x8C38, 0x8C38, 0x6B55, 0x6B55, 0x6B55, 0x6B55, 0x6B55,
    0x8C38, 0x8C38, 0x8C38, 0x6B55, 0x51CE, 0x0001, 0x0001, 0x0001, 0x0001, 0x0001, 0x0001, 0x0001,
    0x0001, 0x0001, 0x0001, 0x0001, 0x0001, 0x0001, 0x0001, 0x6292, 0x62D3, 0x6B55, 0x6B55, 0x6B55,
    0x6B55, 0x6B55, 0x6B55, 0x6B55, 0x6B55, 0x6B55, 0x6B55, 0x7396, 0x83F7, 0x8C38, 0x8C38, 0x8C38,
    0x8C38, 0x8C38, 0x8C38, 0x8C38, 0x8C38, 0x8C38, 0x8C38, 0x8C38, 0x8C38, 0x83F7, 0x7396, 0x7396,
    0x83F7, 0x8C38, 0x8C38, 0x7B75, 0x6B13, 0x0001, 0x0001, 0x0001, 0x0001, 0x0001, 0x0001, 0x0001,
    0x0001, 0x0001, 0x0001, 0x0001, 0x0001, 0x0001, 0x51CE, 0x6B55, 0x6B55, 0x6B55, 0x6B55, 0x6B55,
    0x6B55, 0x6B55, 0x6B55, 0x6B55, 0x6B55, 0x6B55, 0x6B55, 0x8C38, 0x8C38, 0x8C38, 0x8C38, 0x8C38,
    0x8C38, 0x8C38, 0x8C38, 0x8C38, 0x8C38, 0x8C38, 0x8C38, 0x8C38, 0x8C38, 0x8C38, 0x8C38, 0x6B55,
    0x8C38, 0x8C38, 0x8C38, 0x8C38, 0x6B55, 0x51CE, 0x0001, 0x0001, 0x0001, 0x0001, 0x0001, 0x0001,
    0x0001, 0x0001, 0x0001, 0x0001, 0x0001, 0x0001, 0x6292, 0x62D3, 0x6B55, 0x6B55, 0x6B55, 0x6B55,
    0x6B55, 0x6B55, 0x6B55, 0x6B55, 0x6B55, 0x6B55, 0x7396, 0x83F7, 0x8C38, 0x8C38, 0x8C38, 0x8C38,
    0x8C38, 0x8C38, 0x8C38, 0x8C38, 0x8C38, 0x8C38, 0x8C38, 0x8C38, 0x8C38, 0x8C38, 0x8C38, 0x8C38,
    0x8C38, 0x8C38, 0x8C38, 0x8C38, 0x7B75, 0x6B13, 0x0001, 0x0001, 0x0001, 0x0001, 0x0001, 0x0001,
    0x0001, 0x0001, 0x0001, 0x0001, 0x0001, 0x0001, 0x51CE, 0x6B55, 0x6B55, 0x6B55, 0x6B55, 0x6B55,
    0x6B55, 0x6B55, 0x6B55, 0x6B55, 0x6B55, 0x6B55, 0x6B55, 0x6B55, 0x8C38, 0x8C38, 0x8C38, 0x8C38,
    0x8C38, 0x8C38, 0x8C38, 0x8C38, 0x8C38, 0x8C38, 0x8C38, 0x8C38, 0x8C38, 0x8C38, 0x6B55, 0x8C38,
    0x6B55, 0x8C38, 0x8C38, 0x8C38, 0x8C38, 0x51CE, 0x0001, 0x0001, 0x0001, 0x0001, 0x0001, 0x0001,
    0x0001, 0x0001, 0x0001, 0x0001, 0x0001, 0x6292, 0x62D3, 0x6B55, 0x6B55, 0x6B55, 0x6B55, 0x6B55,
    0x6B55, 0x6B55, 0x6B55, 0x6B55, 0x6B55, 0x6B55, 0x6B55, 0x6B55, 0x6B55, 0x6B55, 0x7396, 0x83F7,
    0x8C38, 0x8C38, 0x8C38, 0x8C38, 0x8C38, 0x8C38, 0x8C38, 0x8C38, 0x8C38, 0x8C38, 0x83F7, 0x7396,
    0x7396, 0x83F7, 0x8C38, 0x8C38, 0x83F7, 0x6B14, 0x6292, 0x0001, 0x0001, 0x0001, 0x0001, 0x0001,
    0x0001, 0x0001, 0x0001, 0x0001, 0x0001, 0x51CE, 0x6B55, 0x6B55, 0x6B55, 0x6B55, 0x6B55, 0x6B55,
    0x6B55, 0x6B55, 0x6B55, 0x6B55, 0x6B55, 0x6B55, 0x6B55, 0x6B55, 0x6B55, 0x6B55, 0x6B55, 0x6B55,
    0x6B55, 0x6B55, 0x8C38, 0x8C38, 0x8C38, 0x8C38, 0x8C38, 0x8C38, 0x8C38, 0x8C38, 0x8C38, 0x8C38,
    0x6B55, 0x6B55, 0x8C38, 0x8C38, 0x8C38, 0x8C38, 0x51CE, 0x0001, 0x0001, 0x0001, 0x0001, 0x0001,
    0x0001, 0x0001, 0x0001, 0x0001, 0x0001, 0x6292, 0x62D3, 0x6B55, 0x6B55, 0x6B55, 0x6B55, 0x6B55,
    0x6B55, 0x6B55, 0x6B55, 0x6B55, 0x6B55, 0x6B55, 0x6B55, 0x62D3, 0x5A50, 0x51CE, 0x51CE, 0x51CE,
    0x51CE, 0x51CE, 0x5A50, 0x6B14, 0x83F7, 0x8C38, 0x8C38, 0x8C38, 0x8C38, 0x8C38, 0x8C38, 0x8C38,
    0x83F7, 0x83F7, 0x83F7, 0x8C38, 0x8C38, 0x7B75, 0x6B13, 0x0001, 0x0001, 0x0001, 0x0001, 0x0001,
    0x0001, 0x0001, 0x0001, 0x0001, 0x51CE, 0x6B55, 0x6B55, 0x6B55, 0x6B55, 0x6B55, 0x6B55, 0x6B55,
    0x6B55, 0x6B55, 0x6B55, 0x6B55, 0x6B55, 0x6B55, 0x51CE, 0x51CE, 0x4B2F, 0x4B2F, 0x4B2F, 0x4B2F,
    0x4B2F, 0x4B2F, 0x4B2F, 0x51CE, 0x6B55, 0x8C38, 0x8C38, 0x8C38, 0x8C38, 0x8C38, 0x8C38, 0x8C38,
    0x8C38, 0x6B55, 0x6B55, 0x8C38, 0x8C38, 0x8C38, 0x6B55, 0x51CE, 0x0001, 0x0001, 0x0001, 0x0001,
    0x0001, 0x0001, 0x0001, 0x0001, 0x6292, 0x62D3, 0x6B55, 0x6B55, 0x6B55, 0x6B55, 0x6B55, 0x6B55,
    0x6B55, 0x6B55, 0x6B55, 0x6B55, 0x62D3, 0x5AB1, 0x4AAF, 0x4B2F, 0x4B50, 0x5391, 0x5BD2, 0x5BD2,
    0x5BD2, 0x5BD2, 0x5391, 0x52F0, 0x5AB1, 0x6B14, 0x83F7, 0x8C38, 0x8C38, 0x8C38, 0x8C38, 0x8C38,
    0x8C38, 0x83F7, 0x83F7, 0x83F7, 0x8C38, 0x8C38, 0x7B75, 0x6B13, 0x0001, 0x0001, 0x0001, 0x0001,
    0x0001, 0x0001, 0x0001, 0x0001, 0x51CE, 0x6B55, 0x6B55, 0x6B55, 0x6B55, 0x6B55, 0x6B55, 0x6B55,
    0x6B55, 0x6B55, 0x6B55, 0x6B55, 0x51CE, 0x4B2F, 0x5BD2, 0x5BD2, 0x5BD2, 0x8D59, 0x8D59, 0x8D59,
    0x8D59, 0x8D59, 0x8D59, 0x5BD2, 0x5BD2, 0x51CE, 0x51CE, 0x8C38, 0x8C38, 0x8C38, 0x8C38, 0x8C38,
    0x8C38, 0x8C38, 0x6B55, 0x8C38, 0x8C38, 0x8C38, 0x8C38, 0x51CE, 0x0001, 0x0001, 0x0001, 0x0001,
    0x0001, 0x0001, 0x0001, 0x0001, 0x6292, 0x62D3, 0x6B55, 0x6B55, 0x6B55, 0x6B55, 0x6B55, 0x6B55,
    0x6B55, 0x6B55, 0x62D3, 0x5AB1, 0x52F0, 0x6413, 0x7CD6, 0x8D59, 0x959A, 0x9DFB, 0xA63C, 0xA63C,
    0xA63C, 0xA63C, 0x9DFB, 0x95BA, 0x7CD6, 0x63B3, 0x5AF2, 0x6B14, 0x83F7, 0x8C38, 0x8C38, 0x8C38,
    0x8C38, 0x8C38, 0x8C38, 0x8C38, 0x8C38, 0x8C38, 0x7B75, 0x6B13, 0x0001, 0x0001, 0x0001, 0x0001,
    0x0001, 0x0001, 0x0001, 0x0001, 0x51CE, 0x6B55, 0x6B55, 0x6B55, 0x6B55, 0x6B55, 0x6B55, 0x6B55,
    0x6B55, 0x6B55, 0x6B55, 0x51CE, 0x5BD2, 0x8D59, 0x8D59, 0x8D59, 0xA63C, 0xA63C, 0xA63C, 0xA63C,
    0xA63C, 0xBEDE, 0xBEDE, 0xBEDE, 0xA63C, 0x8D59, 0x5BD2, 0x51CE, 0x6B55, 0x8C38, 0x8C38, 0x8C38,
    0x8C38, 0x8C38, 0x8C38, 0x8C38, 0x8C38, 0x8C38, 0x8C38, 0x51CE, 0x0001, 0x0001, 0x0001, 0x0001,
    0x0001, 0x0001, 0x0001, 0x0001, 0x6292, 0x62D3, 0x6B55, 0x6B55, 0x6B55, 0x6B55, 0x6B55, 0x6B55,
    0x6B55, 0x62D3, 0x5AB1, 0x52F0, 0x6413, 0x7CD6, 0x959A, 0x9DFB, 0xA63C, 0xA63C, 0xA63C, 0xA63C,
    0xAE7D, 0xB69D, 0xBEDE, 0xBEDE, 0xB6BE, 0xA63C, 0x8517, 0x63B3, 0x5AF2, 0x6B14, 0x83F7, 0x8C38,
    0x8C38, 0x8C38, 0x8C38, 0x8C38, 0x8C38, 0x83F7, 0x6B14, 0x6292, 0x0001, 0x0001, 0x0001, 0x0001,
    0x0001, 0x0001, 0x0001, 0x0001, 0x51CE, 0x6B55, 0x6B55, 0x6B55, 0x6B55, 0x6B55, 0x6B55, 0x6B55,
    0x6B55, 0x51CE, 0x4B2F, 0x5BD2, 0x8D59, 0x8D59, 0x8D59, 0xA63C, 0xA63C, 0xA63C, 0xA63C, 0xA63C,
    0xA63C, 0xBEDE, 0xBEDE, 0xBEDE, 0xBEDE, 0xBEDE, 0xA63C, 0x8D59, 0x5BD2, 0x51CE, 0x51CE, 0x6B55,
    0x8C38, 0x8C38, 0x8C38, 0x8C38, 0x6B55, 0x8C38, 0x6B55, 0x51CE, 0x0001, 0x0001, 0x0001, 0x0001,
    0x0001, 0x0001, 0x0001, 0x6292, 0x62D3, 0x6B55, 0x6B55, 0x6B55, 0x62D3, 0x62D3, 0x62D3, 0x62D3,
    0x5AB1, 0x52F0, 0x5391, 0x6C54, 0x7CD6, 0x8D59, 0x959A, 0x9DFB, 0xA63C, 0xA63C, 0xA63C, 0xA63C,
    0xA63C, 0xAE7D, 0xB69D, 0xBEDE, 0xB6BE, 0xAE7D, 0x9DFB, 0x95BA, 0x7CD6, 0x6413, 0x52F0, 0x5AB1,
    0x6B14, 0x83F7, 0x7B75, 0x7B75, 0x7B75, 0x83F7, 0x7396, 0x62D3, 0x6292, 0x0001, 0x0001, 0x0001,
    0x0001, 0x0001, 0x0001, 0x51CE, 0x6B55, 0x6B55, 0x6B55, 0x6B55, 0x6B55, 0x6B55, 0x51CE, 0x51CE,
    0x4B2F, 0x5BD2, 0x5BD2, 0x5BD2, 0x8D59, 0x8D59, 0x8D59, 0xA63C, 0xA63C, 0xA63C, 0xA63C, 0xA63C,
    0xA63C, 0xA63C, 0xA63C, 0xA63C, 0xA63C, 0xA63C, 0xA63C, 0x8D59, 0x8D59, 0x8D59, 0x5BD2, 0x4B2F,
    0x51CE, 0x51CE, 0x51CE, 0x6B55, 0x8C38, 0x8C38, 0x6B55, 0x6B55, 0x51CE, 0x0001, 0x0001, 0x0001,
    0x0001, 0x0001, 0x0001, 0x6292, 0x62D3, 0x6B55, 0x6B55, 0x6B55, 0x6B55, 0x6B55, 0x6333, 0x5B72,
    0x5391, 0x5391, 0x4B50, 0x4B2F, 0x5BF2, 0x7495, 0x8D59, 0x959A, 0x9DFB, 0xA63C, 0xA63C, 0xA63C,
    0xA63C, 0xA63C, 0xA63C, 0xA63C, 0xA63C, 0x9DFB, 0x7CF6, 0x5BF2, 0x4B2F, 0x4B50, 0x5391, 0x5391,
    0x52F0, 0x5AB1, 0x6B14, 0x83F7, 0x83F7, 0x7396, 0x6B55, 0x62D3, 0x6292, 0x0001, 0x0001, 0x0001,
    0x0001, 0x0001, 0x0001, 0x51CE, 0x6B55, 0x6B55, 0x51CE, 0x6B55, 0x6B55, 0x6B55, 0x51CE, 0x5BD2,
    0x4B2F, 0x520F, 0x520F, 0x520F, 0x520F, 0x520F, 0x4B2F, 0x8D59, 0x8D59, 0xA63C, 0xA63C, 0xA63C,
    0xA63C, 0xA63C, 0xA63C, 0xA63C, 0x8D59, 0x4B2F, 0x520F, 0x520F, 0x520F, 0x520F, 0x520F, 0x4B2F,
    0x5BD2, 0x4B2F, 0x51CE, 0x6B55, 0x6B55, 0x51CE, 0x6B55, 0x6B55, 0x51CE, 0x0001, 0x0001, 0x0001,
    0x0001, 0x0001, 0x0001, 0x6292, 0x62D3, 0x4AD3, 0x4250, 0x4250, 0x5A50, 0x5AB1, 0x524F, 0x526F,
    0x526F, 0x4ACF, 0x4B50, 0x5391, 0x5391, 0x52F0, 0x526F, 0x6332, 0x8497, 0x9DFB, 0xA63C, 0xA63C,
    0xA63C, 0xA63C, 0x9DFB, 0x8497, 0x6332, 0x526F, 0x52F0, 0x5391, 0x5391, 0x4B50, 0x4ACF, 0x526F,
    0x526F, 0x3A6F, 0x3A4E, 0x39EE, 0x39CE, 0x4250, 0x4AD3, 0x62D3, 0x6292, 0x0001, 0x0001, 0x0001,
    0x0001, 0x0001, 0x0001, 0x51CE, 0x6B55, 0x6B55, 0x120E, 0x8D59, 0x6B55, 0x51CE, 0x520F, 0x4B2F,
    0x4B2F, 0x39C9, 0x39C9, 0x39C9, 0x39C9, 0x5BD2, 0x4B2F, 0x5BD2, 0x520F, 0x8D59, 0xA63C, 0xA63C,
    0xA63C, 0xA63C, 0x8D59, 0x520F, 0x5BD2, 0x4B2F, 0x5BD2, 0x39C9, 0x39C9, 0x39C9, 0x39C9, 0x4B2F,
    0x4B2F, 0x520F, 0x4B2F, 0x120E, 0x8D59, 0x120E, 0x6B55, 0x6B55, 0x51CE, 0x0001, 0x0001, 0x0001,
    0x0001, 0x0001, 0x0001, 0x6292, 0x4250, 0x63D5, 0x74D7, 0x8CB7, 0x6BB3, 0x4AAF, 0x42AD, 0x3A4B,
    0x39C9, 0x39C9, 0x39C9, 0x39C9, 0x39C9, 0x39C9, 0x3A4B, 0x4AEE, 0x6413, 0x8517, 0x9DFB, 0xA63C,
    0xA63C, 0xA63C, 0x9DFB, 0x7CF6, 0x5B70, 0x3A4B, 0x39C9, 0x39C9, 0x39C9, 0x39C9, 0x39C9, 0x39C9,
    0x3A4B, 0x42AD, 0x32CF, 0x4B92, 0x6C96, 0x6C96, 0x63D5, 0x4250, 0x6292, 0x0001, 0x0001, 0x0001,
    0x0001, 0x0001, 0x0001, 0x51CE, 0x6B55, 0x120E, 0xA63C, 0x120E, 0x8D59, 0x120E, 0x4B2F, 0x4B2F,
    0x39C9, 0xD6DC, 0x19CD, 0x2A71, 0x7C35, 0x39C9, 0x5BD2, 0x5BD2, 0x5BD2, 0x5BD2, 0x8D59, 0xA63C,
    0xA63C, 0xA63C, 0xA63C, 0x5BD2, 0x5BD2, 0x5BD2, 0x39C9, 0x7C35, 0x2A71, 0x19CD, 0xD6DC, 0x39C9,
    0x4B2F, 0x4B2F, 0x120E, 0x5BD2, 0x120E, 0xA63C, 0x120E, 0x6B55, 0x51CE, 0x0001, 0x0001, 0x0001,
    0x0001, 0x0001, 0x0001, 0x6292, 0x4250, 0x63D5, 0x4372, 0x4372, 0x120E, 0x226E, 0x324D, 0x3A4B,
    0x6B70, 0x6371, 0x5BB3, 0x21EE, 0x5BB3, 0x7CB6, 0xA5DA, 0x7CD6, 0x6C54, 0x5BD2, 0x7495, 0x8D78,
    0xA63C, 0xA63C, 0xA63C, 0x9DFB, 0x95BA, 0xA5DA, 0x7CB6, 0x5BB3, 0x21EE, 0x5BB3, 0x6371, 0x6B70,
    0x3A4B, 0x324D, 0x226E, 0x120E, 0x4372, 0x4372, 0x63D5, 0x4250, 0x6292, 0x0001, 0x0001, 0x0001,
    0x0001, 0x0001, 0x0001, 0x51CE, 0x6B55, 0x120E, 0x8D59, 0x120E, 0x6434, 0x120E, 0x4B2F, 0x4B2F,
    0x39C9, 0xBE1A, 0x19CD, 0x19CD, 0x19CD, 0xD6DC, 0xA63C, 0x8D59, 0x8D59, 0x5BD2, 0x4B2F, 0xA63C,
    0xA63C, 0xA63C, 0xA63C, 0xA63C, 0xA63C, 0x8D59, 0xD6DC, 0x19CD, 0x19CD, 0x19CD, 0xBE1A, 0x39C9,
    0x4B2F, 0x4B2F, 0x120E, 0x6434, 0x120E, 0xA63C, 0x120E, 0x6B55, 0x51CE, 0x0001, 0x0001, 0x0001,
    0x0001, 0x0001, 0x0001, 0x6292, 0x62D3, 0x4AD3, 0x5394, 0x53D3, 0x53D3, 0x3B10, 0x324D, 0x5B70,
    0x6C34, 0x8D59, 0x959A, 0x9DFB, 0xA63C, 0xA63C, 0xA63C, 0x9DFB, 0x8517, 0x6413, 0x6C54, 0x8537,
    0xA63C, 0xA63C, 0xA63C, 0xA63C, 0xA63C, 0xA63C, 0xA63C, 0xA63C, 0xA63C, 0x9DFB, 0x8517, 0x5BB1,
    0x4AEE, 0x324D, 0x3B10, 0x5C34, 0x5C34, 0x63D5, 0x4AD3, 0x62D3, 0x6292, 0x0001, 0x0001, 0x0001,
    0x0001, 0x0001, 0x0001, 0x51CE, 0x6B55, 0x6B55, 0x120E, 0x8D59, 0x120E, 0x120E, 0x4B2F, 0x8D59,
    0x8D59, 0xA63C, 0xA63C, 0xA63C, 0xA63C, 0xBEDE, 0xBEDE, 0xBEDE, 0xA63C, 0x8D59, 0x4B2F, 0xA63C,
    0xA63C, 0xBEDE, 0xA63C, 0xA63C, 0xA63C, 0xA63C, 0xBEDE, 0xBEDE, 0xBEDE, 0xBEDE, 0xA63C, 0x8D59,
    0x5BD2, 0x4B2F, 0x120E, 0x120E, 0xA63C, 0x120E, 0x6B55, 0x6B55, 0x51CE, 0x0001, 0x0001, 0x0001,
    0x0001, 0x0001, 0x0001, 0x6292, 0x62D3, 0x6B55, 0x4AD3, 0x2A70, 0x3B31, 0x3B31, 0x6435, 0x6435,
    0x959A, 0x9DFB, 0xA63C, 0xA63C, 0xAE7D, 0xB69D, 0xBEDE, 0xB6BE, 0xA63C, 0x8517, 0x8517, 0x8D78,
    0xAE7D, 0xB69D, 0xB6BE, 0xAE7D, 0xA63C, 0xAE7D, 0xB69D, 0xBEDE, 0xBEDE, 0xBEDE, 0xB6BE, 0x9599,
    0x5C14, 0x4330, 0x2AAF, 0x2AAF, 0x2A70, 0x4AD3, 0x6B55, 0x62D3, 0x6292, 0x0001, 0x0001, 0x0001,
    0x0001, 0x0001, 0x0001, 0x51CE, 0x6B55, 0x6B55, 0x6B55, 0x120E, 0xA63C, 0xA63C, 0x120E, 0x5BD2,
    0x8D59, 0x8D59, 0xA63C, 0xA63C, 0xA63C, 0xA63C, 0xBEDE, 0xBEDE, 0x8D59, 0x8D59, 0x5BD2, 0xA63C,
    0xA63C, 0xBEDE, 0xBEDE, 0xBEDE, 0xA63C, 0xA63C, 0xBEDE, 0xBEDE, 0xBEDE, 0xBEDE, 0xBEDE, 0xA63C,
    0x5BD2, 0x120E, 0x8D59, 0xA63C, 0x120E, 0x6B55, 0x6B55, 0x6B55, 0x51CE, 0x0001, 0x0001, 0x0001,
    0x0001, 0x0001, 0x0001, 0x0001, 0x6292, 0x62D3, 0x62D3, 0x4250, 0x5B52, 0x4372, 0x5C14, 0x53B3,
    0x7CD6, 0x8D59, 0x959A, 0x9DFB, 0xA63C, 0xA63C, 0xA63C, 0x9DFB, 0x8517, 0x53B3, 0x5C14, 0x74D7,
    0xA63C, 0xAE7D, 0xB69D, 0xB6BE, 0xAE7D, 0xAE7D, 0xB69D, 0xBEDE, 0xBEDE, 0xBEDE, 0xAE5C, 0x8D58,
    0x53B3, 0x5C14, 0x4372, 0x5B52, 0x4250, 0x62D3, 0x62D3, 0x6292, 0x0001, 0x0001, 0x0001, 0x0001,
    0x0001, 0x0001, 0x0001, 0x0001, 0x51CE, 0x6B55, 0x51CE, 0x6B55, 0x6B55, 0x120E, 0x120E, 0x120E,
    0x8D59, 0x8D59, 0x8D59, 0x8D59, 0xA63C, 0xA63C, 0xA63C, 0x8D59, 0x5BD2, 0x120E, 0x120E, 0xA63C,
    0xA63C, 0xA63C, 0xBEDE, 0xA63C, 0xA63C, 0xA63C, 0xBEDE, 0xBEDE, 0xBEDE, 0xBEDE, 0xA63C, 0x8D59,
    0x120E, 0x120E, 0x120E, 0x8C38, 0x6B55, 0x51CE, 0x6B55, 0x51CE, 0x0001, 0x0001, 0x0001, 0x0001,
    0x0001, 0x0001, 0x0001, 0x0001, 0x6292, 0x5A50, 0x62D3, 0x62D3, 0x6B55, 0x6B55, 0x4AD3, 0x4B11,
    0x53B3, 0x7CD6, 0x8D59, 0x8D59, 0x8D59, 0x8D59, 0x8D59, 0x7CD6, 0x53B3, 0x2AAF, 0x3B31, 0x6C96,
    0x9DFB, 0xA63C, 0xA63C, 0xA63C, 0xA63C, 0xA63C, 0xAE7D, 0xB69D, 0xBEDE, 0xB6BE, 0x9599, 0x5C14,
    0x4B11, 0x5B34, 0x83F7, 0x8C38, 0x7B75, 0x6B14, 0x5A50, 0x6292, 0x0001, 0x0001, 0x0001, 0x0001,
    0x0001, 0x0001, 0x0001, 0x0001, 0x51CE, 0x6B55, 0x51CE, 0x6B55, 0x6B55, 0x6B55, 0x6B55, 0x6B55,
    0x120E, 0x8D59, 0x8D59, 0x8D59, 0x8D59, 0x8D59, 0x8D59, 0x8D59, 0x8D59, 0x5BD2, 0x120E, 0x5BD2,
    0x8D59, 0x8D59, 0x8D59, 0xA63C, 0xA63C, 0xA63C, 0xA63C, 0xBEDE, 0xBEDE, 0xA63C, 0x8D59, 0x120E,
    0x6B55, 0x8C38, 0x8C38, 0x8C38, 0x8C38, 0x51CE, 0x6B55, 0x51CE, 0x0001, 0x0001, 0x0001, 0x0001,
    0x0001, 0x0001, 0x0001, 0x0001, 0x6292, 0x5A50, 0x62D3, 0x62D3, 0x6B55, 0x6B55, 0x6B55, 0x4AD3,
    0x4B11, 0x53B3, 0x7CD6, 0x8D59, 0x8D59, 0x8D59, 0x8D59, 0x8D59, 0x8D59, 0x8D59, 0x7CD6, 0x6C54,
    0x6C54, 0x8517, 0x9DFB, 0xA63C, 0xA63C, 0xA63C, 0xAE7D, 0xB69D, 0xB6BE, 0x9599, 0x5C14, 0x5352,
    0x6374, 0x8C38, 0x8C38, 0x8C38, 0x83F7, 0x6B14, 0x6292, 0x0001, 0x0001, 0x0001, 0x0001, 0x0001,
    0x0001, 0x0001, 0x0001, 0x0001, 0x0001, 0x51CE, 0x6B55, 0x6B55, 0x6B55, 0x6B55, 0x6B55, 0x6B55,
    0x6B55, 0x120E, 0x8D59, 0x8D59, 0x8D59, 0x8D59, 0x8D59, 0x8D59, 0x8D59, 0x8D59, 0x8D59, 0x8D59,
    0x8D59, 0xA63C, 0xA63C, 0xA63C, 0xA63C, 0xA63C, 0xA63C, 0xBEDE, 0xA63C, 0x8D59, 0x120E, 0x6B55,
    0x8C38, 0x8C38, 0x8C38, 0x8C38, 0x8C38, 0x6B55, 0x51CE, 0x0001, 0x0001, 0x0001, 0x0001, 0x0001,
    0x0001, 0x0001, 0x0001, 0x0001, 0x0001, 0x6292, 0x62D3, 0x6B55, 0x6B55, 0x6B55, 0x6B55, 0x6B55,
    0x4AD3, 0x4B11, 0x53B3, 0x7CD6, 0x8D59, 0x8D59, 0x8D59, 0x8D59, 0x8D59, 0x8D59, 0x8D59, 0x959A,
    0x9DFB, 0xA63C, 0xA63C, 0xA63C, 0xA63C, 0xA63C, 0xA63C, 0xA63C, 0x8D78, 0x5C14, 0x5352, 0x6374,
    0x8C38, 0x8C38, 0x8C38, 0x8C38, 0x83F7, 0x6B14, 0x6292, 0x0001, 0x0001, 0x0001, 0x0001, 0x0001,
    0x0001, 0x0001, 0x0001, 0x0001, 0x0001, 0x51CE, 0x6B55, 0x6B55, 0x6B55, 0x6B55, 0x6B55, 0x6B55,
    0x6B55, 0x6B55, 0x120E, 0x5BD2, 0x8D59, 0x8D59, 0x8D59, 0x8D59, 0x8D59, 0x8D59, 0x8D59, 0x92B7,
    0x92B7, 0x92B7, 0xA63C, 0xA63C, 0xA63C, 0xA63C, 0xA63C, 0xA63C, 0x8D59, 0x120E, 0x6B55, 0x8C38,
    0x8C38, 0x8C38, 0x8C38, 0x8C38, 0x8C38, 0x6B55, 0x51CE, 0x0001, 0x0001, 0x0001, 0x0001, 0x0001,
    0x0001, 0x0001, 0x0001, 0x0001, 0x0001, 0x6292, 0x62D3, 0x6B55, 0x6B55, 0x6B55, 0x6B55, 0x6B55,
    0x6B55, 0x4AD3, 0x2A70, 0x2AAF, 0x53B3, 0x7CD6, 0x8D59, 0x8D59, 0x7415, 0x62D1, 0x59AE, 0x494B,
    0x494B, 0x494B, 0x59AE, 0x8375, 0xA51A, 0xA63C, 0x9DFB, 0x6C96, 0x3B31, 0x2A70, 0x5B34, 0x83F7,
    0x8C38, 0x8C38, 0x8C38, 0x8C38, 0x83F7, 0x6B14, 0x6292, 0x0001, 0x0001, 0x0001, 0x0001, 0x0001,
    0x0001, 0x0001, 0x0001, 0x0001, 0x0001, 0x51CE, 0x6B55, 0x6B55, 0x6B55, 0x6B55, 0x6B55, 0x6B55,
    0x6B55, 0x6B55, 0x120E, 0x4B2F, 0x120E, 0x5BD2, 0x8D59, 0x8D59, 0x8D59, 0x8D59, 0x8275, 0x516C,
    0x516C, 0x516C, 0x8275, 0xA63C, 0xA63C, 0xA63C, 0x8D59, 0x120E, 0x8D59, 0x120E, 0x6B55, 0x6B55,
    0x6B55, 0x8C38, 0x8C38, 0x8C38, 0x8C38, 0x6B55, 0x51CE, 0x0001, 0x0001, 0x0001, 0x0001, 0x0001,
    0x0001, 0x0001, 0x0001, 0x0001, 0x0001, 0x0001, 0x6292, 0x62D3, 0x6B55, 0x6B55, 0x62D3, 0x5A50,
    0x51CE, 0x39CE, 0x3A4E, 0x32CE, 0x32CF, 0x3AEF, 0x53B3, 0x7CD6, 0x8D59, 0x8D59, 0x7C36, 0x7313,
    0xB3BB, 0x7B54, 0x94B8, 0xA63C, 0x9DFB, 0x6C96, 0x6435, 0x6C96, 0x6C96, 0x5B52, 0x39EE, 0x51CE,
    0x5A50, 0x62D3, 0x7396, 0x7396, 0x6B14, 0x6292, 0x0001, 0x0001, 0x0001, 0x0001, 0x0001, 0x0001,
    0x0001, 0x0001, 0x0001, 0x0001, 0x0001, 0x0001, 0x51CE, 0x6B55, 0x6B55, 0x51CE, 0x51CE, 0x0001,
    0x0001, 0x0001, 0x120E, 0x4B2F, 0x4B2F, 0x4B2F, 0x120E, 0x5BD2, 0x8D59, 0x8D59, 0x8D59, 0x8D59,
    0x8D59, 0xA63C, 0xA63C, 0xA63C, 0x8D59, 0x120E, 0x8D59, 0xA63C, 0xA63C, 0x120E, 0x0001, 0x0001,
    0x0001, 0x51CE, 0x51CE, 0x6B55, 0x6B55, 0x51CE, 0x0001, 0x0001, 0x0001, 0x0001, 0x0001, 0x0001,
    0x0001, 0x0001, 0x0001, 0x0001, 0x0001, 0x0001, 0x0001, 0x51CE, 0x51CE, 0x0001, 0x0001, 0x0001,
    0x0001, 0x0001, 0x32F0, 0x4330, 0x5391, 0x4B50, 0x32CF, 0x226E, 0x2AAF, 0x53B3, 0x7CD6, 0x959A,
    0x9DFB, 0x9DFB, 0x6C96, 0x3B31, 0x3B31, 0x6C96, 0xA61C, 0xAE7D, 0x7D18, 0x5C35, 0x0001, 0x0001,
    0x0001, 0x0001, 0x0001, 0x51CE, 0x51CE, 0x0001, 0x0001, 0x0001, 0x0001, 0x0001, 0x0001, 0x0001,
    0x0001, 0x0001, 0x0001, 0x0001, 0x0001, 0x0001, 0x0001, 0x51CE, 0x0001, 0x0001, 0x0001, 0x0001,
    0x0001, 0x120E, 0x4B2F, 0x5BD2, 0x5BD2, 0x5BD2, 0x4B2F, 0x4B2F, 0x4B2F, 0x120E, 0x120E, 0x120E,
    0x120E, 0x120E, 0x120E, 0x8D59, 0xA63C, 0xA63C, 0xBEDE, 0xBEDE, 0xA63C, 0x8D59, 0x120E, 0x0001,
    0x0001, 0x0001, 0x0001, 0x0001, 0x51CE, 0x0001, 0x0001, 0x0001, 0x0001, 0x0001, 0x0001, 0x0001,
    0x0001, 0x0001, 0x0001, 0x0001, 0x0001, 0x0001, 0x0001, 0x0001, 0x0001, 0x0001, 0x0001, 0x0001,
    0x0001, 0x2A8E, 0x3AEF, 0x5391, 0x5BD2, 0x5BD2, 0x5391, 0x5391, 0x5391, 0x6C54, 0x7CD6, 0x8D59,
    0x8D59, 0x959A, 0x9DFB, 0xA63C, 0xA63C, 0xAE7D, 0xB69D, 0xB6BE, 0xA63C, 0x6C96, 0x4BB3, 0x0001,
    0x0001, 0x0001, 0x0001, 0x0001, 0x0001, 0x0001, 0x0001, 0x0001, 0x0001, 0x0001, 0x0001, 0x0001,
  },
  {
    0x0001, 0x0001, 0x0001, 0x0001, 0x0001, 0x0001, 0x0001, 0x0001, 0x0001, 0x0001, 0x0001, 0x51CE,
    0x6B55, 0x6B55, 0x6B55, 0x6B55, 0x6B55, 0x6B55, 0x6B55, 0x6B55, 0x6B55, 0x6B55, 0x6B55, 0x6B55,
    0x6B55, 0x6B55, 0x6B55, 0x8C38, 0x8C38, 0x8C38, 0x8C38, 0x8C38, 0x8C38, 0x8C38, 0x6B55, 0x6B55,
    0x51CE, 0x0001, 0x0001, 0x0001, 0x0001, 0x0001, 0x0001, 0x0001, 0x0001, 0x0001, 0x0001, 0x0001,
    0x0001, 0x0001, 0x0001, 0x0001, 0x0001, 0x0001, 0x0001, 0x0001, 0x0001, 0x0001, 0x51CE, 0x6B55,
    0x6B55, 0x6B55, 0x6B55, 0x6B55, 0x6B55, 0x6B55, 0x6B55, 0x6B55, 0x6B55, 0x6B55, 0x6B55, 0x6B55,
    0x8C38, 0x8C38, 0x8C38, 0x8C38, 0x8C38, 0x6B55, 0x6B55, 0x6B55, 0x6B55, 0x8C38, 0x8C38, 0x8C38,
    0x6B55, 0x51CE, 0x0001, 0x0001, 0x0001, 0x0001, 0x0001, 0x0001, 0x0001, 0x0001, 0x0001, 0x0001,
    0x0001, 0x0001, 0x0001, 0x0001, 0x0001, 0x0001, 0x0001, 0x0001, 0x0001, 0x51CE, 0x6B55, 0x6B55,
    0x6B55, 0x6B55, 0x6B55, 0x6B55, 0x6B55, 0x6B55, 0x6B55, 0x6B55, 0x6B55, 0x6B55, 0x8C38, 0x8C38,
    0x8C38, 0x8C38, 0x8C38, 0x8C38, 0x8C38, 0x6B55, 0x6B55, 0x6B55, 0x6B55, 0x6B55, 0x8C38, 0x8C38,
    0x8C38, 0x6B55, 0x51CE, 0x0001, 0x0001, 0x0001, 0x0001, 0x0001, 0x0001, 0x0001, 0x0001, 0x0001,
    0x0001, 0x0001, 0x0001, 0x0001, 0x0001, 0x0001, 0x0001, 0x0001, 0x51CE, 0x6B55, 0x6B55, 0x6B55,
    0x6B55, 0x6B55, 0x6B55, 0x6B55, 0x6B55, 0x6B55, 0x6B55, 0x6B55, 0x6B55, 0x8C38, 0x8C38, 0x8C38,
    0x8C38, 0x8C38, 0x8C38, 0x8C38, 0x8C38, 0x8C38, 0x6B55, 0x6B55, 0x6B55, 0x6B55, 0x6B55, 0x8C38,
    0x8C38, 0x8C38, 0x6B55, 0x51CE, 0x0001, 0x0001, 0x0001, 0x0001, 0x0001, 0x0001, 0x0001, 0x0001,
    0x0001, 0x0001, 0x0001, 0x0001, 0x0001, 0x0001, 0x0001, 0x51CE, 0x6B55, 0x6B55, 0x6B55, 0x6B55,
    0x6B55, 0x6B55, 0x6B55, 0x6B55, 0x6B55, 0x6B55, 0x6B55, 0x6B55, 0x8C38, 0x8C38, 0x8C38, 0x8C38,
    0x8C38, 0x8C38, 0x8C38, 0x8C38, 0x8C38, 0x8C38, 0x8C38, 0x6B55, 0x6B55, 0x6B55, 0x6B55, 0x6B55,
    0x8C38, 0x8C38, 0x8C38, 0x6B55, 0x51CE, 0x0001, 0x0001, 0x0001, 0x0001, 0x0001, 0x0001, 0x0001,
    0x0001, 0x0001, 0x0001, 0x0001, 0x0001, 0x0001, 0x0001, 0x51CE, 0x6B55, 0x6B55, 0x6B55, 0x6B55,
    0x6B55, 0x6B55, 0x6B55, 0x6B55, 0x6B55, 0x6B55, 0x6B55, 0x6B55, 0x8C38, 0x8C38, 0x8C38, 0x8C38,
    0x8C38, 0x8C38, 0x8C38, 0x8C38, 0x8C38, 0x8C38, 0x8C38, 0x8C38, 0x8C38, 0x8C38, 0x6B55, 0x6B55,
    0x8C38, 0x8C38, 0x8C38, 0x8C38, 0x51CE, 0x0001, 0x0001, 0x0001, 0x0001, 0x0001, 0x0001, 0x0001,
    0x0001, 0x0001, 0x0001, 0x0001, 0x0001, 0x0001, 0x51CE, 0x6B55, 0x6B55, 0x6B55, 0x6B55, 0x6B55,
    0x6B55, 0x6B55, 0x6B55, 0x6B55, 0x6B55, 0x6B55, 0x6B55, 0x8C38, 0x8C38, 0x8C38, 0x8C38, 0x8C38,
    0x8C38, 0x8C38, 0x8C38, 0x8C38, 0x8C38, 0x8C38, 0x8C38, 0x8C38, 0x8C38, 0x8C38, 0x8C38, 0x6B55,
    0x8C38, 0x8C38, 0x8C38, 0x8C38, 0x6B55, 0x51CE, 0x0001, 0x0001, 0x0001, 0x0001, 0x0001, 0x0001,
    0x0001, 0x0001, 0x0001, 0x0001, 0x0001, 0x0001, 0x51CE, 0x6B55, 0x6B55, 0x6B55, 0x6B55, 0x6B55,
    0x6B55, 0x6B55, 0x6B55, 0x6B55, 0x6B55, 0x6B55, 0x6B55, 0x8C38, 0x8C38, 0x8C38, 0x8C38, 0x8C38,
    0x8C38, 0x8C38, 0x8C38, 0x8C38, 0x8C38, 0x8C38, 0x8C38, 0x8C38, 0x8C38, 0x8C38, 0x8C38, 0x8C38,
    0x8C38, 0x8C38, 0x8C38, 0x8C38, 0x8C38, 0x51CE, 0x0001, 0x0001, 0x0001, 0x0001, 0x0001, 0x0001,
    0x0001, 0x0001, 0x0001, 0x0001, 0x0001, 0x0001, 0x51CE, 0x6B55, 0x6B55, 0x6B55, 0x6B55, 0x6B55,
    0x6B55, 0x6B55, 0x6B55, 0x6B55, 0x6B55, 0x6B55, 0x6B55, 0x6B55, 0x8C38, 0x8C38, 0x8C38, 0x8C38,
    0x8C38, 0x8C38, 0x8C38, 0x8C38, 0x8C38, 0x8C38, 0x8C38, 0x8C38, 0x8C38, 0x8C38, 0x6B55, 0x8C38,
    0x6B55, 0x8C38, 0x8C38, 0x8C38, 0x8C38, 0x51CE, 0x0001, 0x0001, 0x0001, 0x0001, 0x0001, 0x0001,
    0x0001, 0x0001, 0x0001, 0x0001, 0x0001, 0x51CE, 0x6B55, 0x6B55, 0x6B55, 0x6B55, 0x6B55, 0x6B55,
    0x6B55, 0x6B55, 0x6B55, 0x6B55, 0x6B55, 0x6B55, 0x6B55, 0x6B55, 0x6B55, 0x6B55, 0x6B55, 0x8C38,
    0x8C38, 0x8C38, 0x8C38, 0x8C38, 0x8C38, 0x8C38, 0x8C38, 0x8C38, 0x8C38, 0x8C38, 0x8C38, 0x6B55,
    0x6B55, 0x8C38, 0x8C38, 0x8C38, 0x8C38, 0x6B55, 0x51CE, 0x0001, 0x0001, 0x0001, 0x0001, 0x0001,
    0x0001, 0x0001, 0x0001, 0x0001, 0x0001, 0x51CE, 0x6B55, 0x6B55, 0x6B55, 0x6B55, 0x6B55, 0x6B55,
    0x6B55, 0x6B55, 0x6B55, 0x6B55, 0x6B55, 0x6B55, 0x6B55, 0x6B55, 0x6B55, 0x6B55, 0x6B55, 0x6B55,
    0x6B55, 0x6B55, 0x8C38, 0x8C38, 0x8C38, 0x8C38, 0x8C38, 0x8C38, 0x8C38, 0x8C38, 0x8C38, 0x8C38,
    0x6B55, 0x6B55, 0x8C38, 0x8C38, 0x8C38, 0x8C38, 0x51CE, 0x0001, 0x0001, 0x0001, 0x0001, 0x0001,
    0x0001, 0x0001, 0x0001, 0x0001, 0x0001, 0x51CE, 0x6B55, 0x6B55, 0x6B55, 0x6B55, 0x6B55, 0x6B55,
    0x6B55, 0x6B55, 0x6B55, 0x6B55, 0x6B55, 0x6B55, 0x6B55, 0x6B55, 0x51CE, 0x51CE, 0x51CE, 0x51CE,
    0x51CE, 0x51CE, 0x51CE, 0x6B55, 0x8C38, 0x8C38, 0x8C38, 0x8C38, 0x8C38, 0x8C38, 0x8C38, 0x8C38,
    0x8C38, 0x6B55, 0x8C38, 0x8C38, 0x8C38, 0x8C38, 0x51CE, 0x0001, 0x0001, 0x0001, 0x0001, 0x0001,
    0x0001, 0x0001, 0x0001, 0x0001, 0x51CE, 0x6B55, 0x6B55, 0x6B55, 0x6B55, 0x6B55, 0x6B55, 0x6B55,
    0x6B55, 0x6B55, 0x6B55, 0x6B55, 0x6B55, 0x6B55, 0x51CE, 0x51CE, 0x4B2F, 0x4B2F, 0x4B2F, 0x4B2F,
    0x4B2F, 0x4B2F, 0x4B2F, 0x51CE, 0x6B55, 0x8C38, 0x8C38, 0x8C38, 0x8C38, 0x8C38, 0x8C38, 0x8C38,
    0x8C38, 0x6B55, 0x6B55, 0x8C38, 0x8C38, 0x8C38, 0x6B55, 0x51CE, 0x0001, 0x0001, 0x0001, 0x0001,
    0x0001, 0x0001, 0x0001, 0x0001, 0x51CE, 0x6B55, 0x6B55, 0x6B55, 0x6B55, 0x6B55, 0x6B55, 0x6B55,
    0x6B55, 0x6B55, 0x6B55, 0x6B55, 0x6B55, 0x51CE, 0x4B2F, 0x4B2F, 0x4B2F, 0x5BD2, 0x5BD2, 0x5BD2,
    0x5BD2, 0x5BD2, 0x5BD2, 0x4B2F, 0x51CE, 0x6B55, 0x8C38, 0x8C38, 0x8C38, 0x8C38, 0x8C38, 0x8C38,
    0x8C38, 0x8C38, 0x6B55, 0x8C38, 0x8C38, 0x8C38, 0x8C38, 0x51CE, 0x0001, 0x0001, 0x0001, 0x0001,
    0x0001, 0x0001, 0x0001, 0x0001, 0x51CE, 0x6B55, 0x6B55, 0x6B55, 0x6B55, 0x6B55, 0x6B55, 0x6B55,
    0x6B55, 0x6B55, 0x6B55, 0x6B55, 0x51CE, 0x4B2F, 0x5BD2, 0x5BD2, 0x5BD2, 0x8D59, 0x8D59, 0x8D59,
    0x8D59, 0x8D59, 0x8D59, 0x5BD2, 0x5BD2, 0x51CE, 0x51CE, 0x8C38, 0x8C38, 0x8C38, 0x8C38, 0x8C38,
    0x8C38, 0x8C38, 0x6B55, 0x8C38, 0x8C38, 0x8C38, 0x8C38, 0x51CE, 0x0001, 0x0001, 0x0001, 0x0001,
    0x0001, 0x0001, 0x0001, 0x0001, 0x51CE, 0x6B55, 0x6B55, 0x6B55, 0x6B55, 0x6B55, 0x6B55, 0x6B55,
    0x6B55, 0x6B55, 0x6B55, 0x51CE, 0x4B2F, 0x5BD2, 0x8D59, 0x8D59, 0x8D59, 0xA63C, 0xA63C, 0xA63C,
    0xA63C, 0xA63C, 0xA63C, 0x8D59, 0x8D59, 0x5BD2, 0x51CE, 0x6B55, 0x8C38, 0x8C38, 0x8C38, 0x8C38,
    0x8C38, 0x8C38, 0x8C38, 0x8C38, 0x8C38, 0x8C38, 0x8C38, 0x51CE, 0x0001, 0x0001, 0x0001, 0x0001,
    0x0001, 0x0001, 0x0001, 0x0001, 0x51CE, 0x6B55, 0x6B55, 0x6B55, 0x6B55, 0x6B55, 0x6B55, 0x6B55,
    0x6B55, 0x6B55, 0x6B55, 0x51CE, 0x5BD2, 0x8D59, 0x8D59, 0x8D59, 0xA63C, 0xA63C, 0xA63C, 0xA63C,
    0xA63C, 0xBEDE, 0xBEDE, 0xBEDE, 0xA63C, 0x8D59, 0x5BD2, 0x51CE, 0x6B55, 0x8C38, 0x8C38, 0x8C38,
    0x8C38, 0x8C38, 0x8C38, 0x8C38, 0x8C38, 0x8C38, 0x8C38, 0x51CE, 0x0001, 0x0001, 0x0001, 0x0001,
    0x0001, 0x0001, 0x0001, 0x0001, 0x51CE, 0x6B55, 0x6B55, 0x6B55, 0x6B55, 0x6B55, 0x6B55, 0x6B55,
    0x6B55, 0x6B55, 0x51CE, 0x4B2F, 0x5BD2, 0x8D59, 0x8D59, 0xA63C, 0xA63C, 0xA63C, 0xA63C, 0xA63C,
    0xA63C, 0xBEDE, 0xBEDE, 0xBEDE, 0xBEDE, 0xA63C, 0x8D59, 0x5BD2, 0x51CE, 0x6B55, 0x8C38, 0x8C38,
    0x8C38, 0x8C38, 0x8C38, 0x8C38, 0x8C38, 0x8C38, 0x6B55, 0x51CE, 0x0001, 0x0001, 0x0001, 0x0001,
    0x0001, 0x0001, 0x0001, 0x0001, 0x51CE, 0x6B55, 0x6B55, 0x6B55, 0x6B55, 0x6B55, 0x6B55, 0x6B55,
    0x6B55, 0x51CE, 0x4B2F, 0x5BD2, 0x8D59, 0x8D59, 0x8D59, 0xA63C, 0xA63C, 0xA63C, 0xA63C, 0xA63C,
    0xA63C, 0xBEDE, 0xBEDE, 0xBEDE, 0xBEDE, 0xBEDE, 0xA63C, 0x8D59, 0x5BD2, 0x51CE, 0x51CE, 0x6B55,
    0x8C38, 0x8C38, 0x8C38, 0x8C38, 0x6B55, 0x8C38, 0x6B55, 0x51CE, 0x0001, 0x0001, 0x0001, 0x0001,
    0x0001, 0x0001, 0x0001, 0x51CE, 0x6B55, 0x6B55, 0x6B55, 0x6B55, 0x6B55, 0x51CE, 0x6B55, 0x6B55,
    0x51CE, 0x4B2F, 0x5BD2, 0x5BD2, 0x8D59, 0x8D59, 0x8D59, 0xA63C, 0xA63C, 0xA63C, 0xA63C, 0xA63C,
    0xA63C, 0xA63C, 0xBEDE, 0xBEDE, 0xBEDE, 0xA63C, 0xA63C, 0x8D59, 0x8D59, 0x5BD2, 0x4B2F, 0x51CE,
    0x6B55, 0x8C38, 0x8C38, 0x51CE, 0x8C38, 0x8C38, 0x6B55, 0x6B55, 0x51CE, 0x0001, 0x0001, 0x0001,
    0x0001, 0x0001, 0x0001, 0x51CE, 0x6B55, 0x6B55, 0x6B55, 0x6B55, 0x6B55, 0x6B55, 0x51CE, 0x51CE,
    0x4B2F, 0x5BD2, 0x5BD2, 0x5BD2, 0x8D59, 0x8D59, 0x8D59, 0xA63C, 0xA63C, 0xA63C, 0xA63C, 0xA63C,
    0xA63C, 0xA63C, 0xA63C, 0xA63C, 0xA63C, 0xA63C, 0xA63C, 0x8D59, 0x8D59, 0x8D59, 0x5BD2, 0x4B2F,
    0x51CE, 0x51CE, 0x51CE, 0x6B55, 0x8C38, 0x8C38, 0x6B55, 0x6B55, 0x51CE, 0x0001, 0x0001, 0x0001,
    0x0001, 0x0001, 0x0001, 0x51CE, 0x6B55, 0x6B55, 0x6B55, 0x6B55, 0x6B55, 0x6B55, 0x6B55, 0x4B2F,
    0x5BD2, 0x5BD2, 0x4B2F, 0x4B2F, 0x4B2F, 0x8D59, 0x8D59, 0x8D59, 0xA63C, 0xA63C, 0xA63C, 0xA63C,
    0xA63C, 0xA63C, 0xA63C, 0xA63C, 0xA63C, 0xA63C, 0x8D59, 0x4B2F, 0x4B2F, 0x4B2F, 0x5BD2, 0x5BD2,
    0x4B2F, 0x51CE, 0x6B55, 0x8C38, 0x8C38, 0x6B55, 0x6B55, 0x6B55, 0x51CE, 0x0001, 0x0001, 0x0001,
    0x0001, 0x0001, 0x0001, 0x51CE, 0x6B55, 0x6B55, 0x51CE, 0x6B55, 0x6B55, 0x6B55, 0x51CE, 0x5BD2,
    0x4B2F, 0x520F, 0x520F, 0x520F, 0x520F, 0x520F, 0x4B2F, 0x8D59, 0x8D59, 0xA63C, 0xA63C, 0xA63C,
    0xA63C, 0xA63C, 0xA63C, 0xA63C, 0x8D59, 0x4B2F, 0x520F, 0x520F, 0x520F, 0x520F, 0x520F, 0x4B2F,
    0x5BD2, 0x4B2F, 0x51CE, 0x6B55, 0x6B55, 0x51CE, 0x6B55, 0x6B55, 0x51CE, 0x0001, 0x0001, 0x0001,
    0x0001, 0x0001, 0x0001, 0x51CE, 0x6B55, 0x6B55, 0x120E, 0x51CE, 0x6B55, 0x51CE, 0x4B2F, 0x520F,
    0x520F, 0x4B2F, 0x4B2F, 0x5BD2, 0x5BD2, 0x4B2F, 0x520F, 0x520F, 0x8D59, 0xA63C, 0xA63C, 0xA63C,
    0xA63C, 0xA63C, 0xA63C, 0x8D59, 0x520F, 0x520F, 0x4B2F, 0x5BD2, 0x5BD2, 0x4B2F, 0x4B2F, 0x520F,
    0x520F, 0x4B2F, 0x120E, 0x51CE, 0x51CE, 0x120E, 0x6B55, 0x6B55, 0x51CE, 0x0001, 0x0001, 0x0001,
    0x0001, 0x0001, 0x0001, 0x51CE, 0x6B55, 0x6B55, 0x120E, 0x8D59, 0x6B55, 0x51CE, 0x520F, 0x4B2F,
    0x4B2F, 0x5BD2, 0x5BD2, 0x5BD2, 0x5BD2, 0x5BD2, 0x4B2F, 0x5BD2, 0x520F, 0x8D59, 0xA63C, 0xA63C,
    0xA63C, 0xA63C, 0x8D59, 0x520F, 0x5BD2, 0x4B2F, 0x5BD2, 0x5BD2, 0x5BD2, 0x5BD2, 0x5BD2, 0x4B2F,
    0x4B2F, 0x520F, 0x4B2F, 0x120E, 0x8D59, 0x120E, 0x6B55, 0x6B55, 0x51CE, 0x0001, 0x0001, 0x0001,
    0x0001, 0x0001, 0x0001, 0x51CE, 0x6B55, 0x120E, 0xA63C, 0xA63C, 0x51CE, 0x4B2F, 0x4B2F, 0x4B2F,
    0x5BD2, 0x4A6D, 0x4A6D, 0x4A6D, 0x4A6D, 0x5BD2, 0x5BD2, 0x4B2F, 0x5BD2, 0x8D59, 0xA63C, 0xA63C,
    0xA63C, 0xA63C, 0xA63C, 0x8D59, 0x4B2F, 0x5BD2, 0x5BD2, 0x4A6D, 0x4A6D, 0x4A6D, 0x4A6D, 0x5BD2,
    0x4B2F, 0x4B2F, 0x4B2F, 0x120E, 0x8D59, 0xA63C, 0x120E, 0x6B55, 0x51CE, 0x0001, 0x0001, 0x0001,
    0x0001, 0x0001, 0x0001, 0x51CE, 0x6B55, 0x120E, 0xA63C, 0x120E, 0x8D59, 0x120E, 0x4B2F, 0x4B2F,
    0x3A0B, 0x4A6D, 0x4A6D, 0x4A6D, 0x4A6D, 0x4A6D, 0x5BD2, 0x5BD2, 0x5BD2, 0x5BD2, 0x8D59, 0xA63C,
    0xA63C, 0xA63C, 0xA63C, 0x5BD2, 0x5BD2, 0x5BD2, 0x4A6D, 0x4A6D, 0x4A6D, 0x4A6D, 0x4A6D, 0x3A0B,
    0x4B2F, 0x4B2F, 0x120E, 0x5BD2, 0x120E, 0xA63C, 0x120E, 0x6B55, 0x51CE, 0x0001, 0x0001, 0x0001,
    0x0001, 0x0001, 0x0001, 0x51CE, 0x6B55, 0x120E, 0xA63C, 0x120E, 0x120E, 0x120E, 0x4B2F, 0x5BD2,
    0x3A0B, 0x4A6D, 0x4A6D, 0x4A6D, 0x4A6D, 0x3A0B, 0x8D59, 0x8D59, 0x5BD2, 0x5BD2, 0x5BD2, 0xA63C,
    0xA63C, 0xA63C, 0xA63C, 0xA63C, 0x8D59, 0x8D59, 0x3A0B, 0x4A6D, 0x4A6D, 0x4A6D, 0x4A6D, 0x3A0B,
    0x4B2F, 0x4B2F, 0x120E, 0x120E, 0x120E, 0xA63C, 0x120E, 0x6B55, 0x51CE, 0x0001, 0x0001, 0x0001,
    0x0001, 0x0001, 0x0001, 0x51CE, 0x6B55, 0x120E, 0x8D59, 0x120E, 0x6434, 0x120E, 0x4B2F, 0x39C9,
    0x39C9, 0x3A0B, 0x3A0B, 0x3A0B, 0x3A0B, 0x39C9, 0x39C9, 0x8D59, 0x8D59, 0x5BD2, 0x4B2F, 0xA63C,
    0xA63C, 0xA63C, 0xA63C, 0xA63C, 0xA63C, 0x39C9, 0x39C9, 0x3A0B, 0x3A0B, 0x3A0B, 0x3A0B, 0x39C9,
    0x39C9, 0x4B2F, 0x120E, 0x6434, 0x120E, 0xA63C, 0x120E, 0x6B55, 0x51CE, 0x0001, 0x0001, 0x0001,
    0x0001, 0x0001, 0x0001, 0x51CE, 0x6B55, 0x6B55, 0x120E, 0x8D59, 0x6434, 0x120E, 0x4B2F, 0x4B2F,
    0x8D59, 0x39C9, 0x39C9, 0x39C9, 0x39C9, 0xA63C, 0xA63C, 0xA63C, 0x8D59, 0x5BD2, 0x4B2F, 0xA63C,
    0xA63C, 0xA63C, 0xA63C, 0xA63C, 0xA63C, 0xA63C, 0xA63C, 0x39C9, 0x39C9, 0x39C9, 0x39C9, 0x5BD2,
    0x4B2F, 0x4B2F, 0x120E, 0x6434, 0xA63C, 0x120E, 0x6B55, 0x6B55, 0x51CE, 0x0001, 0x0001, 0x0001,
    0x0001, 0x0001, 0x0001, 0x51CE, 0x6B55, 0x6B55, 0x120E, 0x8D59, 0x120E, 0x120E, 0x4B2F, 0x8D59,
    0x8D59, 0xA63C, 0xA63C, 0xA63C, 0xA63C, 0xBEDE, 0xBEDE, 0xBEDE, 0xA63C, 0x8D59, 0x4B2F, 0xA63C,
    0xA63C, 0xBEDE, 0xA63C, 0xA63C, 0xA63C, 0xA63C, 0xBEDE, 0xBEDE, 0xBEDE, 0xBEDE, 0xA63C, 0x8D59,
    0x5BD2, 0x4B2F, 0x120E, 0x120E, 0xA63C, 0x120E, 0x6B55, 0x6B55, 0x51CE, 0x0001, 0x0001, 0x0001,
    0x0001, 0x0001, 0x0001, 0x51CE, 0x6B55, 0x6B55, 0x6B55, 0x120E, 0x120E, 0x8D59, 0x120E, 0x8D59,
    0x8D59, 0xA63C, 0xA63C, 0xA63C, 0xA63C, 0xBEDE, 0xBEDE, 0xBEDE, 0xA63C, 0x8D59, 0x5BD2, 0xA63C,
    0xA63C, 0xBEDE, 0xBEDE, 0xA63C, 0xA63C, 0xA63C, 0xBEDE, 0xBEDE, 0xBEDE, 0xBEDE, 0xBEDE, 0xA63C,
    0x5BD2, 0x120E, 0x5BD2, 0x120E, 0x120E, 0x6B55, 0x6B55, 0x6B55, 0x51CE, 0x0001, 0x0001, 0x0001,
    0x0001, 0x0001, 0x0001, 0x51CE, 0x6B55, 0x6B55, 0x6B55, 0x120E, 0xA63C, 0xA63C, 0x120E, 0x5BD2,
    0x8D59, 0x8D59, 0xA63C, 0xA63C, 0xA63C, 0xA63C, 0xBEDE, 0xBEDE, 0x8D59, 0x8D59, 0x5BD2, 0xA63C,
    0xA63C, 0xBEDE, 0xBEDE, 0xBEDE, 0xA63C, 0xA63C, 0xBEDE, 0xBEDE, 0xBEDE, 0xBEDE, 0xBEDE, 0xA63C,
    0x5BD2, 0x120E, 0x8D59, 0xA63C, 0x120E, 0x6B55, 0x6B55, 0x6B55, 0x51CE, 0x0001, 0x0001, 0x0001,
    0x0001, 0x0001, 0x0001, 0x0001, 0x51CE, 0x6B55, 0x6B55, 0x51CE, 0x120E, 0xA63C, 0x120E, 0x5BD2,
    0x8D59, 0x8D59, 0x8D59, 0xA63C, 0xA63C, 0xA63C, 0xA63C, 0xA63C, 0x8D59, 0x5BD2, 0x120E, 0xA63C,
    0xA63C, 0xA63C, 0xBEDE, 0xBEDE, 0xA63C, 0xA63C, 0xBEDE, 0xBEDE, 0xBEDE, 0xBEDE, 0xBEDE, 0x8D59,
    0x5BD2, 0x120E, 0xA63C, 0x120E, 0x51CE, 0x6B55, 0x6B55, 0x51CE, 0x0001, 0x0001, 0x0001, 0x0001,
    0x0001, 0x0001, 0x0001, 0x0001, 0x51CE, 0x6B55, 0x51CE, 0x6B55, 0x6B55, 0x120E, 0x120E, 0x120E,
    0x8D59, 0x8D59, 0x8D59, 0x8D59, 0xA63C, 0xA63C, 0xA63C, 0x8D59, 0x5BD2, 0x120E, 0x120E, 0xA63C,
    0xA63C, 0xA63C, 0xBEDE, 0xA63C, 0xA63C, 0xA63C, 0xBEDE, 0xBEDE, 0xBEDE, 0xBEDE, 0xA63C, 0x8D59,
    0x120E, 0x120E, 0x120E, 0x8C38, 0x6B55, 0x51CE, 0x6B55, 0x51CE, 0x0001, 0x0001, 0x0001, 0x0001,
    0x0001, 0x0001, 0x0001, 0x0001, 0x51CE, 0x6B55, 0x51CE, 0x6B55, 0x6B55, 0x6B55, 0x6B55, 0x120E,
    0x5BD2, 0x8D59, 0x8D59, 0x8D59, 0x8D59, 0x8D59, 0x8D59, 0x8D59, 0x5BD2, 0x120E, 0x120E, 0x8D59,
    0xA63C, 0xA63C, 0xA63C, 0xA63C, 0xA63C, 0xA63C, 0xA63C, 0xBEDE, 0xBEDE, 0xBEDE, 0xA63C, 0x5BD2,
    0x120E, 0x6B55, 0x8C38, 0x8C38, 0x8C38, 0x51CE, 0x6B55, 0x51CE, 0x0001, 0x0001, 0x0001, 0x0001,
    0x0001, 0x0001, 0x0001, 0x0001, 0x51CE, 0x6B55, 0x51CE, 0x6B55, 0x6B55, 0x6B55, 0x6B55, 0x6B55,
    0x120E, 0x8D59, 0x8D59, 0x8D59, 0x8D59, 0x8D59, 0x8D59, 0x8D59, 0x8D59, 0x5BD2, 0x120E, 0x5BD2,
    0x8D59, 0x8D59, 0x8D59, 0xA63C, 0xA63C, 0xA63C, 0xA63C, 0xBEDE, 0xBEDE, 0xA63C, 0x8D59, 0x120E,
    0x6B55, 0x8C38, 0x8C38, 0x8C38, 0x8C38, 0x51CE, 0x6B55, 0x51CE, 0x0001, 0x0001, 0x0001, 0x0001,
    0x0001, 0x0001, 0x0001, 0x0001, 0x51CE, 0x6B55, 0x51CE, 0x6B55, 0x6B55, 0x6B55, 0x6B55, 0x6B55,
    0x120E, 0x5BD2, 0x8D59, 0x8D59, 0x8D59, 0x8D59, 0x8D59, 0x8D59, 0x8D59, 0x8D59, 0x8D59, 0x5BD2,
    0x5BD2, 0x8D59, 0xA63C, 0xA63C, 0xA63C, 0xA63C, 0xA63C, 0xBEDE, 0xBEDE, 0xA63C, 0x5BD2, 0x120E,
    0x8C38, 0x8C38, 0x8C38, 0x8C38, 0x8C38, 0x6B55, 0x51CE, 0x0001, 0x0001, 0x0001, 0x0001, 0x0001,
    0x0001, 0x0001, 0x0001, 0x0001, 0x0001, 0x51CE, 0x6B55, 0x6B55, 0x6B55, 0x6B55, 0x6B55, 0x6B55,
    0x6B55, 0x120E, 0x8D59, 0x8D59, 0x8D59, 0x8D59, 0x8D59, 0x8D59, 0x8D59, 0x8D59, 0x8D59, 0x8D59,
    0x8D59, 0xA63C, 0xA63C, 0xA63C, 0xA63C, 0xA63C, 0xA63C, 0xBEDE, 0xA63C, 0x8D59, 0x120E, 0x6B55,
    0x8C38, 0x8C38, 0x8C38, 0x8C38, 0x8C38, 0x6B55, 0x51CE, 0x0001, 0x0001, 0x0001, 0x0001, 0x0001,
    0x0001, 0x0001, 0x0001, 0x0001, 0x0001, 0x51CE, 0x6B55, 0x6B55, 0x6B55, 0x6B55, 0x6B55, 0x6B55,
    0x6B55, 0x120E, 0x5BD2, 0x8D59, 0x8D59, 0x8D59, 0x8D59, 0x8D59, 0x8D59, 0x8D59, 0x8D59, 0x8D59,
    0xA63C, 0xA63C, 0xA63C, 0xA63C, 0xA63C, 0xA63C, 0xA63C, 0xA63C, 0xA63C, 0x5BD2, 0x120E, 0x8C38,
    0x8C38, 0x8C38, 0x8C38, 0x8C38, 0x8C38, 0x6B55, 0x51CE, 0x0001, 0x0001, 0x0001, 0x0001, 0x0001,
    0x0001, 0x0001, 0x0001, 0x0001, 0x0001, 0x51CE, 0x6B55, 0x6B55, 0x6B55, 0x6B55, 0x6B55, 0x6B55,
    0x6B55, 0x6B55, 0x120E, 0x5BD2, 0x8D59, 0x8D59, 0x8D59, 0x8D59, 0x8D59, 0x8D59, 0x8D59, 0x92B7,
    0x92B7, 0x92B7, 0xA63C, 0xA63C, 0xA63C, 0xA63C, 0xA63C, 0xA63C, 0x8D59, 0x120E, 0x6B55, 0x8C38,
    0x8C38, 0x8C38, 0x8C38, 0x8C38, 0x8C38, 0x6B55, 0x51CE, 0x0001, 0x0001, 0x0001, 0x0001, 0x0001,
    0x0001, 0x0001, 0x0001, 0x0001, 0x0001, 0x51CE, 0x6B55, 0x6B55, 0x6B55, 0x6B55, 0x6B55, 0x6B55,
    0x6B55, 0x6B55, 0x120E, 0x120E, 0x5BD2, 0x8D59, 0x8D59, 0x8D59, 0x8D59, 0x516D, 0x516D, 0x516D,
    0x69F0, 0x69F0, 0x516D, 0x92B7, 0xA63C, 0xA63C, 0xA63C, 0x8D59, 0x120E, 0x120E, 0x6B55, 0x8C38,
    0x8C38, 0x8C38, 0x8C38, 0x8C38, 0x8C38, 0x6B55, 0x51CE, 0x0001, 0x0001, 0x0001, 0x0001, 0x0001,
    0x0001, 0x0001, 0x0001, 0x0001, 0x0001, 0x51CE, 0x6B55, 0x6B55, 0x6B55, 0x6B55, 0x6B55, 0x6B55,
    0x6B55, 0x6B55, 0x120E, 0x4B2F, 0x120E, 0x5BD2, 0x8D59, 0x8D59, 0x8D59, 0x8D59, 0x92B7, 0x92B7,
    0xB3BB, 0x92B7, 0x92B7, 0xA63C, 0xA63C, 0xA63C, 0x8D59, 0x120E, 0x8D59, 0x120E, 0x6B55, 0x6B55,
    0x6B55, 0x8C38, 0x8C38, 0x8C38, 0x8C38, 0x6B55, 0x51CE, 0x0001, 0x0001, 0x0001, 0x0001, 0x0001,
    0x0001, 0x0001, 0x0001, 0x0001, 0x0001, 0x0001, 0x51CE, 0x6B55, 0x6B55, 0x6B55, 0x6B55, 0x51CE,
    0x51CE, 0x51CE, 0x120E, 0x4B2F, 0x4B2F, 0x120E, 0x5BD2, 0x8D59, 0x8D59, 0x8D59, 0x8D59, 0x69F0,
    0x69F0, 0x69F0, 0xA63C, 0xA63C, 0xA63C, 0x8D59, 0x120E, 0x8D59, 0xA63C, 0x120E, 0x51CE, 0x51CE,
    0x51CE, 0x6B55, 0x6B55, 0x8C38, 0x6B55, 0x51CE, 0x0001, 0x0001, 0x0001, 0x0001, 0x0001, 0x0001,
    0x0001, 0x0001, 0x0001, 0x0001, 0x0001, 0x0001, 0x51CE, 0x6B55, 0x6B55, 0x51CE, 0x51CE, 0x0001,
    0x0001, 0x0001, 0x120E, 0x4B2F, 0x4B2F, 0x4B2F, 0x120E, 0x5BD2, 0x8D59, 0x8D59, 0x8D59, 0x8D59,
    0x8D59, 0xA63C, 0xA63C, 0xA63C, 0x8D59, 0x120E, 0x8D59, 0xA63C, 0xA63C, 0x120E, 0x0001, 0x0001,
    0x0001, 0x51CE, 0x51CE, 0x6B55, 0x6B55, 0x51CE, 0x0001, 0x0001, 0x0001, 0x0001, 0x0001, 0x0001,
    0x0001, 0x0001, 0x0001, 0x0001, 0x0001, 0x0001, 0x0001, 0x51CE, 0x51CE, 0x0001, 0x0001, 0x0001,
    0x0001, 0x0001, 0x120E, 0x5BD2, 0x5BD2, 0x4B2F, 0x4B2F, 0x120E, 0x120E, 0x5BD2, 0x8D59, 0x8D59,
    0xA63C, 0xA63C, 0x8D59, 0x120E, 0x120E, 0x8D59, 0xA63C, 0xBEDE, 0xA63C, 0x120E, 0x0001, 0x0001,
    0x0001, 0x0001, 0x0001, 0x51CE, 0x51CE, 0x0001, 0x0001, 0x0001, 0x0001, 0x0001, 0x0001, 0x0001,
    0x0001, 0x0001, 0x0001, 0x0001, 0x0001, 0x0001, 0x0001, 0x51CE, 0x0001, 0x0001, 0x0001, 0x0001,
    0x0001, 0x120E, 0x4B2F, 0x5BD2, 0x5BD2, 0x5BD2, 0x4B2F, 0x4B2F, 0x4B2F, 0x120E, 0x120E, 0x120E,
    0x120E, 0x120E, 0x120E, 0x8D59, 0xA63C, 0xA63C, 0xBEDE, 0xBEDE, 0xA63C, 0x8D59, 0x120E, 0x0001,
    0x0001, 0x0001, 0x0001, 0x0001, 0x51CE, 0x0001, 0x0001, 0x0001, 0x0001, 0x0001, 0x0001, 0x0001,
    0x0001, 0x0001, 0x0001, 0x0001, 0x0001, 0x0001, 0x0001, 0x0001, 0x0001, 0x0001, 0x0001, 0x0001,
    0x0001, 0x120E, 0x4B2F, 0x5BD2, 0x5BD2, 0x5BD2, 0x5BD2, 0x4B2F, 0x5BD2, 0x5BD2, 0x8D59, 0x8D59,
    0x8D59, 0x8D59, 0xA63C, 0xA63C, 0xA63C, 0xA63C, 0xBEDE, 0xBEDE, 0xA63C, 0x8D59, 0x120E, 0x0001,
    0x0001, 0x0001, 0x0001, 0x0001, 0x0001, 0x0001, 0x0001, 0x0001, 0x0001, 0x0001, 0x0001, 0x0001,
  },
  {
    0x0001, 0x0001, 0x0001, 0x0001, 0x0001, 0x0001, 0x0001, 0x0001, 0x0001, 0x0001, 0x0001, 0x51CE,
    0x6B55, 0x6B55, 0x6B55, 0x6B55, 0x6B55, 0x6B55, 0x6B55, 0x6B55, 0x6B55, 0x6B55, 0x6B55, 0x6B55,
    0x6B55, 0x6B55, 0x6B55, 0x8C38, 0x8C38, 0x8C38, 0x8C38, 0x8C38, 0x8C38, 0x8C38, 0x6B55, 0x6B55,
    0x51CE, 0x0001, 0x0001, 0x0001, 0x0001, 0x0001, 0x0001, 0x0001, 0x0001, 0x0001, 0x0001, 0x0001,
    0x0001, 0x0001, 0x0001, 0x0001, 0x0001, 0x0001, 0x0001, 0x0001, 0x0001, 0x0001, 0x51CE, 0x6B55,
    0x6B55, 0x6B55, 0x6B55, 0x6B55, 0x6B55, 0x6B55, 0x6B55, 0x6B55, 0x6B55, 0x6B55, 0x6B55, 0x6B55,
    0x8C38, 0x8C38, 0x8C38, 0x8C38, 0x8C38, 0x6B55, 0x6B55, 0x6B55, 0x6B55, 0x8C38, 0x8C38, 0x8C38,
    0x6B55, 0x51CE, 0x0001, 0x0001, 0x0001, 0x0001, 0x0001, 0x0001, 0x0001, 0x0001, 0x0001, 0x0001,
    0x0001, 0x0001, 0x0001, 0x0001, 0x0001, 0x0001, 0x0001, 0x0001, 0x0001, 0x51CE, 0x6B55, 0x6B55,
    0x6B55, 0x6B55, 0x6B55, 0x6B55, 0x6B55, 0x6B55, 0x6B55, 0x6B55, 0x6B55, 0x6B55, 0x8C38, 0x8C38,
    0x8C38, 0x8C38, 0x8C38, 0x8C38, 0x8C38, 0x6B55, 0x6B55, 0x6B55, 0x6B55, 0x6B55, 0x8C38, 0x8C38,
    0x8C38, 0x6B55, 0x51CE, 0x0001, 0x0001, 0x0001, 0x0001, 0x0001, 0x0001, 0x0001, 0x0001, 0x0001,
    0x0001, 0x0001, 0x0001, 0x0001, 0x0001, 0x0001, 0x0001, 0x0001, 0x51CE, 0x6B55, 0x6B55, 0x6B55,
    0x6B55, 0x6B55, 0x6B55, 0x6B55, 0x6B55, 0x6B55, 0x6B55, 0x6B55, 0x6B55, 0x8C38, 0x8C38, 0x8C38,
    0x8C38, 0x8C38, 0x8C38, 0x8C38, 0x8C38, 0x8C38, 0x6B55, 0x6B55, 0x6B55, 0x6B55, 0x6B55, 0x8C38,
    0x8C38, 0x8C38, 0x6B55, 0x51CE, 0x0001, 0x0001, 0x0001, 0x0001, 0x0001, 0x0001, 0x0001, 0x0001,
    0x0001, 0x0001, 0x0001, 0x0001, 0x0001, 0x0001, 0x0001, 0x51CE, 0x6B55, 0x6B55, 0x6B55, 0x6B55,
    0x6B55, 0x6B55, 0x6B55, 0x6B55, 0x6B55, 0x6B55, 0x6B55, 0x6B55, 0x8C38, 0x8C38, 0x8C38, 0x8C38,
    0x8C38, 0x8C38, 0x8C38, 0x8C38, 0x8C38, 0x8C38, 0x8C38, 0x6B55, 0x6B55, 0x6B55, 0x6B55, 0x6B55,
    0x8C38, 0x8C38, 0x8C38, 0x6B55, 0x51CE, 0x0001, 0x0001, 0x0001, 0x0001, 0x0001, 0x0001, 0x0001,
    0x0001, 0x0001, 0x0001, 0x0001, 0x0001, 0x0001, 0x0001, 0x51CE, 0x6B55, 0x6B55, 0x6B55, 0x6B55,
    0x6B55, 0x6B55, 0x6B55, 0x6B55, 0x6B55, 0x6B55, 0x6B55, 0x6B55, 0x8C38, 0x8C38, 0x8C38, 0x8C38,
    0x8C38, 0x8C38, 0x8C38, 0x8C38, 0x8C38, 0x8C38, 0x8C38, 0x8C38, 0x8C38, 0x8C38, 0x6B55, 0x6B55,
    0x8C38, 0x8C38, 0x8C38, 0x8C38, 0x51CE, 0x0001, 0x0001, 0x0001, 0x0001, 0x0001, 0x0001, 0x0001,
    0x0001, 0x0001, 0x0001, 0x0001, 0x0001, 0x0001, 0x51CE, 0x6B55, 0x6B55, 0x6B55, 0x6B55, 0x6B55,
    0x6B55, 0x6B55, 0x6B55, 0x6B55, 0x6B55, 0x6B55, 0x6B55, 0x8C38, 0x8C38, 0x8C38, 0x8C38, 0x8C38,
    0x8C38, 0x8C38, 0x8C38, 0x8C38, 0x8C38, 0x8C38, 0x8C38, 0x8C38, 0x8C38, 0x8C38, 0x8C38, 0x6B55,
    0x8C38, 0x8C38, 0x8C38, 0x8C38, 0x6B55, 0x51CE, 0x0001, 0x0001, 0x0001, 0x0001, 0x0001, 0x0001,
    0x0001, 0x0001, 0x0001, 0x0001, 0x0001, 0x0001, 0x51CE, 0x6B55, 0x6B55, 0x6B55, 0x6B55, 0x6B55,
    0x6B55, 0x6B55, 0x6B55, 0x6B55, 0x6B55, 0x6B55, 0x6B55, 0x8C38, 0x8C38, 0x8C38, 0x8C38, 0x8C38,
    0x8C38, 0x8C38, 0x8C38, 0x8C38, 0x8C38, 0x8C38, 0x8C38, 0x8C38, 0x8C38, 0x8C38, 0x8C38, 0x8C38,
    0x8C38, 0x8C38, 0x8C38, 0x8C38, 0x8C38, 0x51CE, 0x0001, 0x0001, 0x0001, 0x0001, 0x0001, 0x0001,
    0x0001, 0x0001, 0x0001, 0x0001, 0x0001, 0x0001, 0x51CE, 0x6B55, 0x6B55, 0x6B55, 0x6B55, 0x6B55,
    0x6B55, 0x6B55, 0x6B55, 0x6B55, 0x6B55, 0x6B55, 0x6B55, 0x6B55, 0x8C38, 0x8C38, 0x8C38, 0x8C38,
    0x8C38, 0x8C38, 0x8C38, 0x8C38, 0x8C38, 0x8C38, 0x8C38, 0x8C38, 0x8C38, 0x8C38, 0x6B55, 0x8C38,
    0x6B55, 0x8C38, 0x8C38, 0x8C38, 0x8C38, 0x51CE, 0x0001, 0x0001, 0x0001, 0x0001, 0x0001, 0x0001,
    0x0001, 0x0001, 0x0001, 0x0001, 0x0001, 0x51CE, 0x6B55, 0x6B55, 0x6B55, 0x6B55, 0x6B55, 0x6B55,
    0x6B55, 0x6B55, 0x6B55, 0x6B55, 0x6B55, 0x6B55, 0x6B55, 0x6B55, 0x6B55, 0x6B55, 0x6B55, 0x8C38,
    0x8C38, 0x8C38, 0x8C38, 0x8C38, 0x8C38, 0x8C38, 0x8C38, 0x8C38, 0x8C38, 0x8C38, 0x8C38, 0x6B55,
    0x6B55, 0x8C38, 0x8C38, 0x8C38, 0x8C38, 0x6B55, 0x51CE, 0x0001, 0x0001, 0x0001, 0x0001, 0x0001,
    0x0001, 0x0001, 0x0001, 0x0001, 0x0001, 0x51CE, 0x6B55, 0x6B55, 0x6B55, 0x6B55, 0x6B55, 0x6B55,
    0x6B55, 0x6B55, 0x6B55, 0x6B55, 0x6B55, 0x6B55, 0x6B55, 0x6B55, 0x6B55, 0x6B55, 0x6B55, 0x6B55,
    0x6B55, 0x6B55, 0x8C38, 0x8C38, 0x8C38, 0x8C38, 0x8C38, 0x8C38, 0x8C38, 0x8C38, 0x8C38, 0x8C38,
    0x6B55, 0x6B55, 0x8C38, 0x8C38, 0x8C38, 0x8C38, 0x51CE, 0x0001, 0x0001, 0x0001, 0x0001, 0x0001,
    0x0001, 0x0001, 0x0001, 0x0001, 0x0001, 0x51CE, 0x6B55, 0x6B55, 0x6B55, 0x6B55, 0x6B55, 0x6B55,
    0x6B55, 0x6B55, 0x6B55, 0x6B55, 0x6B55, 0x6B55, 0x6B55, 0x6B55, 0x51CE, 0x51CE, 0x51CE, 0x51CE,
    0x51CE, 0x51CE, 0x51CE, 0x6B55, 0x8C38, 0x8C38, 0x8C38, 0x8C38, 0x8C38, 0x8C38, 0x8C38, 0x8C38,
    0x8C38, 0x6B55, 0x8C38, 0x8C38, 0x8C38, 0x8C38, 0x51CE, 0x0001, 0x0001, 0x0001, 0x0001, 0x0001,
    0x0001, 0x0001, 0x0001, 0x0001, 0x51CE, 0x6B55, 0x6B55, 0x6B55, 0x6B55, 0x6B55, 0x6B55, 0x6B55,
    0x6B55, 0x6B55, 0x6B55, 0x6B55, 0x6B55, 0x6B55, 0x51CE, 0x51CE, 0x4B2F, 0x4B2F, 0x4B2F, 0x4B2F,
    0x4B2F, 0x4B2F, 0x4B2F, 0x51CE, 0x6B55, 0x8C38, 0x8C38, 0x8C38, 0x8C38, 0x8C38, 0x8C38, 0x8C38,
    0x8C38, 0x6B55, 0x6B55, 0x8C38, 0x8C38, 0x8C38, 0x6B55, 0x51CE, 0x0001, 0x0001, 0x0001, 0x0001,
    0x0001, 0x0001, 0x0001, 0x0001, 0x51CE, 0x6B55, 0x6B55, 0x6B55, 0x6B55, 0x6B55, 0x6B55, 0x6B55,
    0x6B55, 0x6B55, 0x6B55, 0x6B55, 0x6B55, 0x51CE, 0x4B2F, 0x4B2F, 0x4B2F, 0x5BD2, 0x5BD2, 0x5BD2,
    0x5BD2, 0x5BD2, 0x5BD2, 0x4B2F, 0x51CE, 0x6B55, 0x8C38, 0x8C38, 0x8C38, 0x8C38, 0x8C38, 0x8C38,
    0x8C38, 0x8C38, 0x6B55, 0x8C38, 0x8C38, 0x8C38, 0x8C38, 0x51CE, 0x0001, 0x0001, 0x0001, 0x0001,
    0x0001, 0x0001, 0x0001, 0x0001, 0x51CE, 0x6B55, 0x6B55, 0x6B55, 0x6B55, 0x6B55, 0x6B55, 0x6B55,
    0x6B55, 0x6B55, 0x6B55, 0x6B55, 0x51CE, 0x4B2F, 0x5BD2, 0x5BD2, 0x5BD2, 0x8D59, 0x8D59, 0x8D59,
    0x8D59, 0x8D59, 0x8D59, 0x5BD2, 0x5BD2, 0x51CE, 0x51CE, 0x8C38, 0x8C38, 0x8C38, 0x8C38, 0x8C38,
    0x8C38, 0x8C38, 0x6B55, 0x8C38, 0x8C38, 0x8C38, 0x8C38, 0x51CE, 0x0001, 0x0001, 0x0001, 0x0001,
    0x0001, 0x0001, 0x0001, 0x0001, 0x51CE, 0x6B55, 0x6B55, 0x6B55, 0x6B55, 0x6B55, 0x6B55, 0x6B55,
    0x6B55, 0x6B55, 0x6B55, 0x51CE, 0x4B2F, 0x5BD2, 0x8D59, 0x8D59, 0x8D59, 0xA63C, 0xA63C, 0xA63C,
    0xA63C, 0xA63C, 0xA63C, 0x8D59, 0x8D59, 0x5BD2, 0x51CE, 0x6B55, 0x8C38, 0x8C38, 0x8C38, 0x8C38,
    0x8C38, 0x8C38, 0x8C38, 0x8C38, 0x8C38, 0x8C38, 0x8C38, 0x51CE, 0x0001, 0x0001, 0x0001, 0x0001,
    0x0001, 0x0001, 0x0001, 0x0001, 0x51CE, 0x6B55, 0x6B55, 0x6B55, 0x6B55, 0x6B55, 0x6B55, 0x6B55,
    0x6B55, 0x6B55, 0x6B55, 0x51CE, 0x5BD2, 0x8D59, 0x8D59, 0x8D59, 0xA63C, 0xA63C, 0xA63C, 0xA63C,
    0xA63C, 0xBEDE, 0xBEDE, 0xBEDE, 0xA63C, 0x8D59, 0x5BD2, 0x51CE, 0x6B55, 0x8C38, 0x8C38, 0x8C38,
    0x8C38, 0x8C38, 0x8C38, 0x8C38, 0x8C38, 0x8C38, 0x8C38, 0x51CE, 0x0001, 0x0001, 0x0001, 0x0001,
    0x0001, 0x0001, 0x0001, 0x0001, 0x51CE, 0x6B55, 0x6B55, 0x6B55, 0x6B55, 0x6B55, 0x6B55, 0x6B55,
    0x6B55, 0x6B55, 0x51CE, 0x4B2F, 0x5BD2, 0x8D59, 0x8D59, 0xA63C, 0xA63C, 0xA63C, 0xA63C, 0xA63C,
    0xA63C, 0xBEDE, 0xBEDE, 0xBEDE, 0xBEDE, 0xA63C, 0x8D59, 0x5BD2, 0x51CE, 0x6B55, 0x8C38, 0x8C38,
    0x8C38, 0x8C38, 0x8C38, 0x8C38, 0x8C38, 0x8C38, 0x6B55, 0x51CE, 0x0001, 0x0001, 0x0001, 0x0001,
    0x0001, 0x0001, 0x0001, 0x0001, 0x51CE, 0x6B55, 0x6B55, 0x6B55, 0x6B55, 0x6B55, 0x6B55, 0x6B55,
    0x6B55, 0x51CE, 0x4B2F, 0x5BD2, 0x8D59, 0x8D59, 0x8D59, 0xA63C, 0xA63C, 0xA63C, 0xA63C, 0xA63C,
    0xA63C, 0xBEDE, 0xBEDE, 0xBEDE, 0xBEDE, 0xBEDE, 0xA63C, 0x8D59, 0x5BD2, 0x51CE, 0x51CE, 0x6B55,
    0x8C38, 0x8C38, 0x8C38, 0x8C38, 0x6B55, 0x8C38, 0x6B55, 0x51CE, 0x0001, 0x0001, 0x0001, 0x0001,
    0x0001, 0x0001, 0x0001, 0x51CE, 0x6B55, 0x6B55, 0x6B55, 0x6B55, 0x6B55, 0x51CE, 0x6B55, 0x6B55,
    0x51CE, 0x4B2F, 0x5BD2, 0x5BD2, 0x8D59, 0x8D59, 0x8D59, 0xA63C, 0xA63C, 0xA63C, 0xA63C, 0xA63C,
    0xA63C, 0xA63C, 0xBEDE, 0xBEDE, 0xBEDE, 0xA63C, 0xA63C, 0x8D59, 0x8D59, 0x5BD2, 0x4B2F, 0x51CE,
    0x6B55, 0x8C38, 0x8C38, 0x51CE, 0x8C38, 0x8C38, 0x6B55, 0x6B55, 0x51CE, 0x0001, 0x0001, 0x0001,
    0x0001, 0x0001, 0x0001, 0x51CE, 0x6B55, 0x6B55, 0x6B55, 0x6B55, 0x6B55, 0x6B55, 0x51CE, 0x51CE,
    0x4B2F, 0x5BD2, 0x5BD2, 0x5BD2, 0x8D59, 0x8D59, 0x8D59, 0xA63C, 0xA63C, 0xA63C, 0xA63C, 0xA63C,
    0xA63C, 0xA63C, 0xA63C, 0xA63C, 0xA63C, 0xA63C, 0xA63C, 0x8D59, 0x8D59, 0x8D59, 0x5BD2, 0x4B2F,
    0x51CE, 0x51CE, 0x51CE, 0x6B55, 0x8C38, 0x8C38, 0x6B55, 0x6B55, 0x51CE, 0x0001, 0x0001, 0x0001,
    0x0001, 0x0001, 0x0001, 0x51CE, 0x6B55, 0x6B55, 0x6B55, 0x6B55, 0x6B55, 0x6B55, 0x6B55, 0x4B2F,
    0x5BD2, 0x5BD2, 0x4B2F, 0x4B2F, 0x4B2F, 0x8D59, 0x8D59, 0x8D59, 0xA63C, 0xA63C, 0xA63C, 0xA63C,
    0xA63C, 0xA63C, 0xA63C, 0xA63C, 0xA63C, 0xA63C, 0x8D59, 0x4B2F, 0x4B2F, 0x4B2F, 0x5BD2, 0x5BD2,
    0x4B2F, 0x51CE, 0x6B55, 0x8C38, 0x8C38, 0x6B55, 0x6B55, 0x6B55, 0x51CE, 0x0001, 0x0001, 0x0001,
    0x0001, 0x0001, 0x0001, 0x51CE, 0x6B55, 0x6B55, 0x51CE, 0x6B55, 0x6B55, 0x6B55, 0x51CE, 0x5BD2,
    0x4B2F, 0x520F, 0x520F, 0x520F, 0x520F, 0x520F, 0x4B2F, 0x8D59, 0x8D59, 0xA63C, 0xA63C, 0xA63C,
    0xA63C, 0xA63C, 0xA63C, 0xA63C, 0x8D59, 0x4B2F, 0x520F, 0x520F, 0x520F, 0x520F, 0x520F, 0x4B2F,
    0x5BD2, 0x4B2F, 0x51CE, 0x6B55, 0x6B55, 0x51CE, 0x6B55, 0x6B55, 0x51CE, 0x0001, 0x0001, 0x0001,
    0x0001, 0x0001, 0x0001, 0x51CE, 0x6B55, 0x6B55, 0x120E, 0x51CE, 0x6B55, 0x51CE, 0x4B2F, 0x520F,
    0x520F, 0x4B2F, 0x4B2F, 0x5BD2, 0x5BD2, 0x4B2F, 0x520F, 0x520F, 0x8D59, 0xA63C, 0xA63C, 0xA63C,
    0xA63C, 0xA63C, 0xA63C, 0x8D59, 0x520F, 0x520F, 0x4B2F, 0x5BD2, 0x5BD2, 0x4B2F, 0x4B2F, 0x520F,
    0x520F, 0x4B2F, 0x120E, 0x51CE, 0x51CE, 0x120E, 0x6B55, 0x6B55, 0x51CE, 0x0001, 0x0001, 0x0001,
    0x0001, 0x0001, 0x0001, 0x51CE, 0x6B55, 0x6B55, 0x120E, 0x8D59, 0x6B55, 0x51CE, 0x520F, 0x4B2F,
    0x4B2F, 0x39C9, 0x39C9, 0x39C9, 0x39C9, 0x5BD2, 0x4B2F, 0x5BD2, 0x520F, 0x8D59, 0xA63C, 0xA63C,
    0xA63C, 0xA63C, 0x8D59, 0x520F, 0x5BD2, 0x4B2F, 0x5BD2, 0x39C9, 0x39C9, 0x39C9, 0x39C9, 0x4B2F,
    0x4B2F, 0x520F, 0x4B2F, 0x120E, 0x8D59, 0x120E, 0x6B55, 0x6B55, 0x51CE, 0x0001, 0x0001, 0x0001,
    0x0001, 0x0001, 0x0001, 0x51CE, 0x6B55, 0x120E, 0xA63C, 0xA63C, 0x51CE, 0x4B2F, 0x4B2F, 0x39C9,
    0x39C9, 0x39C9, 0x39C9, 0x39C9, 0x39C9, 0x39C9, 0x39C9, 0x4B2F, 0x5BD2, 0x8D59, 0xA63C, 0xA63C,
    0xA63C, 0xA63C, 0xA63C, 0x8D59, 0x4B2F, 0x39C9, 0x39C9, 0x39C9, 0x39C9, 0x39C9, 0x39C9, 0x39C9,
    0x39C9, 0x4B2F, 0x4B2F, 0x120E, 0x8D59, 0xA63C, 0x120E, 0x6B55, 0x51CE, 0x0001, 0x0001, 0x0001,
    0x0001, 0x0001, 0x0001, 0x51CE, 0x6B55, 0x120E, 0xA63C, 0x120E, 0x8D59, 0x120E, 0x4B2F, 0x4B2F,
    0x39C9, 0xD6DC, 0x19CD, 0x2A71, 0x7C35, 0x39C9, 0x5BD2, 0x5BD2, 0x5BD2, 0x5BD2, 0x8D59, 0xA63C,
    0xA63C, 0xA63C, 0xA63C, 0x5BD2, 0x5BD2, 0x5BD2, 0x39C9, 0x7C35, 0x2A71, 0x19CD, 0xD6DC, 0x39C9,
    0x4B2F, 0x4B2F, 0x120E, 0x5BD2, 0x120E, 0xA63C, 0x120E, 0x6B55, 0x51CE, 0x0001, 0x0001, 0x0001,
    0x0001, 0x0001, 0x0001, 0x51CE, 0x6B55, 0x120E, 0xA63C, 0x120E, 0x120E, 0x120E, 0x4B2F, 0x39C9,
    0x39C9, 0xD6DC, 0x19CD, 0x2A71, 0x19CD, 0xD6DC, 0x8D59, 0x8D59, 0x5BD2, 0x5BD2, 0x5BD2, 0xA63C,
    0xA63C, 0xA63C, 0xA63C, 0xA63C, 0x8D59, 0x8D59, 0xD6DC, 0x19CD, 0x2A71, 0x19CD, 0xD6DC, 0x39C9,
    0x39C9, 0x4B2F, 0x120E, 0x120E, 0x120E, 0xA63C, 0x120E, 0x6B55, 0x51CE, 0x0001, 0x0001, 0x0001,
    0x0001, 0x0001, 0x0001, 0x51CE, 0x6B55, 0x120E, 0x8D59, 0x120E, 0x6434, 0x120E, 0x4B2F, 0x4B2F,
    0x39C9, 0xBE1A, 0x19CD, 0x19CD, 0x19CD, 0xD6DC, 0xA63C, 0x8D59, 0x8D59, 0x5BD2, 0x4B2F, 0xA63C,
    0xA63C, 0xA63C, 0xA63C, 0xA63C, 0xA63C, 0x8D59, 0xD6DC, 0x19CD, 0x19CD, 0x19CD, 0xBE1A, 0x39C9,
    0x4B2F, 0x4B2F, 0x120E, 0x6434, 0x120E, 0xA63C, 0x120E, 0x6B55, 0x51CE, 0x0001, 0x0001, 0x0001,
    0x0001, 0x0001, 0x0001, 0x51CE, 0x6B55, 0x6B55, 0x120E, 0x8D59, 0x6434, 0x120E, 0x4B2F, 0x39C9,
    0x8D59, 0x8D59, 0x8D59, 0xA63C, 0xA63C, 0xA63C, 0xA63C, 0xA63C, 0x8D59, 0x5BD2, 0x4B2F, 0xA63C,
    0xA63C, 0xA63C, 0xA63C, 0xA63C, 0xA63C, 0xA63C, 0xA63C, 0xA63C, 0xA63C, 0xA63C, 0x8D59, 0x5BD2,
    0x39C9, 0x4B2F, 0x120E, 0x6434, 0xA63C, 0x120E, 0x6B55, 0x6B55, 0x51CE, 0x0001, 0x0001, 0x0001,
    0x0001, 0x0001, 0x0001, 0x51CE, 0x6B55, 0x6B55, 0x120E, 0x8D59, 0x120E, 0x120E, 0x4B2F, 0x8D59,
    0x8D59, 0xA63C, 0xA63C, 0xA63C, 0xA63C, 0xBEDE, 0xBEDE, 0xBEDE, 0xA63C, 0x8D59, 0x4B2F, 0xA63C,
    0xA63C, 0xBEDE, 0xA63C, 0xA63C, 0xA63C, 0xA63C, 0xBEDE, 0xBEDE, 0xBEDE, 0xBEDE, 0xA63C, 0x8D59,
    0x5BD2, 0x4B2F, 0x120E, 0x120E, 0xA63C, 0x120E, 0x6B55, 0x6B55, 0x51CE, 0x0001, 0x0001, 0x0001,
    0x0001, 0x0001, 0x0001, 0x51CE, 0x6B55, 0x6B55, 0x6B55, 0x120E, 0x120E, 0x8D59, 0x120E, 0x8D59,
    0x8D59, 0xA63C, 0xA63C, 0xA63C, 0xA63C, 0xBEDE, 0xBEDE, 0xBEDE, 0xA63C, 0x8D59, 0x5BD2, 0xA63C,
    0xA63C, 0xBEDE, 0xBEDE, 0xA63C, 0xA63C, 0xA63C, 0xBEDE, 0xBEDE, 0xBEDE, 0xBEDE, 0xBEDE, 0xA63C,
    0x5BD2, 0x120E, 0x5BD2, 0x120E, 0x120E, 0x6B55, 0x6B55, 0x6B55, 0x51CE, 0x0001, 0x0001, 0x0001,
    0x0001, 0x0001, 0x0001, 0x51CE, 0x6B55, 0x6B55, 0x6B55, 0x120E, 0xA63C, 0xA63C, 0x120E, 0x5BD2,
    0x8D59, 0x8D59, 0xA63C, 0xA63C, 0xA63C, 0xA63C, 0xBEDE, 0xBEDE, 0x8D59, 0x8D59, 0x5BD2, 0xA63C,
    0xA63C, 0xBEDE, 0xBEDE, 0xBEDE, 0xA63C, 0xA63C, 0xBEDE, 0xBEDE, 0xBEDE, 0xBEDE, 0xBEDE, 0xA63C,
    0x5BD2, 0x120E, 0x8D59, 0xA63C, 0x120E, 0x6B55, 0x6B55, 0x6B55, 0x51CE, 0x0001, 0x0001, 0x0001,
    0x0001, 0x0001, 0x0001, 0x0001, 0x51CE, 0x6B55, 0x6B55, 0x51CE, 0x120E, 0xA63C, 0x120E, 0x5BD2,
    0x8D59, 0x8D59, 0x8D59, 0xA63C, 0xA63C, 0xA63C, 0xA63C, 0xA63C, 0x8D59, 0x5BD2, 0x120E, 0xA63C,
    0xA63C, 0xA63C, 0xBEDE, 0xBEDE, 0xA63C, 0xA63C, 0xBEDE, 0xBEDE, 0xBEDE, 0xBEDE, 0xBEDE, 0x8D59,
    0x5BD2, 0x120E, 0xA63C, 0x120E, 0x51CE, 0x6B55, 0x6B55, 0x51CE, 0x0001, 0x0001, 0x0001, 0x0001,
    0x0001, 0x0001, 0x0001, 0x0001, 0x51CE, 0x6B55, 0x51CE, 0x6B55, 0x6B55, 0x120E, 0x120E, 0x120E,
    0x8D59, 0x8D59, 0x8D59, 0x8D59, 0xA63C, 0xA63C, 0xA63C, 0x8D59, 0x5BD2, 0x120E, 0x120E, 0xA63C,
    0xA63C, 0xA63C, 0xBEDE, 0xA63C, 0xA63C, 0xA63C, 0xBEDE, 0xBEDE, 0xBEDE, 0xBEDE, 0xA63C, 0x8D59,
    0x120E, 0x120E, 0x120E, 0x8C38, 0x6B55, 0x51CE, 0x6B55, 0x51CE, 0x0001, 0x0001, 0x0001, 0x0001,
    0x0001, 0x0001, 0x0001, 0x0001, 0x51CE, 0x6B55, 0x51CE, 0x6B55, 0x6B55, 0x6B55, 0x6B55, 0x120E,
    0x5BD2, 0x8D59, 0x8D59, 0x8D59, 0x8D59, 0x8D59, 0x8D59, 0x8D59, 0x5BD2, 0x120E, 0x120E, 0x8D59,
    0xA63C, 0xA63C, 0xA63C, 0xA63C, 0xA63C, 0xA63C, 0xA63C, 0xBEDE, 0xBEDE, 0xBEDE, 0xA63C, 0x5BD2,
    0x120E, 0x6B55, 0x8C38, 0x8C38, 0x8C38, 0x51CE, 0x6B55, 0x51CE, 0x0001, 0x0001, 0x0001, 0x0001,
    0x0001, 0x0001, 0x0001, 0x0001, 0x51CE, 0x6B55, 0x51CE, 0x6B55, 0x6B55, 0x6B55, 0x6B55, 0x6B55,
    0x120E, 0x8D59, 0x8D59, 0x8D59, 0x8D59, 0x8D59, 0x8D59, 0x8D59, 0x8D59, 0x5BD2, 0x120E, 0x5BD2,
    0x8D59, 0x8D59, 0x8D59, 0xA63C, 0xA63C, 0xA63C, 0xA63C, 0xBEDE, 0xBEDE, 0xA63C, 0x8D59, 0x120E,
    0x6B55, 0x8C38, 0x8C38, 0x8C38, 0x8C38, 0x51CE, 0x6B55, 0x51CE, 0x0001, 0x0001, 0x0001, 0x0001,
    0x0001, 0x0001, 0x0001, 0x0001, 0x51CE, 0x6B55, 0x51CE, 0x6B55, 0x6B55, 0x6B55, 0x6B55, 0x6B55,
    0x120E, 0x5BD2, 0x8D59, 0x8D59, 0x8D59, 0x8D59, 0x8D59, 0x8D59, 0x8D59, 0x8D59, 0x8D59, 0x5BD2,
    0x5BD2, 0x8D59, 0xA63C, 0xA63C, 0xA63C, 0xA63C, 0xA63C, 0xBEDE, 0xBEDE, 0xA63C, 0x5BD2, 0x120E,
    0x8C38, 0x8C38, 0x8C38, 0x8C38, 0x8C38, 0x6B55, 0x51CE, 0x0001, 0x0001, 0x0001, 0x0001, 0x0001,
    0x0001, 0x0001, 0x0001, 0x0001, 0x0001, 0x51CE, 0x6B55, 0x6B55, 0x6B55, 0x6B55, 0x6B55, 0x6B55,
    0x6B55, 0x120E, 0x8D59, 0x8D59, 0x8D59, 0x8D59, 0x8D59, 0x8D59, 0x8D59, 0x8D59, 0x8D59, 0x8D59,
    0x8D59, 0xA63C, 0xA63C, 0xA63C, 0xA63C, 0xA63C, 0xA63C, 0xBEDE, 0xA63C, 0x8D59, 0x120E, 0x6B55,
    0x8C38, 0x8C38, 0x8C38, 0x8C38, 0x8C38, 0x6B55, 0x51CE, 0x0001, 0x0001, 0x0001, 0x0001, 0x0001,
    0x0001, 0x0001, 0x0001, 0x0001, 0x0001, 0x51CE, 0x6B55, 0x6B55, 0x6B55, 0x6B55, 0x6B55, 0x6B55,
    0x6B55, 0x120E, 0x5BD2, 0x8D59, 0x8D59, 0x8D59, 0x8D59, 0x8D59, 0x8D59, 0x8D59, 0x8D59, 0x8D59,
    0xA63C, 0xA63C, 0xA63C, 0xA63C, 0xA63C, 0xA63C, 0xA63C, 0xA63C, 0xA63C, 0x5BD2, 0x120E, 0x8C38,
    0x8C38, 0x8C38, 0x8C38, 0x8C38, 0x8C38, 0x6B55, 0x51CE, 0x0001, 0x0001, 0x0001, 0x0001, 0x0001,
    0x0001, 0x0001, 0x0001, 0x0001, 0x0001, 0x51CE, 0x6B55, 0x6B55, 0x6B55, 0x6B55, 0x6B55, 0x6B55,
    0x6B55, 0x6B55, 0x120E, 0x5BD2, 0x8D59, 0x8D59, 0x8D59, 0x8D59, 0x8D59, 0x8D59, 0x8D59, 0x92B7,
    0x92B7, 0x92B7, 0xA63C, 0xA63C, 0xA63C, 0xA63C, 0xA63C, 0xA63C, 0x8D59, 0x120E, 0x6B55, 0x8C38,
    0x8C38, 0x8C38, 0x8C38, 0x8C38, 0x8C38, 0x6B55, 0x51CE, 0x0001, 0x0001, 0x0001, 0x0001, 0x0001,
    0x0001, 0x0001, 0x0001, 0x0001, 0x0001, 0x51CE, 0x6B55, 0x6B55, 0x6B55, 0x6B55, 0x6B55, 0x6B55,
    0x6B55, 0x6B55, 0x120E, 0x120E, 0x5BD2, 0x8D59, 0x8D59, 0x8D59, 0x8D59, 0x516D, 0x516D, 0x516D,
    0x69F0, 0x69F0, 0x516D, 0x92B7, 0xA63C, 0xA63C, 0xA63C, 0x8D59, 0x120E, 0x120E, 0x6B55, 0x8C38,
    0x8C38, 0x8C38, 0x8C38, 0x8C38, 0x8C38, 0x6B55, 0x51CE, 0x0001, 0x0001, 0x0001, 0x0001, 0x0001,
    0x0001, 0x0001, 0x0001, 0x0001, 0x0001, 0x51CE, 0x6B55, 0x6B55, 0x6B55, 0x6B55, 0x6B55, 0x6B55,
    0x6B55, 0x6B55, 0x120E, 0x4B2F, 0x120E, 0x5BD2, 0x8D59, 0x8D59, 0x8D59, 0x8D59, 0x92B7, 0x92B7,
    0xB3BB, 0x92B7, 0x92B7, 0xA63C, 0xA63C, 0xA63C, 0x8D59, 0x120E, 0x8D59, 0x120E, 0x6B55, 0x6B55,
    0x6B55, 0x8C38, 0x8C38, 0x8C38, 0x8C38, 0x6B55, 0x51CE, 0x0001, 0x0001, 0x0001, 0x0001, 0x0001,
    0x0001, 0x0001, 0x0001, 0x0001, 0x0001, 0x0001, 0x51CE, 0x6B55, 0x6B55, 0x6B55, 0x6B55, 0x51CE,
    0x51CE, 0x51CE, 0x120E, 0x4B2F, 0x4B2F, 0x120E, 0x5BD2, 0x8D59, 0x8D59, 0x8D59, 0x8D59, 0x69F0,
    0x69F0, 0x69F0, 0xA63C, 0xA63C, 0xA63C, 0x8D59, 0x120E, 0x8D59, 0xA63C, 0x120E, 0x51CE, 0x51CE,
    0x51CE, 0x6B55, 0x6B55, 0x8C38, 0x6B55, 0x51CE, 0x0001, 0x0001, 0x0001, 0x0001, 0x0001, 0x0001,
    0x0001, 0x0001, 0x0001, 0x0001, 0x0001, 0x0001, 0x51CE, 0x6B55, 0x6B55, 0x51CE, 0x51CE, 0x0001,
    0x0001, 0x0001, 0x120E, 0x4B2F, 0x4B2F, 0x4B2F, 0x120E, 0x5BD2, 0x8D59, 0x8D59, 0x8D59, 0x8D59,
    0x8D59, 0xA63C, 0xA63C, 0xA63C, 0x8D59, 0x120E, 0x8D59, 0xA63C, 0xA63C, 0x120E, 0x0001, 0x0001,
    0x0001, 0x51CE, 0x51CE, 0x6B55, 0x6B55, 0x51CE, 0x0001, 0x0001, 0x0001, 0x0001, 0x0001, 0x0001,
    0x0001, 0x0001, 0x0001, 0x0001, 0x0001, 0x0001, 0x0001, 0x51CE, 0x51CE, 0x0001, 0x0001, 0x0001,
    0x0001, 0x0001, 0x120E, 0x5BD2, 0x5BD2, 0x4B2F, 0x4B2F, 0x120E, 0x120E, 0x5BD2, 0x8D59, 0x8D59,
    0xA63C, 0xA63C, 0x8D59, 0x120E, 0x120E, 0x8D59, 0xA63C, 0xBEDE, 0xA63C, 0x120E, 0x0001, 0x0001,
    0x0001, 0x0001, 0x0001, 0x51CE, 0x51CE, 0x0001, 0x0001, 0x0001, 0x0001, 0x0001, 0x0001, 0x0001,
    0x0001, 0x0001, 0x0001, 0x0001, 0x0001, 0x0001, 0x0001, 0x51CE, 0x0001, 0x0001, 0x0001, 0x0001,
    0x0001, 0x120E, 0x4B2F, 0x5BD2, 0x5BD2, 0x5BD2, 0x4B2F, 0x4B2F, 0x4B2F, 0x120E, 0x120E, 0x120E,
    0x120E, 0x120E, 0x120E, 0x8D59, 0xA63C, 0xA63C, 0xBEDE, 0xBEDE, 0xA63C, 0x8D59, 0x120E, 0x0001,
    0x0001, 0x0001, 0x0001, 0x0001, 0x51CE, 0x0001, 0x0001, 0x0001, 0x0001, 0x0001, 0x0001, 0x0001,
    0x0001, 0x0001, 0x0001, 0x0001, 0x0001, 0x0001, 0x0001, 0x0001, 0x0001, 0x0001, 0x0001, 0x0001,
    0x0001, 0x120E, 0x4B2F, 0x5BD2, 0x5BD2, 0x5BD2, 0x5BD2, 0x4B2F, 0x5BD2, 0x5BD2, 0x8D59, 0x8D59,
    0x8D59, 0x8D59, 0xA63C, 0xA63C, 0xA63C, 0xA63C, 0xBEDE, 0xBEDE, 0xA63C, 0x8D59, 0x120E, 0x0001,
    0x0001, 0x0001, 0x0001, 0x0001, 0x0001, 0x0001, 0x0001, 0x0001, 0x0001, 0x0001, 0x0001, 0x0001,
  },
  {
    0x0001, 0x0001, 0x0001, 0x0001, 0x0001, 0x0001, 0x0001, 0x0001, 0x0001, 0x0001, 0x0001, 0x51CE,
    0x6B55, 0x6B55, 0x6B55, 0x6B55, 0x6B55, 0x6B55, 0x6B55, 0x6B55, 0x6B55, 0x6B55, 0x6B55, 0x6B55,
    0x6B55, 0x6B55, 0x6B55, 0x8C38, 0x8C38, 0x8C38, 0x8C38, 0x8C38, 0x8C38, 0x8C38, 0x6B55, 0x6B55,
    0x51CE, 0x0001, 0x0001, 0x0001, 0x0001, 0x0001, 0x0001, 0x0001, 0x0001, 0x0001, 0x0001, 0x0001,
    0x0001, 0x0001, 0x0001, 0x0001, 0x0001, 0x0001, 0x0001, 0x0001, 0x0001, 0x0001, 0x51CE, 0x6B55,
    0x6B55, 0x6B55, 0x6B55, 0x6B55, 0x6B55, 0x6B55, 0x6B55, 0x6B55, 0x6B55, 0x6B55, 0x6B55, 0x6B55,
    0x8C38, 0x8C38, 0x8C38, 0x8C38, 0x8C38, 0x6B55, 0x6B55, 0x6B55, 0x6B55, 0x8C38, 0x8C38, 0x8C38,
    0x6B55, 0x51CE, 0x0001, 0x0001, 0x0001, 0x0001, 0x0001, 0x0001, 0x0001, 0x0001, 0x0001, 0x0001,
    0x0001, 0x0001, 0x0001, 0x0001, 0x0001, 0x0001, 0x0001, 0x0001, 0x0001, 0x51CE, 0x6B55, 0x6B55,
    0x6B55, 0x6B55, 0x6B55, 0x6B55, 0x6B55, 0x6B55, 0x6B55, 0x6B55, 0x6B55, 0x6B55, 0x8C38, 0x8C38,
    0x8C38, 0x8C38, 0x8C38, 0x8C38, 0x8C38, 0x6B55, 0x6B55, 0x6B55, 0x6B55, 0x6B55, 0x8C38, 0x8C38,
    0x8C38, 0x6B55, 0x51CE, 0x0001, 0x0001, 0x0001, 0x0001, 0x0001, 0x0001, 0x0001, 0x0001, 0x0001,
    0x0001, 0x0001, 0x0001, 0x0001, 0x0001, 0x0001, 0x0001, 0x0001, 0x51CE, 0x6B55, 0x6B55, 0x6B55,
    0x6B55, 0x6B55, 0x6B55, 0x6B55, 0x6B55, 0x6B55, 0x6B55, 0x6B55, 0x6B55, 0x8C38, 0x8C38, 0x8C38,
    0x8C38, 0x8C38, 0x8C38, 0x8C38, 0x8C38, 0x8C38, 0x6B55, 0x6B55, 0x6B55, 0x6B55, 0x6B55, 0x8C38,
    0x8C38, 0x8C38, 0x6B55, 0x51CE, 0x0001, 0x0001, 0x0001, 0x0001, 0x0001, 0x0001, 0x0001, 0x0001,
    0x0001, 0x0001, 0x0001, 0x0001, 0x0001, 0x0001, 0x0001, 0x51CE, 0x6B55, 0x6B55, 0x6B55, 0x6B55,
    0x6B55, 0x6B55, 0x6B55, 0x6B55, 0x6B55, 0x6B55, 0x6B55, 0x6B55, 0x8C38, 0x8C38, 0x8C38, 0x8C38,
    0x8C38, 0x8C38, 0x8C38, 0x8C38, 0x8C38, 0x8C38, 0x8C38, 0x6B55, 0x6B55, 0x6B55, 0x6B55, 0x6B55,
    0x8C38, 0x8C38, 0x8C38, 0x6B55, 0x51CE, 0x0001, 0x0001, 0x0001, 0x0001, 0x0001, 0x0001, 0x0001,
    0x0001, 0x0001, 0x0001, 0x0001, 0x0001, 0x0001, 0x0001, 0x51CE, 0x6B55, 0x6B55, 0x6B55, 0x6B55,
    0x6B55, 0x6B55, 0x6B55, 0x6B55, 0x6B55, 0x6B55, 0x6B55, 0x6B55, 0x8C38, 0x8C38, 0x8C38, 0x8C38,
    0x8C38, 0x8C38, 0x8C38, 0x8C38, 0x8C38, 0x8C38, 0x8C38, 0x8C38, 0x8C38, 0x8C38, 0x6B55, 0x6B55,
    0x8C38, 0x8C38, 0x8C38, 0x8C38, 0x51CE, 0x0001, 0x0001, 0x0001, 0x0001, 0x0001, 0x0001, 0x0001,
    0x0001, 0x0001, 0x0001, 0x0001, 0x0001, 0x0001, 0x51CE, 0x6B55, 0x6B55, 0x6B55, 0x6B55, 0x6B55,
    0x6B55, 0x6B55, 0x6B55, 0x6B55, 0x6B55, 0x6B55, 0x6B55, 0x8C38, 0x8C38, 0x8C38, 0x8C38, 0x8C38,
    0x8C38, 0x8C38, 0x8C38, 0x8C38, 0x8C38, 0x8C38, 0x8C38, 0x8C38, 0x8C38, 0x8C38, 0x8C38, 0x6B55,
    0x8C38, 0x8C38, 0x8C38, 0x8C38, 0x6B55, 0x51CE, 0x0001, 0x0001, 0x0001, 0x0001, 0x0001, 0x0001,
    0x0001, 0x0001, 0x0001, 0x0001, 0x0001, 0x0001, 0x51CE, 0x6B55, 0x6B55, 0x6B55, 0x6B55, 0x6B55,
    0x6B55, 0x6B55, 0x6B55, 0x6B55, 0x6B55, 0x6B55, 0x6B55, 0x8C38, 0x8C38, 0x8C38, 0x8C38, 0x8C38,
    0x8C38, 0x8C38, 0x8C38, 0x8C38, 0x8C38, 0x8C38, 0x8C38, 0x8C38, 0x8C38, 0x8C38, 0x8C38, 0x8C38,
    0x8C38, 0x8C38, 0x8C38, 0x8C38, 0x8C38, 0x51CE, 0x0001, 0x0001, 0x0001, 0x0001, 0x0001, 0x0001,
    0x0001, 0x0001, 0x0001, 0x0001, 0x0001, 0x0001, 0x51CE, 0x6B55, 0x6B55, 0x6B55, 0x6B55, 0x6B55,
    0x6B55, 0x6B55, 0x6B55, 0x6B55, 0x6B55, 0x6B55, 0x6B55, 0x6B55, 0x8C38, 0x8C38, 0x8C38, 0x8C38,
    0x8C38, 0x8C38, 0x8C38, 0x8C38, 0x8C38, 0x8C38, 0x8C38, 0x8C38, 0x8C38, 0x8C38, 0x6B55, 0x8C38,
    0x6B55, 0x8C38, 0x8C38, 0x8C38, 0x8C38, 0x51CE, 0x0001, 0x0001, 0x0001, 0x0001, 0x0001, 0x0001,
    0x0001, 0x0001, 0x0001, 0x0001, 0x0001, 0x51CE, 0x6B55, 0x6B55, 0x6B55, 0x6B55, 0x6B55, 0x6B55,
    0x6B55, 0x6B55, 0x6B55, 0x6B55, 0x6B55, 0x6B55, 0x6B55, 0x6B55, 0x6B55, 0x6B55, 0x6B55, 0x8C38,
    0x8C38, 0x8C38, 0x8C38, 0x8C38, 0x8C38, 0x8C38, 0x8C38, 0x8C38, 0x8C38, 0x8C38, 0x8C38, 0x6B55,
    0x6B55, 0x8C38, 0x8C38, 0x8C38, 0x8C38, 0x6B55, 0x51CE, 0x0001, 0x0001, 0x0001, 0x0001, 0x0001,
    0x0001, 0x0001, 0x0001, 0x0001, 0x0001, 0x51CE, 0x6B55, 0x6B55, 0x6B55, 0x6B55, 0x6B55, 0x6B55,
    0x6B55, 0x6B55, 0x6B55, 0x6B55, 0x6B55, 0x6B55, 0x6B55, 0x6B55, 0x6B55, 0x6B55, 0x6B55, 0x6B55,
    0x6B55, 0x6B55, 0x8C38, 0x8C38, 0x8C38, 0x8C38, 0x8C38, 0x8C38, 0x8C38, 0x8C38, 0x8C38, 0x8C38,
    0x6B55, 0x6B55, 0x8C38, 0x8C38, 0x8C38, 0x8C38, 0x51CE, 0x0001, 0x0001, 0x0001, 0x0001, 0x0001,
    0x0001, 0x0001, 0x0001, 0x0001, 0x0001, 0x51CE, 0x6B55, 0x6B55, 0x6B55, 0x6B55, 0x6B55, 0x6B55,
    0x6B55, 0x6B55, 0x6B55, 0x6B55, 0x6B55, 0x6B55, 0x6B55, 0x6B55, 0x51CE, 0x51CE, 0x51CE, 0x51CE,
    0x51CE, 0x51CE, 0x51CE, 0x6B55, 0x8C38, 0x8C38, 0x8C38, 0x8C38, 0x8C38, 0x8C38, 0x8C38, 0x8C38,
    0x8C38, 0x6B55, 0x8C38, 0x8C38, 0x8C38, 0x8C38, 0x51CE, 0x0001, 0x0001, 0x0001, 0x0001, 0x0001,
    0x0001, 0x0001, 0x0001, 0x0001, 0x51CE, 0x6B55, 0x6B55, 0x6B55, 0x6B55, 0x6B55, 0x6B55, 0x6B55,
    0x6B55, 0x6B55, 0x6B55, 0x6B55, 0x6B55, 0x6B55, 0x51CE, 0x51CE, 0x4B2F, 0x4B2F, 0x4B2F, 0x4B2F,
    0x4B2F, 0x4B2F, 0x4B2F, 0x51CE, 0x6B55, 0x8C38, 0x8C38, 0x8C38, 0x8C38, 0x8C38, 0x8C38, 0x8C38,
    0x8C38, 0x6B55, 0x6B55, 0x8C38, 0x8C38, 0x8C38, 0x6B55, 0x51CE, 0x0001, 0x0001, 0x0001, 0x0001,
    0x0001, 0x0001, 0x0001, 0x0001, 0x51CE, 0x6B55, 0x6B55, 0x6B55, 0x6B55, 0x6B55, 0x6B55, 0x6B55,
    0x6B55, 0x6B55, 0x6B55, 0x6B55, 0x6B55, 0x51CE, 0x4B2F, 0x4B2F, 0x4B2F, 0x5BD2, 0x5BD2, 0x5BD2,
    0x5BD2, 0x5BD2, 0x5BD2, 0x4B2F, 0x51CE, 0x6B55, 0x8C38, 0x8C38, 0x8C38, 0x8C38, 0x8C38, 0x8C38,
    0x8C38, 0x8C38, 0x6B55, 0x8C38, 0x8C38, 0x8C38, 0x8C38, 0x51CE, 0x0001, 0x0001, 0x0001, 0x0001,
    0x0001, 0x0001, 0x0001, 0x0001, 0x51CE, 0x6B55, 0x6B55, 0x6B55, 0x6B55, 0x6B55, 0x6B55, 0x6B55,
    0x6B55, 0x6B55, 0x6B55, 0x6B55, 0x51CE, 0x4B2F, 0x5BD2, 0x5BD2, 0x5BD2, 0x8D59, 0x8D59, 0x8D59,
    0x8D59, 0x8D59, 0x8D59, 0x5BD2, 0x5BD2, 0x51CE, 0x51CE, 0x8C38, 0x8C38, 0x8C38, 0x8C38, 0x8C38,
    0x8C38, 0x8C38, 0x6B55, 0x8C38, 0x8C38, 0x8C38, 0x8C38, 0x51CE, 0x0001, 0x0001, 0x0001, 0x0001,
    0x0001, 0x0001, 0x0001, 0x0001, 0x51CE, 0x6B55, 0x6B55, 0x6B55, 0x6B55, 0x6B55, 0x6B55, 0x6B55,
    0x6B55, 0x6B55, 0x6B55, 0x51CE, 0x4B2F, 0x5BD2, 0x8D59, 0x8D59, 0x8D59, 0xA63C, 0xA63C, 0xA63C,
    0xA63C, 0xA63C, 0xA63C, 0x8D59, 0x8D59, 0x5BD2, 0x51CE, 0x6B55, 0x8C38, 0x8C38, 0x8C38, 0x8C38,
    0x8C38, 0x8C38, 0x8C38, 0x8C38, 0x8C38, 0x8C38, 0x8C38, 0x51CE, 0x0001, 0x0001, 0x0001, 0x0001,
    0x0001, 0x0001, 0x0001, 0x0001, 0x51CE, 0x6B55, 0x6B55, 0x6B55, 0x6B55, 0x6B55, 0x6B55, 0x6B55,
    0x6B55, 0x6B55, 0x6B55, 0x51CE, 0x5BD2, 0x8D59, 0x8D59, 0x8D59, 0xA63C, 0xA63C, 0xA63C, 0xA63C,
    0xA63C, 0xBEDE, 0xBEDE, 0xBEDE, 0xA63C, 0x8D59, 0x5BD2, 0x51CE, 0x6B55, 0x8C38, 0x8C38, 0x8C38,
    0x8C38, 0x8C38, 0x8C38, 0x8C38, 0x8C38, 0x8C38, 0x8C38, 0x51CE, 0x0001, 0x0001, 0x0001, 0x0001,
    0x0001, 0x0001, 0x0001, 0x0001, 0x51CE, 0x6B55, 0x6B55, 0x6B55, 0x6B55, 0x6B55, 0x6B55, 0x6B55,
    0x6B55, 0x6B55, 0x51CE, 0x4B2F, 0x5BD2, 0x8D59, 0x8D59, 0xA63C, 0xA63C, 0xA63C, 0xA63C, 0xA63C,
    0xA63C, 0xBEDE, 0xBEDE, 0xBEDE, 0xBEDE, 0xA63C, 0x8D59, 0x5BD2, 0x51CE, 0x6B55, 0x8C38, 0x8C38,
    0x8C38, 0x8C38, 0x8C38, 0x8C38, 0x8C38, 0x8C38, 0x6B55, 0x51CE, 0x0001, 0x0001, 0x0001, 0x0001,
    0x0001, 0x0001, 0x0001, 0x0001, 0x51CE, 0x6B55, 0x6B55, 0x6B55, 0x6B55, 0x6B55, 0x6B55, 0x6B55,
    0x6B55, 0x51CE, 0x4B2F, 0x5BD2, 0x8D59, 0x8D59, 0x8D59, 0xA63C, 0xA63C, 0xA63C, 0xA63C, 0xA63C,
    0xA63C, 0xBEDE, 0xBEDE, 0xBEDE, 0xBEDE, 0xBEDE, 0xA63C, 0x8D59, 0x5BD2, 0x51CE, 0x51CE, 0x6B55,
    0x8C38, 0x8C38, 0x8C38, 0x8C38, 0x6B55, 0x8C38, 0x6B55, 0x51CE, 0x0001, 0x0001, 0x0001, 0x0001,
    0x0001, 0x0001, 0x0001, 0x51CE, 0x6B55, 0x6B55, 0x6B55, 0x6B55, 0x6B55, 0x51CE, 0x6B55, 0x6B55,
    0x51CE, 0x4B2F, 0x5BD2, 0x5BD2, 0x8D59, 0x8D59, 0x8D59, 0xA63C, 0xA63C, 0xA63C, 0xA63C, 0xA63C,
    0xA63C, 0xA63C, 0xBEDE, 0xBEDE, 0xBEDE, 0xA63C, 0xA63C, 0x8D59, 0x8D59, 0x5BD2, 0x4B2F, 0x51CE,
    0x6B55, 0x8C38, 0x8C38, 0x51CE, 0x8C38, 0x8C38, 0x6B55, 0x6B55, 0x51CE, 0x0001, 0x0001, 0x0001,
    0x0001, 0x0001, 0x0001, 0x51CE, 0x6B55, 0x6B55, 0x6B55, 0x6B55, 0x6B55, 0x6B55, 0x51CE, 0x51CE,
    0x4B2F, 0x5BD2, 0x5BD2, 0x5BD2, 0x8D59, 0x8D59, 0x8D59, 0xA63C, 0xA63C, 0xA63C, 0xA63C, 0xA63C,
    0xA63C, 0xA63C, 0xA63C, 0xA63C, 0xA63C, 0xA63C, 0xA63C, 0x8D59, 0x8D59, 0x8D59, 0x5BD2, 0x4B2F,
    0x51CE, 0x51CE, 0x51CE, 0x6B55, 0x8C38, 0x8C38, 0x6B55, 0x6B55, 0x51CE, 0x0001, 0x0001, 0x0001,
    0x0001, 0x0001, 0x0001, 0x51CE, 0x6B55, 0x6B55, 0x6B55, 0x6B55, 0x6B55, 0x6B55, 0x6B55, 0x4B2F,
    0x5BD2, 0x5BD2, 0x4B2F, 0x4B2F, 0x4B2F, 0x8D59, 0x8D59, 0x8D59, 0xA63C, 0xA63C, 0xA63C, 0xA63C,
    0xA63C, 0xA63C, 0xA63C, 0xA63C, 0xA63C, 0xA63C, 0x8D59, 0x4B2F, 0x4B2F, 0x4B2F, 0x5BD2, 0x5BD2,
    0x4B2F, 0x51CE, 0x6B55, 0x8C38, 0x8C38, 0x6B55, 0x6B55, 0x6B55, 0x51CE, 0x0001, 0x0001, 0x0001,
    0x0001, 0x0001, 0x0001, 0x51CE, 0x6B55, 0x6B55, 0x51CE, 0x6B55, 0x6B55, 0x6B55, 0x51CE, 0x5BD2,
    0x4B2F, 0x520F, 0x520F, 0x520F, 0x520F, 0x520F, 0x4B2F, 0x8D59, 0x8D59, 0xA63C, 0xA63C, 0xA63C,
    0xA63C, 0xA63C, 0xA63C, 0xA63C, 0x8D59, 0x4B2F, 0x520F, 0x520F, 0x520F, 0x520F, 0x520F, 0x4B2F,
    0x5BD2, 0x4B2F, 0x51CE, 0x6B55, 0x6B55, 0x51CE, 0x6B55, 0x6B55, 0x51CE, 0x0001, 0x0001, 0x0001,
    0x0001, 0x0001, 0x0001, 0x51CE, 0x6B55, 0x6B55, 0x120E, 0x51CE, 0x6B55, 0x51CE, 0x4B2F, 0x520F,
    0x520F, 0x4B2F, 0x4B2F, 0x5BD2, 0x5BD2, 0x4B2F, 0x520F, 0x520F, 0x8D59, 0xA63C, 0xA63C, 0xA63C,
    0xA63C, 0xA63C, 0xA63C, 0x8D59, 0x520F, 0x520F, 0x4B2F, 0x5BD2, 0x5BD2, 0x4B2F, 0x4B2F, 0x520F,
    0x520F, 0x4B2F, 0x120E, 0x51CE, 0x51CE, 0x120E, 0x6B55, 0x6B55, 0x51CE, 0x0001, 0x0001, 0x0001,
    0x0001, 0x0001, 0x0001, 0x51CE, 0x6B55, 0x6B55, 0x120E, 0x8D59, 0x6B55, 0x51CE, 0x520F, 0x4B2F,
    0x4B2F, 0x39C9, 0x39C9, 0x39C9, 0x39C9, 0x5BD2, 0x4B2F, 0x5BD2, 0x520F, 0x8D59, 0xA63C, 0xA63C,
    0xA63C, 0xA63C, 0x8D59, 0x520F, 0x5BD2, 0x4B2F, 0x5BD2, 0x39C9, 0x39C9, 0x39C9, 0x39C9, 0x4B2F,
    0x4B2F, 0x520F, 0x4B2F, 0x120E, 0x8D59, 0x120E, 0x6B55, 0x6B55, 0x51CE, 0x0001, 0x0001, 0x0001,
    0x0001, 0x0001, 0x0001, 0x51CE, 0x6B55, 0x120E, 0xA63C, 0xA63C, 0x51CE, 0x4B2F, 0x4B2F, 0x39C9,
    0x39C9, 0x39C9, 0x39C9, 0x39C9, 0x39C9, 0x39C9, 0x39C9, 0x4B2F, 0x5BD2, 0x8D59, 0xA63C, 0xA63C,
    0xA63C, 0xA63C, 0xA63C, 0x8D59, 0x4B2F, 0x39C9, 0x39C9, 0x39C9, 0x39C9, 0x39C9, 0x39C9, 0x39C9,
    0x39C9, 0x4B2F, 0x4B2F, 0x120E, 0x8D59, 0xA63C, 0x120E, 0x6B55, 0x51CE, 0x0001, 0x0001, 0x0001,
    0x0001, 0x0001, 0x0001, 0x51CE, 0x6B55, 0x120E, 0xA63C, 0x120E, 0x8D59, 0x120E, 0x4B2F, 0x4B2F,
    0x39C9, 0xD6DC, 0x19CD, 0x2A71, 0x7C35, 0x39C9, 0x5BD2, 0x5BD2, 0x5BD2, 0x5BD2, 0x8D59, 0xA63C,
    0xA63C, 0xA63C, 0xA63C, 0x5BD2, 0x5BD2, 0x5BD2, 0x39C9, 0x7C35, 0x2A71, 0x19CD, 0xD6DC, 0x39C9,
    0x4B2F, 0x4B2F, 0x120E, 0x5BD2, 0x120E, 0xA63C, 0x120E, 0x6B55, 0x51CE, 0x0001, 0x0001, 0x0001,
    0x0001, 0x0001, 0x0001, 0x51CE, 0x6B55, 0x120E, 0xA63C, 0x120E, 0x120E, 0x120E, 0x4B2F, 0x39C9,
    0x39C9, 0xD6DC, 0x19CD, 0x2A71, 0x19CD, 0xD6DC, 0x8D59, 0x8D59, 0x5BD2, 0x5BD2, 0x5BD2, 0xA63C,
    0xA63C, 0xA63C, 0xA63C, 0xA63C, 0x8D59, 0x8D59, 0xD6DC, 0x19CD, 0x2A71, 0x19CD, 0xD6DC, 0x39C9,
    0x39C9, 0x4B2F, 0x120E, 0x120E, 0x120E, 0xA63C, 0x120E, 0x6B55, 0x51CE, 0x0001, 0x0001, 0x0001,
    0x0001, 0x0001, 0x0001, 0x51CE, 0x6B55, 0x120E, 0x8D59, 0x120E, 0x6434, 0x120E, 0x4B2F, 0x4B2F,
    0x39C9, 0xBE1A, 0x19CD, 0x19CD, 0x19CD, 0xD6DC, 0xA63C, 0x8D59, 0x8D59, 0x5BD2, 0x4B2F, 0xA63C,
    0xA63C, 0xA63C, 0xA63C, 0xA63C, 0xA63C, 0x8D59, 0xD6DC, 0x19CD, 0x19CD, 0x19CD, 0xBE1A, 0x39C9,
    0x4B2F, 0x4B2F, 0x120E, 0x6434, 0x120E, 0xA63C, 0x120E, 0x6B55, 0x51CE, 0x0001, 0x0001, 0x0001,
    0x0001, 0x0001, 0x0001, 0x51CE, 0x6B55, 0x6B55, 0x120E, 0x8D59, 0x6434, 0x120E, 0x4B2F, 0x39C9,
    0x8D59, 0x8D59, 0x8D59, 0xA63C, 0xA63C, 0xA63C, 0xA63C, 0xA63C, 0x8D59, 0x5BD2, 0x4B2F, 0xA63C,
    0xA63C, 0xA63C, 0xA63C, 0xA63C, 0xA63C, 0xA63C, 0xA63C, 0xA63C, 0xA63C, 0xA63C, 0x8D59, 0x5BD2,
    0x39C9, 0x4B2F, 0x120E, 0x6434, 0xA63C, 0x120E, 0x6B55, 0x6B55, 0x51CE, 0x0001, 0x0001, 0x0001,
    0x0001, 0x0001, 0x0001, 0x51CE, 0x6B55, 0x6B55, 0x120E, 0x8D59, 0x120E, 0x120E, 0x4B2F, 0x8D59,
    0x8D59, 0xA63C, 0xA63C, 0xA63C, 0xA63C, 0xBEDE, 0xBEDE, 0xBEDE, 0xA63C, 0x8D59, 0x4B2F, 0xA63C,
    0xA63C, 0xBEDE, 0xA63C, 0xA63C, 0xA63C, 0xA63C, 0xBEDE, 0xBEDE, 0xBEDE, 0xBEDE, 0xA63C, 0x8D59,
    0x5BD2, 0x4B2F, 0x120E, 0x120E, 0xA63C, 0x120E, 0x6B55, 0x6B55, 0x51CE, 0x0001, 0x0001, 0x0001,
    0x0001, 0x0001, 0x0001, 0x51CE, 0x6B55, 0x6B55, 0x6B55, 0x120E, 0x120E, 0x8D59, 0x120E, 0x8D59,
    0x8D59, 0xA63C, 0xA63C, 0xA63C, 0xA63C, 0xBEDE, 0xBEDE, 0xBEDE, 0xA63C, 0x8D59, 0x5BD2, 0xA63C,
    0xA63C, 0xBEDE, 0xBEDE, 0xA63C, 0xA63C, 0xA63C, 0xBEDE, 0xBEDE, 0xBEDE, 0xBEDE, 0xBEDE, 0xA63C,
    0x5BD2, 0x120E, 0x5BD2, 0x120E, 0x120E, 0x6B55, 0x6B55, 0x6B55, 0x51CE, 0x0001, 0x0001, 0x0001,
    0x0001, 0x0001, 0x0001, 0x51CE, 0x6B55, 0x6B55, 0x6B55, 0x120E, 0xA63C, 0xA63C, 0x120E, 0x5BD2,
    0x8D59, 0x8D59, 0xA63C, 0xA63C, 0xA63C, 0xA63C, 0xBEDE, 0xBEDE, 0x8D59, 0x8D59, 0x5BD2, 0xA63C,
    0xA63C, 0xBEDE, 0xBEDE, 0xBEDE, 0xA63C, 0xA63C, 0xBEDE, 0xBEDE, 0xBEDE, 0xBEDE, 0xBEDE, 0xA63C,
    0x5BD2, 0x120E, 0x8D59, 0xA63C, 0x120E, 0x6B55, 0x6B55, 0x6B55, 0x51CE, 0x0001, 0x0001, 0x0001,
    0x0001, 0x0001, 0x0001, 0x0001, 0x51CE, 0x6B55, 0x6B55, 0x51CE, 0x120E, 0xA63C, 0x120E, 0x5BD2,
    0x8D59, 0x8D59, 0x8D59, 0xA63C, 0xA63C, 0xA63C, 0xA63C, 0xA63C, 0x8D59, 0x5BD2, 0x120E, 0xA63C,
    0xA63C, 0xA63C, 0xBEDE, 0xBEDE, 0xA63C, 0xA63C, 0xBEDE, 0xBEDE, 0xBEDE, 0xBEDE, 0xBEDE, 0x8D59,
    0x5BD2, 0x120E, 0xA63C, 0x120E, 0x51CE, 0x6B55, 0x6B55, 0x51CE, 0x0001, 0x0001, 0x0001, 0x0001,
    0x0001, 0x0001, 0x0001, 0x0001, 0x51CE, 0x6B55, 0x51CE, 0x6B55, 0x6B55, 0x120E, 0x120E, 0x120E,
    0x8D59, 0x8D59, 0x8D59, 0x8D59, 0xA63C, 0xA63C, 0xA63C, 0x8D59, 0x5BD2, 0x120E, 0x120E, 0xA63C,
    0xA63C, 0xA63C, 0xBEDE, 0xA63C, 0xA63C, 0xA63C, 0xBEDE, 0xBEDE, 0xBEDE, 0xBEDE, 0xA63C, 0x8D59,
    0x120E, 0x120E, 0x120E, 0x8C38, 0x6B55, 0x51CE, 0x6B55, 0x51CE, 0x0001, 0x0001, 0x0001, 0x0001,
    0x0001, 0x0001, 0x0001, 0x0001, 0x51CE, 0x6B55, 0x51CE, 0x6B55, 0x6B55, 0x6B55, 0x6B55, 0x120E,
    0x5BD2, 0x8D59, 0x8D59, 0x8D59, 0x8D59, 0x8D59, 0x8D59, 0x8D59, 0x5BD2, 0x120E, 0x120E, 0x8D59,
    0xA63C, 0xA63C, 0xA63C, 0xA63C, 0xA63C, 0xA63C, 0xA63C, 0xBEDE, 0xBEDE, 0xBEDE, 0xA63C, 0x5BD2,
    0x120E, 0x6B55, 0x8C38, 0x8C38, 0x8C38, 0x51CE, 0x6B55, 0x51CE, 0x0001, 0x0001, 0x0001, 0x0001,
    0x0001, 0x0001, 0x0001, 0x0001, 0x51CE, 0x6B55, 0x51CE, 0x6B55, 0x6B55, 0x6B55, 0x6B55, 0x6B55,
    0x120E, 0x8D59, 0x8D59, 0x8D59, 0x8D59, 0x8D59, 0x8D59, 0x8D59, 0x8D59, 0x5BD2, 0x120E, 0x5BD2,
    0x8D59, 0x8D59, 0x8D59, 0xA63C, 0xA63C, 0xA63C, 0xA63C, 0xBEDE, 0xBEDE, 0xA63C, 0x8D59, 0x120E,
    0x6B55, 0x8C38, 0x8C38, 0x8C38, 0x8C38, 0x51CE, 0x6B55, 0x51CE, 0x0001, 0x0001, 0x0001, 0x0001,
    0x0001, 0x0001, 0x0001, 0x0001, 0x51CE, 0x6B55, 0x51CE, 0x6B55, 0x6B55, 0x6B55, 0x6B55, 0x6B55,
    0x120E, 0x5BD2, 0x8D59, 0x8D59, 0x8D59, 0x8D59, 0x8D59, 0x8D59, 0x8D59, 0x8D59, 0x8D59, 0x5BD2,
    0x5BD2, 0x8D59, 0xA63C, 0xA63C, 0xA63C, 0xA63C, 0xA63C, 0xBEDE, 0xBEDE, 0xA63C, 0x5BD2, 0x120E,
    0x8C38, 0x8C38, 0x8C38, 0x8C38, 0x8C38, 0x6B55, 0x51CE, 0x0001, 0x0001, 0x0001, 0x0001, 0x0001,
    0x0001, 0x0001, 0x0001, 0x0001, 0x0001, 0x51CE, 0x6B55, 0x6B55, 0x6B55, 0x6B55, 0x6B55, 0x6B55,
    0x6B55, 0x120E, 0x8D59, 0x8D59, 0x8D59, 0x8D59, 0x8D59, 0x8D59, 0x8D59, 0x8D59, 0x8D59, 0x8D59,
    0x8D59, 0xA63C, 0xA63C, 0xA63C, 0xA63C, 0xA63C, 0xA63C, 0xBEDE, 0xA63C, 0x8D59, 0x120E, 0x6B55,
    0x8C38, 0x8C38, 0x8C38, 0x8C38, 0x8C38, 0x6B55, 0x51CE, 0x0001, 0x0001, 0x0001, 0x0001, 0x0001,
    0x0001, 0x0001, 0x0001, 0x0001, 0x0001, 0x51CE, 0x6B55, 0x6B55, 0x6B55, 0x6B55, 0x6B55, 0x6B55,
    0x6B55, 0x120E, 0x5BD2, 0x8D59, 0x8D59, 0x8D59, 0x8D59, 0x8D59, 0x8D59, 0x8D59, 0x8D59, 0x8D59,
    0xA63C, 0xA63C, 0xA63C, 0xA63C, 0xA63C, 0xA63C, 0xA63C, 0xA63C, 0xA63C, 0x5BD2, 0x120E, 0x8C38,
    0x8C38, 0x8C38, 0x8C38, 0x8C38, 0x8C38, 0x6B55, 0x51CE, 0x0001, 0x0001, 0x0001, 0x0001, 0x0001,
    0x0001, 0x0001, 0x0001, 0x0001, 0x0001, 0x51CE, 0x6B55, 0x6B55, 0x6B55, 0x6B55, 0x6B55, 0x6B55,
    0x6B55, 0x6B55, 0x120E, 0x5BD2, 0x8D59, 0x8D59, 0x8D59, 0x8D59, 0x8D59, 0x8D59, 0x8D59, 0x92B7,
    0x92B7, 0x92B7, 0xA63C, 0xA63C, 0xA63C, 0xA63C, 0xA63C, 0xA63C, 0x8D59, 0x120E, 0x6B55, 0x8C38,
    0x8C38, 0x8C38, 0x8C38, 0x8C38, 0x8C38, 0x6B55, 0x51CE, 0x0001, 0x0001, 0x0001, 0x0001, 0x0001,
    0x0001, 0x0001, 0x0001, 0x0001, 0x0001, 0x51CE, 0x6B55, 0x6B55, 0x6B55, 0x6B55, 0x6B55, 0x6B55,
    0x6B55, 0x6B55, 0x120E, 0x120E, 0x5BD2, 0x8D59, 0x8D59, 0x8D59, 0x8D59, 0x59AE, 0x59AE, 0x494B,
    0x494B, 0x494B, 0x59AE, 0x8275, 0xA63C, 0xA63C, 0xA63C, 0x8D59, 0x120E, 0x120E, 0x6B55, 0x8C38,
    0x8C38, 0x8C38, 0x8C38, 0x8C38, 0x8C38, 0x6B55, 0x51CE, 0x0001, 0x0001, 0x0001, 0x0001, 0x0001,
    0x0001, 0x0001, 0x0001, 0x0001, 0x0001, 0x51CE, 0x6B55, 0x6B55, 0x6B55, 0x6B55, 0x6B55, 0x6B55,
    0x6B55, 0x6B55, 0x120E, 0x4B2F, 0x120E, 0x5BD2, 0x8D59, 0x8D59, 0x8D59, 0x8D59, 0x8275, 0x516C,
    0x516C, 0x516C, 0x8275, 0xA63C, 0xA63C, 0xA63C, 0x8D59, 0x120E, 0x8D59, 0x120E, 0x6B55, 0x6B55,
    0x6B55, 0x8C38, 0x8C38, 0x8C38, 0x8C38, 0x6B55, 0x51CE, 0x0001, 0x0001, 0x0001, 0x0001, 0x0001,
    0x0001, 0x0001, 0x0001, 0x0001, 0x0001, 0x0001, 0x51CE, 0x6B55, 0x6B55, 0x6B55, 0x6B55, 0x51CE,
    0x51CE, 0x51CE, 0x120E, 0x4B2F, 0x4B2F, 0x120E, 0x5BD2, 0x8D59, 0x8D59, 0x8D59, 0x8D59, 0x8275,
    0xB3BB, 0x8275, 0xA63C, 0xA63C, 0xA63C, 0x8D59, 0x120E, 0x8D59, 0xA63C, 0x120E, 0x51CE, 0x51CE,
    0x51CE, 0x6B55, 0x6B55, 0x8C38, 0x6B55, 0x51CE, 0x0001, 0x0001, 0x0001, 0x0001, 0x0001, 0x0001,
    0x0001, 0x0001, 0x0001, 0x0001, 0x0001, 0x0001, 0x51CE, 0x6B55, 0x6B55, 0x51CE, 0x51CE, 0x0001,
    0x0001, 0x0001, 0x120E, 0x4B2F, 0x4B2F, 0x4B2F, 0x120E, 0x5BD2, 0x8D59, 0x8D59, 0x8D59, 0x8D59,
    0x8D59, 0xA63C, 0xA63C, 0xA63C, 0x8D59, 0x120E, 0x8D59, 0xA63C, 0xA63C, 0x120E, 0x0001, 0x0001,
    0x0001, 0x51CE, 0x51CE, 0x6B55, 0x6B55, 0x51CE, 0x0001, 0x0001, 0x0001, 0x0001, 0x0001, 0x0001,
    0x0001, 0x0001, 0x0001, 0x0001, 0x0001, 0x0001, 0x0001, 0x51CE, 0x51CE, 0x0001, 0x0001, 0x0001,
    0x0001, 0x0001, 0x120E, 0x5BD2, 0x5BD2, 0x4B2F, 0x4B2F, 0x120E, 0x120E, 0x5BD2, 0x8D59, 0x8D59,
    0xA63C, 0xA63C, 0x8D59, 0x120E, 0x120E, 0x8D59, 0xA63C, 0xBEDE, 0xA63C, 0x120E, 0x0001, 0x0001,
    0x0001, 0x0001, 0x0001, 0x51CE, 0x51CE, 0x0001, 0x0001, 0x0001, 0x0001, 0x0001, 0x0001, 0x0001,
    0x0001, 0x0001, 0x0001, 0x0001, 0x0001, 0x0001, 0x0001, 0x51CE, 0x0001, 0x0001, 0x0001, 0x0001,
    0x0001, 0x120E, 0x4B2F, 0x5BD2, 0x5BD2, 0x5BD2, 0x4B2F, 0x4B2F, 0x4B2F, 0x120E, 0x120E, 0x120E,
    0x120E, 0x120E, 0x120E, 0x8D59, 0xA63C, 0xA63C, 0xBEDE, 0xBEDE, 0xA63C, 0x8D59, 0x120E, 0x0001,
    0x0001, 0x0001, 0x0001, 0x0001, 0x51CE, 0x0001, 0x0001, 0x0001, 0x0001, 0x0001, 0x0001, 0x0001,
    0x0001, 0x0001, 0x0001, 0x0001, 0x0001, 0x0001, 0x0001, 0x0001, 0x0001, 0x0001, 0x0001, 0x0001,
    0x0001, 0x120E, 0x4B2F, 0x5BD2, 0x5BD2, 0x5BD2, 0x5BD2, 0x4B2F, 0x5BD2, 0x5BD2, 0x8D59, 0x8D59,
    0x8D59, 0x8D59, 0xA63C, 0xA63C, 0xA63C, 0xA63C, 0xBEDE, 0xBEDE, 0xA63C, 0x8D59, 0x120E, 0x0001,
    0x0001, 0x0001, 0x0001, 0x0001, 0x0001, 0x0001, 0x0001, 0x0001, 0x0001, 0x0001, 0x0001, 0x0001,
  },
  {
    0x0001, 0x0001, 0x0001, 0x0001, 0x0001, 0x0001, 0x0001, 0x0001, 0x0001, 0x0001, 0x0001, 0x51CE,
    0x6B55, 0x6B55, 0x6B55, 0x6B55, 0x6B55, 0x6B55, 0x6B55, 0x6B55, 0x6B55, 0x6B55, 0x6B55, 0x6B55,
    0x6B55, 0x6B55, 0x6B55, 0x8C38, 0x8C38, 0x8C38, 0x8C38, 0x8C38, 0x8C38, 0x8C38, 0x6B55, 0x6B55,
    0x51CE, 0x0001, 0x0001, 0x0001, 0x0001, 0x0001, 0x0001, 0x0001, 0x0001, 0x0001, 0x0001, 0x0001,
    0x0001, 0x0001, 0x0001, 0x0001, 0x0001, 0x0001, 0x0001, 0x0001, 0x0001, 0x0001, 0x51CE, 0x6B55,
    0x6B55, 0x6B55, 0x6B55, 0x6B55, 0x6B55, 0x6B55, 0x6B55, 0x6B55, 0x6B55, 0x6B55, 0x6B55, 0x6B55,
    0x8C38, 0x8C38, 0x8C38, 0x8C38, 0x8C38, 0x6B55, 0x6B55, 0x6B55, 0x6B55, 0x8C38, 0x8C38, 0x8C38,
    0x6B55, 0x51CE, 0x0001, 0x0001, 0x0001, 0x0001, 0x0001, 0x0001, 0x0001, 0x0001, 0x0001, 0x0001,
    0x0001, 0x0001, 0x0001, 0x0001, 0x0001, 0x0001, 0x0001, 0x0001, 0x0001, 0x51CE, 0x6B55, 0x6B55,
    0x6B55, 0x6B55, 0x6B55, 0x6B55, 0x6B55, 0x6B55, 0x6B55, 0x6B55, 0x6B55, 0x6B55, 0x8C38, 0x8C38,
    0x8C38, 0x8C38, 0x8C38, 0x8C38, 0x8C38, 0x6B55, 0x6B55, 0x6B55, 0x6B55, 0x6B55, 0x8C38, 0x8C38,
    0x8C38, 0x6B55, 0x51CE, 0x0001, 0x0001, 0x0001, 0x0001, 0x0001, 0x0001, 0x0001, 0x0001, 0x0001,
    0x0001, 0x0001, 0x0001, 0x0001, 0x0001, 0x0001, 0x0001, 0x0001, 0x51CE, 0x6B55, 0x6B55, 0x6B55,
    0x6B55, 0x6B55, 0x6B55, 0x6B55, 0x6B55, 0x6B55, 0x6B55, 0x6B55, 0x6B55, 0x8C38, 0x8C38, 0x8C38,
    0x8C38, 0x8C38, 0x8C38, 0x8C38, 0x8C38, 0x8C38, 0x6B55, 0x6B55, 0x6B55, 0x6B55, 0x6B55, 0x8C38,
    0x8C38, 0x8C38, 0x6B55, 0x51CE, 0x0001, 0x0001, 0x0001, 0x0001, 0x0001, 0x0001, 0x0001, 0x0001,
    0x0001, 0x0001, 0x0001, 0x0001, 0x0001, 0x0001, 0x0001, 0x51CE, 0x6B55, 0x6B55, 0x6B55, 0x6B55,
    0x6B55, 0x6B55, 0x6B55, 0x6B55, 0x6B55, 0x6B55, 0x6B55, 0x6B55, 0x8C38, 0x8C38, 0x8C38, 0x8C38,
    0x8C38, 0x8C38, 0x8C38, 0x8C38, 0x8C38, 0x8C38, 0x8C38, 0x6B55, 0x6B55, 0x6B55, 0x6B55, 0x6B55,
    0x8C38, 0x8C38, 0x8C38, 0x6B55, 0x51CE, 0x0001, 0x0001, 0x0001, 0x0001, 0x0001, 0x0001, 0x0001,
    0x0001, 0x0001, 0x0001, 0x0001, 0x0001, 0x0001, 0x0001, 0x51CE, 0x6B55, 0x6B55, 0x6B55, 0x6B55,
    0x6B55, 0x6B55, 0x6B55, 0x6B55, 0x6B55, 0x6B55, 0x6B55, 0x6B55, 0x8C38, 0x8C38, 0x8C38, 0x8C38,
    0x8C38, 0x8C38, 0x8C38, 0x8C38, 0x8C38, 0x8C38, 0x8C38, 0x8C38, 0x8C38, 0x8C38, 0x6B55, 0x6B55,
    0x8C38, 0x8C38, 0x8C38, 0x8C38, 0x51CE, 0x0001, 0x0001, 0x0001, 0x0001, 0x0001, 0x0001, 0x0001,
    0x0001, 0x0001, 0x0001, 0x0001, 0x0001, 0x0001, 0x51CE, 0x6B55, 0x6B55, 0x6B55, 0x6B55, 0x6B55,
    0x6B55, 0x6B55, 0x6B55, 0x6B55, 0x6B55, 0x6B55, 0x6B55, 0x8C38, 0x8C38, 0x8C38, 0x8C38, 0x8C38,
    0x8C38, 0x8C38, 0x8C38, 0x8C38, 0x8C38, 0x8C38, 0x8C38, 0x8C38, 0x8C38, 0x8C38, 0x8C38, 0x6B55,
    0x8C38, 0x8C38, 0x8C38, 0x8C38, 0x6B55, 0x51CE, 0x0001, 0x0001, 0x0001, 0x0001, 0x0001, 0x0001,
    0x0001, 0x0001, 0x0001, 0x0001, 0x0001, 0x0001, 0x51CE, 0x6B55, 0x6B55, 0x6B55, 0x6B55, 0x6B55,
    0x6B55, 0x6B55, 0x6B55, 0x6B55, 0x6B55, 0x6B55, 0x6B55, 0x8C38, 0x8C38, 0x8C38, 0x8C38, 0x8C38,
    0x8C38, 0x8C38, 0x8C38, 0x8C38, 0x8C38, 0x8C38, 0x8C38, 0x8C38, 0x8C38, 0x8C38, 0x8C38, 0x8C38,
    0x8C38, 0x8C38, 0x8C38, 0x8C38, 0x8C38, 0x51CE, 0x0001, 0x0001, 0x0001, 0x0001, 0x0001, 0x0001,
    0x0001, 0x0001, 0x0001, 0x0001, 0x0001, 0x0001, 0x51CE, 0x6B55, 0x6B55, 0x6B55, 0x6B55, 0x6B55,
    0x6B55, 0x6B55, 0x6B55, 0x6B55, 0x6B55, 0x6B55, 0x6B55, 0x6B55, 0x8C38, 0x8C38, 0x8C38, 0x8C38,
    0x8C38, 0x8C38, 0x8C38, 0x8C38, 0x8C38, 0x8C38, 0x8C38, 0x8C38, 0x8C38, 0x8C38, 0x6B55, 0x8C38,
    0x6B55, 0x8C38, 0x8C38, 0x8C38, 0x8C38, 0x51CE, 0x0001, 0x0001, 0x0001, 0x0001, 0x0001, 0x0001,
    0x0001, 0x0001, 0x0001, 0x0001, 0x0001, 0x51CE, 0x6B55, 0x6B55, 0x6B55, 0x6B55, 0x6B55, 0x6B55,
    0x6B55, 0x6B55, 0x6B55, 0x6B55, 0x6B55, 0x6B55, 0x6B55, 0x6B55, 0x6B55, 0x6B55, 0x6B55, 0x8C38,
    0x8C38, 0x8C38, 0x8C38, 0x8C38, 0x8C38, 0x8C38, 0x8C38, 0x8C38, 0x8C38, 0x8C38, 0x8C38, 0x6B55,
    0x6B55, 0x8C38, 0x8C38, 0x8C38, 0x8C38, 0x6B55, 0x51CE, 0x0001, 0x0001, 0x0001, 0x0001, 0x0001,
    0x0001, 0x0001, 0x0001, 0x0001, 0x0001, 0x51CE, 0x6B55, 0x6B55, 0x6B55, 0x6B55, 0x6B55, 0x6B55,
    0x6B55, 0x6B55, 0x6B55, 0x6B55, 0x6B55, 0x6B55, 0x6B55, 0x6B55, 0x6B55, 0x6B55, 0x6B55, 0x6B55,
    0x6B55, 0x6B55, 0x8C38, 0x8C38, 0x8C38, 0x8C38, 0x8C38, 0x8C38, 0x8C38, 0x8C38, 0x8C38, 0x8C38,
    0x6B55, 0x6B55, 0x8C38, 0x8C38, 0x8C38, 0x8C38, 0x51CE, 0x0001, 0x0001, 0x0001, 0x0001, 0x0001,
    0x0001, 0x0001, 0x0001, 0x0001, 0x0001, 0x51CE, 0x6B55, 0x6B55, 0x6B55, 0x6B55, 0x6B55, 0x6B55,
    0x6B55, 0x6B55, 0x6B55, 0x6B55, 0x6B55, 0x6B55, 0x6B55, 0x6B55, 0x51CE, 0x51CE, 0x51CE, 0x51CE,
    0x51CE, 0x51CE, 0x51CE, 0x6B55, 0x8C38, 0x8C38, 0x8C38, 0x8C38, 0x8C38, 0x8C38, 0x8C38, 0x8C38,
    0x8C38, 0x6B55, 0x8C38, 0x8C38, 0x8C38, 0x8C38, 0x51CE, 0x0001, 0x0001, 0x0001, 0x0001, 0x0001,
    0x0001, 0x0001, 0x0001, 0x0001, 0x51CE, 0x6B55, 0x6B55, 0x6B55, 0x6B55, 0x6B55, 0x6B55, 0x6B55,
    0x6B55, 0x6B55, 0x6B55, 0x6B55, 0x6B55, 0x6B55, 0x51CE, 0x51CE, 0x4B2F, 0x4B2F, 0x4B2F, 0x4B2F,
    0x4B2F, 0x4B2F, 0x4B2F, 0x51CE, 0x6B55, 0x8C38, 0x8C38, 0x8C38, 0x8C38, 0x8C38, 0x8C38, 0x8C38,
    0x8C38, 0x6B55, 0x6B55, 0x8C38, 0x8C38, 0x8C38, 0x6B55, 0x51CE, 0x0001, 0x0001, 0x0001, 0x0001,
    0x0001, 0x0001, 0x0001, 0x0001, 0x51CE, 0x6B55, 0x6B55, 0x6B55, 0x6B55, 0x6B55, 0x6B55, 0x6B55,
    0x6B55, 0x6B55, 0x6B55, 0x6B55, 0x6B55, 0x51CE, 0x4B2F, 0x4B2F, 0x4B2F, 0x5BD2, 0x5BD2, 0x5BD2,
    0x5BD2, 0x5BD2, 0x5BD2, 0x4B2F, 0x51CE, 0x6B55, 0x8C38, 0x8C38, 0x8C38, 0x8C38, 0x8C38, 0x8C38,
    0x8C38, 0x8C38, 0x6B55, 0x8C38, 0x8C38, 0x8C38, 0x8C38, 0x51CE, 0x0001, 0x0001, 0x0001, 0x0001,
    0x0001, 0x0001, 0x0001, 0x0001, 0x51CE, 0x6B55, 0x6B55, 0x6B55, 0x6B55, 0x6B55, 0x6B55, 0x6B55,
    0x6B55, 0x6B55, 0x6B55, 0x6B55, 0x51CE, 0x4B2F, 0x5BD2, 0x5BD2, 0x5BD2, 0x8D59, 0x8D59, 0x8D59,
    0x8D59, 0x8D59, 0x8D59, 0x5BD2, 0x5BD2, 0x51CE, 0x51CE, 0x8C38, 0x8C38, 0x8C38, 0x8C38, 0x8C38,
    0x8C38, 0x8C38, 0x6B55, 0x8C38, 0x8C38, 0x8C38, 0x8C38, 0x51CE, 0x0001, 0x0001, 0x0001, 0x0001,
    0x0001, 0x0001, 0x0001, 0x0001, 0x51CE, 0x6B55, 0x6B55, 0x6B55, 0x6B55, 0x6B55, 0x6B55, 0x6B55,
    0x6B55, 0x6B55, 0x6B55, 0x51CE, 0x4B2F, 0x5BD2, 0x8D59, 0x8D59, 0x8D59, 0xA63C, 0xA63C, 0xA63C,
    0xA63C, 0xA63C, 0xA63C, 0x8D59, 0x8D59, 0x5BD2, 0x51CE, 0x6B55, 0x8C38, 0x8C38, 0x8C38, 0x8C38,
    0x8C38, 0x8C38, 0x8C38, 0x8C38, 0x8C38, 0x8C38, 0x8C38, 0x51CE, 0x0001, 0x0001, 0x0001, 0x0001,
    0x0001, 0x0001, 0x0001, 0x0001, 0x51CE, 0x6B55, 0x6B55, 0x6B55, 0x6B55, 0x6B55, 0x6B55, 0x6B55,
    0x6B55, 0x6B55, 0x6B55, 0x51CE, 0x5BD2, 0x8D59, 0x8D59, 0x8D59, 0xA63C, 0xA63C, 0xA63C, 0xA63C,
    0xA63C, 0xBEDE, 0xBEDE, 0xBEDE, 0xA63C, 0x8D59, 0x5BD2, 0x51CE, 0x6B55, 0x8C38, 0x8C38, 0x8C38,
    0x8C38, 0x8C38, 0x8C38, 0x8C38, 0x8C38, 0x8C38, 0x8C38, 0x51CE, 0x0001, 0x0001, 0x0001, 0x0001,
    0x0001, 0x0001, 0x0001, 0x0001, 0x51CE, 0x6B55, 0x6B55, 0x6B55, 0x6B55, 0x6B55, 0x6B55, 0x6B55,
    0x6B55, 0x6B55, 0x51CE, 0x4B2F, 0x5BD2, 0x8D59, 0x8D59, 0xA63C, 0xA63C, 0xA63C, 0xA63C, 0xA63C,
    0xA63C, 0xBEDE, 0xBEDE, 0xBEDE, 0xBEDE, 0xA63C, 0x8D59, 0x5BD2, 0x51CE, 0x6B55, 0x8C38, 0x8C38,
    0x8C38, 0x8C38, 0x8C38, 0x8C38, 0x8C38, 0x8C38, 0x6B55, 0x51CE, 0x0001, 0x0001, 0x0001, 0x0001,
    0x0001, 0x0001, 0x0001, 0x0001, 0x51CE, 0x6B55, 0x6B55, 0x6B55, 0x6B55, 0x6B55, 0x6B55, 0x6B55,
    0x6B55, 0x51CE, 0x4B2F, 0x5BD2, 0x8D59, 0x8D59, 0x8D59, 0xA63C, 0xA63C, 0xA63C, 0xA63C, 0xA63C,
    0xA63C, 0xBEDE, 0xBEDE, 0xBEDE, 0xBEDE, 0xBEDE, 0xA63C, 0x8D59, 0x5BD2, 0x51CE, 0x51CE, 0x6B55,
    0x8C38, 0x8C38, 0x8C38, 0x8C38, 0x6B55, 0x8C38, 0x6B55, 0x51CE, 0x0001, 0x0001, 0x0001, 0x0001,
    0x0001, 0x0001, 0x0001, 0x51CE, 0x6B55, 0x6B55, 0x6B55, 0x6B55, 0x6B55, 0x51CE, 0x6B55, 0x6B55,
    0x51CE, 0x4B2F, 0x5BD2, 0x5BD2, 0x8D59, 0x8D59, 0x8D59, 0xA63C, 0xA63C, 0xA63C, 0xA63C, 0xA63C,
    0xA63C, 0xA63C, 0xBEDE, 0xBEDE, 0xBEDE, 0xA63C, 0xA63C, 0x8D59, 0x8D59, 0x5BD2, 0x4B2F, 0x51CE,
    0x6B55, 0x8C38, 0x8C38, 0x51CE, 0x8C38, 0x8C38, 0x6B55, 0x6B55, 0x51CE, 0x0001, 0x0001, 0x0001,
    0x0001, 0x0001, 0x0001, 0x51CE, 0x6B55, 0x6B55, 0x6B55, 0x6B55, 0x6B55, 0x6B55, 0x51CE, 0x51CE,
    0x4B2F, 0x5BD2, 0x5BD2, 0x5BD2, 0x8D59, 0x8D59, 0x8D59, 0xA63C, 0xA63C, 0xA63C, 0xA63C, 0xA63C,
    0xA63C, 0xA63C, 0xA63C, 0xA63C, 0xA63C, 0xA63C, 0xA63C, 0x8D59, 0x8D59, 0x8D59, 0x5BD2, 0x4B2F,
    0x51CE, 0x51CE, 0x51CE, 0x6B55, 0x8C38, 0x8C38, 0x6B55, 0x6B55, 0x51CE, 0x0001, 0x0001, 0x0001,
    0x0001, 0x0001, 0x0001, 0x51CE, 0x6B55, 0x6B55, 0x6B55, 0x6B55, 0x6B55, 0x6B55, 0x6B55, 0x4B2F,
    0x5BD2, 0x5BD2, 0x4B2F, 0x4B2F, 0x4B2F, 0x8D59, 0x8D59, 0x8D59, 0xA63C, 0xA63C, 0xA63C, 0xA63C,
    0xA63C, 0xA63C, 0xA63C, 0xA63C, 0xA63C, 0xA63C, 0x8D59, 0x4B2F, 0x4B2F, 0x4B2F, 0x5BD2, 0x5BD2,
    0x4B2F, 0x51CE, 0x6B55, 0x8C38, 0x8C38, 0x6B55, 0x6B55, 0x6B55, 0x51CE, 0x0001, 0x0001, 0x0001,
    0x0001, 0x0001, 0x0001, 0x51CE, 0x6B55, 0x6B55, 0x51CE, 0x6B55, 0x6B55, 0x6B55, 0x51CE, 0x5BD2,
    0x4B2F, 0x520F, 0x520F, 0x520F, 0x520F, 0x520F, 0x4B2F, 0x8D59, 0x8D59, 0xA63C, 0xA63C, 0xA63C,
    0xA63C, 0xA63C, 0xA63C, 0xA63C, 0x8D59, 0x4B2F, 0x520F, 0x520F, 0x520F, 0x520F, 0x520F, 0x4B2F,
    0x5BD2, 0x4B2F, 0x51CE, 0x6B55, 0x6B55, 0x51CE, 0x6B55, 0x6B55, 0x51CE, 0x0001, 0x0001, 0x0001,
    0x0001, 0x0001, 0x0001, 0x51CE, 0x6B55, 0x6B55, 0x120E, 0x51CE, 0x6B55, 0x51CE, 0x4B2F, 0x520F,
    0x520F, 0x4B2F, 0x4B2F, 0x5BD2, 0x5BD2, 0x4B2F, 0x520F, 0x520F, 0x8D59, 0xA63C, 0xA63C, 0xA63C,
    0xA63C, 0xA63C, 0xA63C, 0x8D59, 0x520F, 0x520F, 0x4B2F, 0x5BD2, 0x5BD2, 0x4B2F, 0x4B2F, 0x520F,
    0x520F, 0x4B2F, 0x120E, 0x51CE, 0x51CE, 0x120E, 0x6B55, 0x6B55, 0x51CE, 0x0001, 0x0001, 0x0001,
    0x0001, 0x0001, 0x0001, 0x51CE, 0x6B55, 0x6B55, 0x120E, 0x8D59, 0x6B55, 0x51CE, 0x520F, 0x4B2F,
    0x4B2F, 0x39C9, 0x39C9, 0x39C9, 0x39C9, 0x5BD2, 0x4B2F, 0x5BD2, 0x520F, 0x8D59, 0xA63C, 0xA63C,
    0xA63C, 0xA63C, 0x8D59, 0x520F, 0x5BD2, 0x4B2F, 0x5BD2, 0x39C9, 0x39C9, 0x39C9, 0x39C9, 0x4B2F,
    0x4B2F, 0x520F, 0x4B2F, 0x120E, 0x8D59, 0x120E, 0x6B55, 0x6B55, 0x51CE, 0x0001, 0x0001, 0x0001,
    0x0001, 0x0001, 0x0001, 0x51CE, 0x6B55, 0x120E, 0xA63C, 0xA63C, 0x51CE, 0x4B2F, 0x4B2F, 0x39C9,
    0x39C9, 0x39C9, 0x39C9, 0x39C9, 0x39C9, 0x39C9, 0x39C9, 0x4B2F, 0x5BD2, 0x8D59, 0xA63C, 0xA63C,
    0xA63C, 0xA63C, 0xA63C, 0x8D59, 0x4B2F, 0x39C9, 0x39C9, 0x39C9, 0x39C9, 0x39C9, 0x39C9, 0x39C9,
    0x39C9, 0x4B2F, 0x4B2F, 0x120E, 0x8D59, 0xA63C, 0x120E, 0x6B55, 0x51CE, 0x0001, 0x0001, 0x0001,
    0x0001, 0x0001, 0x0001, 0x51CE, 0x6B55, 0x120E, 0xA63C, 0x120E, 0x8D59, 0x120E, 0x4B2F, 0x4B2F,
    0x39C9, 0xD6DC, 0x19CD, 0x2A71, 0x7C35, 0x39C9, 0x5BD2, 0x5BD2, 0x5BD2, 0x5BD2, 0x8D59, 0xA63C,
    0xA63C, 0xA63C, 0xA63C, 0x5BD2, 0x5BD2, 0x5BD2, 0x39C9, 0x7C35, 0x2A71, 0x19CD, 0xD6DC, 0x39C9,
    0x4B2F, 0x4B2F, 0x120E, 0x5BD2, 0x120E, 0xA63C, 0x120E, 0x6B55, 0x51CE, 0x0001, 0x0001, 0x0001,
    0x0001, 0x0001, 0x0001, 0x51CE, 0x6B55, 0x120E, 0xA63C, 0x120E, 0x120E, 0x120E, 0x4B2F, 0x39C9,
    0x39C9, 0xD6DC, 0x19CD, 0x2A71, 0x19CD, 0xD6DC, 0x8D59, 0x8D59, 0x5BD2, 0x5BD2, 0x5BD2, 0xA63C,
    0xA63C, 0xA63C, 0xA63C, 0xA63C, 0x8D59, 0x8D59, 0xD6DC, 0x19CD, 0x2A71, 0x19CD, 0xD6DC, 0x39C9,
    0x39C9, 0x4B2F, 0x120E, 0x120E, 0x120E, 0xA63C, 0x120E, 0x6B55, 0x51CE, 0x0001, 0x0001, 0x0001,
    0x0001, 0x0001, 0x0001, 0x51CE, 0x6B55, 0x120E, 0x8D59, 0x120E, 0x6434, 0x120E, 0x4B2F, 0x4B2F,
    0x39C9, 0xBE1A, 0x19CD, 0x19CD, 0x19CD, 0xD6DC, 0xA63C, 0x8D59, 0x8D59, 0x5BD2, 0x4B2F, 0xA63C,
    0xA63C, 0xA63C, 0xA63C, 0xA63C, 0xA63C, 0x8D59, 0xD6DC, 0x19CD, 0x19CD, 0x19CD, 0xBE1A, 0x39C9,
    0x4B2F, 0x4B2F, 0x120E, 0x6434, 0x120E, 0xA63C, 0x120E, 0x6B55, 0x51CE, 0x0001, 0x0001, 0x0001,
    0x0001, 0x0001, 0x0001, 0x51CE, 0x6B55, 0x6B55, 0x120E, 0x8D59, 0x6434, 0x120E, 0x4B2F, 0x39C9,
    0x8D59, 0x8D59, 0x8D59, 0xA63C, 0xA63C, 0xA63C, 0xA63C, 0xA63C, 0x8D59, 0x5BD2, 0x4B2F, 0xA63C,
    0xA63C, 0xA63C, 0xA63C, 0xA63C, 0xA63C, 0xA63C, 0xA63C, 0xA63C, 0xA63C, 0xA63C, 0x8D59, 0x5BD2,
    0x39C9, 0x4B2F, 0x120E, 0x6434, 0xA63C, 0x120E, 0x6B55, 0x6B55, 0x51CE, 0x0001, 0x0001, 0x0001,
    0x0001, 0x0001, 0x0001, 0x51CE, 0x6B55, 0x6B55, 0x120E, 0x8D59, 0x120E, 0x120E, 0x4B2F, 0x8D59,
    0x8D59, 0xA63C, 0xA63C, 0xA63C, 0xA63C, 0xBEDE, 0xBEDE, 0xBEDE, 0xA63C, 0x8D59, 0x4B2F, 0xA63C,
    0xA63C, 0xBEDE, 0xA63C, 0xA63C, 0xA63C, 0xA63C, 0xBEDE, 0xBEDE, 0xBEDE, 0xBEDE, 0xA63C, 0x8D59,
    0x5BD2, 0x4B2F, 0x120E, 0x120E, 0xA63C, 0x120E, 0x6B55, 0x6B55, 0x51CE, 0x0001, 0x0001, 0x0001,
    0x0001, 0x0001, 0x0001, 0x51CE, 0x6B55, 0x6B55, 0x6B55, 0x120E, 0x120E, 0x8D59, 0x120E, 0x8D59,
    0x8D59, 0xA63C, 0xA63C, 0xA63C, 0xA63C, 0xBEDE, 0xBEDE, 0xBEDE, 0xA63C, 0x8D59, 0x5BD2, 0xA63C,
    0xA63C, 0xBEDE, 0xBEDE, 0xA63C, 0xA63C, 0xA63C, 0xBEDE, 0xBEDE, 0xBEDE, 0xBEDE, 0xBEDE, 0xA63C,
    0x5BD2, 0x120E, 0x5BD2, 0x120E, 0x120E, 0x6B55, 0x6B55, 0x6B55, 0x51CE, 0x0001, 0x0001, 0x0001,
    0x0001, 0x0001, 0x0001, 0x51CE, 0x6B55, 0x6B55, 0x6B55, 0x120E, 0xA63C, 0xA63C, 0x120E, 0x5BD2,
    0x8D59, 0x8D59, 0xA63C, 0xA63C, 0xA63C, 0xA63C, 0xBEDE, 0xBEDE, 0x8D59, 0x8D59, 0x5BD2, 0xA63C,
    0xA63C, 0xBEDE, 0xBEDE, 0xBEDE, 0xA63C, 0xA63C, 0xBEDE, 0xBEDE, 0xBEDE, 0xBEDE, 0xBEDE, 0xA63C,
    0x5BD2, 0x120E, 0x8D59, 0xA63C, 0x120E, 0x6B55, 0x6B55, 0x6B55, 0x51CE, 0x0001, 0x0001, 0x0001,
    0x0001, 0x0001, 0x0001, 0x0001, 0x51CE, 0x6B55, 0x6B55, 0x51CE, 0x120E, 0xA63C, 0x120E, 0x5BD2,
    0x8D59, 0x8D59, 0x8D59, 0xA63C, 0xA63C, 0xA63C, 0xA63C, 0xA63C, 0x8D59, 0x5BD2, 0x120E, 0xA63C,
    0xA63C, 0xA63C, 0xBEDE, 0xBEDE, 0xA63C, 0xA63C, 0xBEDE, 0xBEDE, 0xBEDE, 0xBEDE, 0xBEDE, 0x8D59,
    0x5BD2, 0x120E, 0xA63C, 0x120E, 0x51CE, 0x6B55, 0x6B55, 0x51CE, 0x0001, 0x0001, 0x0001, 0x0001,
    0x0001, 0x0001, 0x0001, 0x0001, 0x51CE, 0x6B55, 0x51CE, 0x6B55, 0x6B55, 0x120E, 0x120E, 0x120E,
    0x8D59, 0x8D59, 0x8D59, 0x8D59, 0xA63C, 0xA63C, 0xA63C, 0x8D59, 0x5BD2, 0x120E, 0x120E, 0xA63C,
    0xA63C, 0xA63C, 0xBEDE, 0xA63C, 0xA63C, 0xA63C, 0xBEDE, 0xBEDE, 0xBEDE, 0xBEDE, 0xA63C, 0x8D59,
    0x120E, 0x120E, 0x120E, 0x8C38, 0x6B55, 0x51CE, 0x6B55, 0x51CE, 0x0001, 0x0001, 0x0001, 0x0001,
    0x0001, 0x0001, 0x0001, 0x0001, 0x51CE, 0x6B55, 0x51CE, 0x6B55, 0x6B55, 0x6B55, 0x6B55, 0x120E,
    0x5BD2, 0x8D59, 0x8D59, 0x8D59, 0x8D59, 0x8D59, 0x8D59, 0x8D59, 0x5BD2, 0x120E, 0x120E, 0x8D59,
    0xA63C, 0xA63C, 0xA63C, 0xA63C, 0xA63C, 0xA63C, 0xA63C, 0xBEDE, 0xBEDE, 0xBEDE, 0xA63C, 0x5BD2,
    0x120E, 0x6B55, 0x8C38, 0x8C38, 0x8C38, 0x51CE, 0x6B55, 0x51CE, 0x0001, 0x0001, 0x0001, 0x0001,
    0x0001, 0x0001, 0x0001, 0x0001, 0x51CE, 0x6B55, 0x51CE, 0x6B55, 0x6B55, 0x6B55, 0x6B55, 0x6B55,
    0x120E, 0x8D59, 0x8D59, 0x8D59, 0x8D59, 0x8D59, 0x8D59, 0x8D59, 0x8D59, 0x5BD2, 0x120E, 0x5BD2,
    0x8D59, 0x8D59, 0x8D59, 0xA63C, 0xA63C, 0xA63C, 0xA63C, 0xBEDE, 0xBEDE, 0xA63C, 0x8D59, 0x120E,
    0x6B55, 0x8C38, 0x8C38, 0x8C38, 0x8C38, 0x51CE, 0x6B55, 0x51CE, 0x0001, 0x0001, 0x0001, 0x0001,
    0x0001, 0x0001, 0x0001, 0x0001, 0x51CE, 0x6B55, 0x51CE, 0x6B55, 0x6B55, 0x6B55, 0x6B55, 0x6B55,
    0x120E, 0x5BD2, 0x8D59, 0x8D59, 0x8D59, 0x8D59, 0x8D59, 0x8D59, 0x8D59, 0x8D59, 0x8D59, 0x5BD2,
    0x5BD2, 0x8D59, 0xA63C, 0xA63C, 0xA63C, 0xA63C, 0xA63C, 0xBEDE, 0xBEDE, 0xA63C, 0x5BD2, 0x120E,
    0x8C38, 0x8C38, 0x8C38, 0x8C38, 0x8C38, 0x6B55, 0x51CE, 0x0001, 0x0001, 0x0001, 0x0001, 0x0001,
    0x0001, 0x0001, 0x0001, 0x0001, 0x0001, 0x51CE, 0x6B55, 0x6B55, 0x6B55, 0x6B55, 0x6B55, 0x6B55,
    0x6B55, 0x120E, 0x8D59, 0x8D59, 0x8D59, 0x8D59, 0x8D59, 0x8D59, 0x8D59, 0x8D59, 0x8D59, 0x8D59,
    0x8D59, 0xA63C, 0xA63C, 0xA63C, 0xA63C, 0xA63C, 0xA63C, 0xBEDE, 0xA63C, 0x8D59, 0x120E, 0x6B55,
    0x8C38, 0x8C38, 0x8C38, 0x8C38, 0x8C38, 0x6B55, 0x51CE, 0x0001, 0x0001, 0x0001, 0x0001, 0x0001,
    0x0001, 0x0001, 0x0001, 0x0001, 0x0001, 0x51CE, 0x6B55, 0x6B55, 0x6B55, 0x6B55, 0x6B55, 0x6B55,
    0x6B55, 0x120E, 0x5BD2, 0x8D59, 0x8D59, 0x8D59, 0x8D59, 0x8D59, 0x8D59, 0x8D59, 0x8D59, 0x8D59,
    0xA63C, 0xA63C, 0xA63C, 0xA63C, 0xA63C, 0xA63C, 0xA63C, 0xA63C, 0xA63C, 0x5BD2, 0x120E, 0x8C38,
    0x8C38, 0x8C38, 0x8C38, 0x8C38, 0x8C38, 0x6B55, 0x51CE, 0x0001, 0x0001, 0x0001, 0x0001, 0x0001,
    0x0001, 0x0001, 0x0001, 0x0001, 0x0001, 0x51CE, 0x6B55, 0x6B55, 0x6B55, 0x6B55, 0x6B55, 0x6B55,
    0x6B55, 0x6B55, 0x120E, 0x5BD2, 0x8D59, 0x8D59, 0x8D59, 0x8D59, 0x8D59, 0x8D59, 0x8D59, 0x92B7,
    0x92B7, 0x92B7, 0xA63C, 0xA63C, 0xA63C, 0xA63C, 0xA63C, 0xA63C, 0x8D59, 0x120E, 0x6B55, 0x8C38,
    0x8C38, 0x8C38, 0x8C38, 0x8C38, 0x8C38, 0x6B55, 0x51CE, 0x0001, 0x0001, 0x0001, 0x0001, 0x0001,
    0x0001, 0x0001, 0x0001, 0x0001, 0x0001, 0x51CE, 0x6B55, 0x6B55, 0x6B55, 0x6B55, 0x6B55, 0x6B55,
    0x6B55, 0x6B55, 0x120E, 0x120E, 0x5BD2, 0x8D59, 0x8D59, 0x8D59, 0x8D59, 0x516D, 0x516D, 0x516D,
    0x69F0, 0x69F0, 0x516D, 0x92B7, 0xA63C, 0xA63C, 0xA63C, 0x8D59, 0x120E, 0x120E, 0x6B55, 0x8C38,
    0x8C38, 0x8C38, 0x8C38, 0x8C38, 0x8C38, 0x6B55, 0x51CE, 0x0001, 0x0001, 0x0001, 0x0001, 0x0001,
    0x0001, 0x0001, 0x0001, 0x0001, 0x0001, 0x51CE, 0x6B55, 0x6B55, 0x6B55, 0x6B55, 0x6B55, 0x6B55,
    0x6B55, 0x6B55, 0x120E, 0x4B2F, 0x120E, 0x5BD2, 0x8D59, 0x8D59, 0x8D59, 0x8D59, 0x92B7, 0x92B7,
    0xB3BB, 0x92B7, 0x92B7, 0xA63C, 0xA63C, 0xA63C, 0x8D59, 0x120E, 0x8D59, 0x120E, 0x6B55, 0x6B55,
    0x6B55, 0x8C38, 0x8C38, 0x8C38, 0x8C38, 0x6B55, 0x51CE, 0x0001, 0x0001, 0x0001, 0x0001, 0x0001,
    0x0001, 0x0001, 0x0001, 0x0001, 0x0001, 0x0001, 0x51CE, 0x6B55, 0x6B55, 0x6B55, 0x6B55, 0x51CE,
    0x51CE, 0x51CE, 0x120E, 0x4B2F, 0x4B2F, 0x120E, 0x5BD2, 0x8D59, 0x8D59, 0x8D59, 0x8D59, 0x69F0,
    0x69F0, 0x69F0, 0xA63C, 0xA63C, 0xA63C, 0x8D59, 0x120E, 0x8D59, 0xA63C, 0x120E, 0x51CE, 0x51CE,
    0x51CE, 0x6B55, 0x6B55, 0x8C38, 0x6B55, 0x51CE, 0x0001, 0x0001, 0x0001, 0x0001, 0x0001, 0x0001,
    0x0001, 0x0001, 0x0001, 0x0001, 0x0001, 0x0001, 0x51CE, 0x6B55, 0x6B55, 0x51CE, 0x51CE, 0x0001,
    0x0001, 0x0001, 0x120E, 0x4B2F, 0x4B2F, 0x4B2F, 0x120E, 0x5BD2, 0x8D59, 0x8D59, 0x8D59, 0x8D59,
    0x8D59, 0xA63C, 0xA63C, 0xA63C, 0x8D59, 0x120E, 0x8D59, 0xA63C, 0xA63C, 0x120E, 0x0001, 0x0001,
    0x0001, 0x51CE, 0x51CE, 0x6B55, 0x6B55, 0x51CE, 0x0001, 0x0001, 0x0001, 0x0001, 0x0001, 0x0001,
    0x0001, 0x0001, 0x0001, 0x0001, 0x0001, 0x0001, 0x0001, 0x51CE, 0x51CE, 0x0001, 0x0001, 0x0001,
    0x0001, 0x0001, 0x120E, 0x5BD2, 0x5BD2, 0x4B2F, 0x4B2F, 0x120E, 0x120E, 0x5BD2, 0x8D59, 0x8D59,
    0xA63C, 0xA63C, 0x8D59, 0x120E, 0x120E, 0x8D59, 0xA63C, 0xBEDE, 0xA63C, 0x120E, 0x0001, 0x0001,
    0x0001, 0x0001, 0x0001, 0x51CE, 0x51CE, 0x0001, 0x0001, 0x0001, 0x0001, 0x0001, 0x0001, 0x0001,
    0x0001, 0x0001, 0x0001, 0x0001, 0x0001, 0x0001, 0x0001, 0x51CE, 0x0001, 0x0001, 0x0001, 0x0001,
    0x0001, 0x120E, 0x4B2F, 0x5BD2, 0x5BD2, 0x5BD2, 0x4B2F, 0x4B2F, 0x4B2F, 0x120E, 0x120E, 0x120E,
    0x120E, 0x120E, 0x120E, 0x8D59, 0xA63C, 0xA63C, 0xBEDE, 0xBEDE, 0xA63C, 0x8D59, 0x120E, 0x0001,
    0x0001, 0x0001, 0x0001, 0x0001, 0x51CE, 0x0001, 0x0001, 0x0001, 0x0001, 0x0001, 0x0001, 0x0001,
    0x0001, 0x0001, 0x0001, 0x0001, 0x0001, 0x0001, 0x0001, 0x0001, 0x0001, 0x0001, 0x0001, 0x0001,
    0x0001, 0x120E, 0x4B2F, 0x5BD2, 0x5BD2, 0x5BD2, 0x5BD2, 0x4B2F, 0x5BD2, 0x5BD2, 0x8D59, 0x8D59,
    0x8D59, 0x8D59, 0xA63C, 0xA63C, 0xA63C, 0xA63C, 0xBEDE, 0xBEDE, 0xA63C, 0x8D59, 0x120E, 0x0001,
    0x0001, 0x0001, 0x0001, 0x0001, 0x0001, 0x0001, 0x0001, 0x0001, 0x0001, 0x0001, 0x0001, 0x0001,
  },
  {
    0x0001, 0x0001, 0x0001, 0x0001, 0x0001, 0x0001, 0x0001, 0x0001, 0x0001, 0x0001, 0x0001, 0x51CE,
    0x6B55, 0x6B55, 0x6B55, 0x6B55, 0x6B55, 0x6B55, 0x6B55, 0x6B55, 0x6B55, 0x6B55, 0x6B55, 0x6B55,
    0x6B55, 0x6B55, 0x6B55, 0x8C38, 0x8C38, 0x8C38, 0x8C38, 0x8C38, 0x8C38, 0x8C38, 0x6B55, 0x6B55,
    0x51CE, 0x0001, 0x0001, 0x0001, 0x0001, 0x0001, 0x0001, 0x0001, 0x0001, 0x0001, 0x0001, 0x0001,
    0x0001, 0x0001, 0x0001, 0x0001, 0x0001, 0x0001, 0x0001, 0x0001, 0x0001, 0x0001, 0x51CE, 0x6B55,
    0x6B55, 0x6B55, 0x6B55, 0x6B55, 0x6B55, 0x6B55, 0x6B55, 0x6B55, 0x6B55, 0x6B55, 0x6B55, 0x6B55,
    0x8C38, 0x8C38, 0x8C38, 0x8C38, 0x8C38, 0x6B55, 0x6B55, 0x6B55, 0x6B55, 0x8C38, 0x8C38, 0x8C38,
    0x6B55, 0x51CE, 0x0001, 0x0001, 0x0001, 0x0001, 0x0001, 0x0001, 0x0001, 0x0001, 0x0001, 0x0001,
    0x0001, 0x0001, 0x0001, 0x0001, 0x0001, 0x0001, 0x0001, 0x0001, 0x0001, 0x51CE, 0x6B55, 0x6B55,
    0x6B55, 0x6B55, 0x6B55, 0x6B55, 0x6B55, 0x6B55, 0x6B55, 0x6B55, 0x6B55, 0x6B55, 0x8C38, 0x8C38,
    0x8C38, 0x8C38, 0x8C38, 0x8C38, 0x8C38, 0x6B55, 0x6B55, 0x6B55, 0x6B55, 0x6B55, 0x8C38, 0x8C38,
    0x8C38, 0x6B55, 0x51CE, 0x0001, 0x0001, 0x0001, 0x0001, 0x0001, 0x0001, 0x0001, 0x0001, 0x0001,
    0x0001, 0x0001, 0x0001, 0x0001, 0x0001, 0x0001, 0x0001, 0x0001, 0x51CE, 0x6B55, 0x6B55, 0x6B55,
    0x6B55, 0x6B55, 0x6B55, 0x6B55, 0x6B55, 0x6B55, 0x6B55, 0x6B55, 0x6B55, 0x8C38, 0x8C38, 0x8C38,
    0x8C38, 0x8C38, 0x8C38, 0x8C38, 0x8C38, 0x8C38, 0x6B55, 0x6B55, 0x6B55, 0x6B55, 0x6B55, 0x8C38,
    0x8C38, 0x8C38, 0x6B55, 0x51CE, 0x0001, 0x0001, 0x0001, 0x0001, 0x0001, 0x0001, 0x0001, 0x0001,
    0x0001, 0x0001, 0x0001, 0x0001, 0x0001, 0x0001, 0x0001, 0x51CE, 0x6B55, 0x6B55, 0x6B55, 0x6B55,
    0x6B55, 0x6B55, 0x6B55, 0x6B55, 0x6B55, 0x6B55, 0x6B55, 0x6B55, 0x8C38, 0x8C38, 0x8C38, 0x8C38,
    0x8C38, 0x8C38, 0x8C38, 0x8C38, 0x8C38, 0x8C38, 0x8C38, 0x6B55, 0x6B55, 0x6B55, 0x6B55, 0x6B55,
    0x8C38, 0x8C38, 0x8C38, 0x6B55, 0x51CE, 0x0001, 0x0001, 0x0001, 0x0001, 0x0001, 0x0001, 0x0001,
    0x0001, 0x0001, 0x0001, 0x0001, 0x0001, 0x0001, 0x0001, 0x51CE, 0x6B55, 0x6B55, 0x6B55, 0x6B55,
    0x6B55, 0x6B55, 0x6B55, 0x6B55, 0x6B55, 0x6B55, 0x6B55, 0x6B55, 0x8C38, 0x8C38, 0x8C38, 0x8C38,
    0x8C38, 0x8C38, 0x8C38, 0x8C38, 0x8C38, 0x8C38, 0x8C38, 0x8C38, 0x8C38, 0x8C38, 0x6B55, 0x6B55,
    0x8C38, 0x8C38, 0x8C38, 0x8C38, 0x51CE, 0x0001, 0x0001, 0x0001, 0x0001, 0x0001, 0x0001, 0x0001,
    0x0001, 0x0001, 0x0001, 0x0001, 0x0001, 0x0001, 0x51CE, 0x6B55, 0x6B55, 0x6B55, 0x6B55, 0x6B55,
    0x6B55, 0x6B55, 0x6B55, 0x6B55, 0x6B55, 0x6B55, 0x6B55, 0x8C38, 0x8C38, 0x8C38, 0x8C38, 0x8C38,
    0x8C38, 0x8C38, 0x8C38, 0x8C38, 0x8C38, 0x8C38, 0x8C38, 0x8C38, 0x8C38, 0x8C38, 0x8C38, 0x6B55,
    0x8C38, 0x8C38, 0x8C38, 0x8C38, 0x6B55, 0x51CE, 0x0001, 0x0001, 0x0001, 0x0001, 0x0001, 0x0001,
    0x0001, 0x0001, 0x0001, 0x0001, 0x0001, 0x0001, 0x51CE, 0x6B55, 0x6B55, 0x6B55, 0x6B55, 0x6B55,
    0x6B55, 0x6B55, 0x6B55, 0x6B55, 0x6B55, 0x6B55, 0x6B55, 0x8C38, 0x8C38, 0x8C38, 0x8C38, 0x8C38,
    0x8C38, 0x8C38, 0x8C38, 0x8C38, 0x8C38, 0x8C38, 0x8C38, 0x8C38, 0x8C38, 0x8C38, 0x8C38, 0x8C38,
    0x8C38, 0x8C38, 0x8C38, 0x8C38, 0x8C38, 0x51CE, 0x0001, 0x0001, 0x0001, 0x0001, 0x0001, 0x0001,
    0x0001, 0x0001, 0x0001, 0x0001, 0x0001, 0x0001, 0x51CE, 0x6B55, 0x6B55, 0x6B55, 0x6B55, 0x6B55,
    0x6B55, 0x6B55, 0x6B55, 0x6B55, 0x6B55, 0x6B55, 0x6B55, 0x6B55, 0x8C38, 0x8C38, 0x8C38, 0x8C38,
    0x8C38, 0x8C38, 0x8C38, 0x8C38, 0x8C38, 0x8C38, 0x8C38, 0x8C38, 0x8C38, 0x8C38, 0x6B55, 0x8C38,
    0x6B55, 0x8C38, 0x8C38, 0x8C38, 0x8C38, 0x51CE, 0x0001, 0x0001, 0x0001, 0x0001, 0x0001, 0x0001,
    0x0001, 0x0001, 0x0001, 0x0001, 0x0001, 0x51CE, 0x6B55, 0x6B55, 0x6B55, 0x6B55, 0x6B55, 0x6B55,
    0x6B55, 0x6B55, 0x6B55, 0x6B55, 0x6B55, 0x6B55, 0x6B55, 0x6B55, 0x6B55, 0x6B55, 0x6B55, 0x8C38,
    0x8C38, 0x8C38, 0x8C38, 0x8C38, 0x8C38, 0x8C38, 0x8C38, 0x8C38, 0x8C38, 0x8C38, 0x8C38, 0x6B55,
    0x6B55, 0x8C38, 0x8C38, 0x8C38, 0x8C38, 0x6B55, 0x51CE, 0x0001, 0x0001, 0x0001, 0x0001, 0x0001,
    0x0001, 0x0001, 0x0001, 0x0001, 0x0001, 0x51CE, 0x6B55, 0x6B55, 0x6B55, 0x6B55, 0x6B55, 0x6B55,
    0x6B55, 0x6B55, 0x6B55, 0x6B55, 0x6B55, 0x6B55, 0x6B55, 0x6B55, 0x6B55, 0x6B55, 0x6B55, 0x6B55,
    0x6B55, 0x6B55, 0x8C38, 0x8C38, 0x8C38, 0x8C38, 0x8C38, 0x8C38, 0x8C38, 0x8C38, 0x8C38, 0x8C38,
    0x6B55, 0x6B55, 0x8C38, 0x8C38, 0x8C38, 0x8C38, 0x51CE, 0x0001, 0x0001, 0x0001, 0x0001, 0x0001,
    0x0001, 0x0001, 0x0001, 0x0001, 0x0001, 0x51CE, 0x6B55, 0x6B55, 0x6B55, 0x6B55, 0x6B55, 0x6B55,
    0x6B55, 0x6B55, 0x6B55, 0x6B55, 0x6B55, 0x6B55, 0x6B55, 0x6B55, 0x51CE, 0x51CE, 0x51CE, 0x51CE,
    0x51CE, 0x51CE, 0x51CE, 0x6B55, 0x8C38, 0x8C38, 0x8C38, 0x8C38, 0x8C38, 0x8C38, 0x8C38, 0x8C38,
    0x8C38, 0x6B55, 0x8C38, 0x8C38, 0x8C38, 0x8C38, 0x51CE, 0x0001, 0x0001, 0x0001, 0x0001, 0x0001,
    0x0001, 0x0001, 0x0001, 0x0001, 0x51CE, 0x6B55, 0x6B55, 0x6B55, 0x6B55, 0x6B55, 0x6B55, 0x6B55,
    0x6B55, 0x6B55, 0x6B55, 0x6B55, 0x6B55, 0x6B55, 0x51CE, 0x51CE, 0x4B2F, 0x4B2F, 0x4B2F, 0x4B2F,
    0x4B2F, 0x4B2F, 0x4B2F, 0x51CE, 0x6B55, 0x8C38, 0x8C38, 0x8C38, 0x8C38, 0x8C38, 0x8C38, 0x8C38,
    0x8C38, 0x6B55, 0x6B55, 0x8C38, 0x8C38, 0x8C38, 0x6B55, 0x51CE, 0x0001, 0x0001, 0x0001, 0x0001,
    0x0001, 0x0001, 0x0001, 0x0001, 0x51CE, 0x6B55, 0x6B55, 0x6B55, 0x6B55, 0x6B55, 0x6B55, 0x6B55,
    0x6B55, 0x6B55, 0x6B55, 0x6B55, 0x6B55, 0x51CE, 0x4B2F, 0x4B2F, 0x4B2F, 0x5BD2, 0x5BD2, 0x5BD2,
    0x5BD2, 0x5BD2, 0x5BD2, 0x4B2F, 0x51CE, 0x6B55, 0x8C38, 0x8C38, 0x8C38, 0x8C38, 0x8C38, 0x8C38,
    0x8C38, 0x8C38, 0x6B55, 0x8C38, 0x8C38, 0x8C38, 0x8C38, 0x51CE, 0x0001, 0x0001, 0x0001, 0x0001,
    0x0001, 0x0001, 0x0001, 0x0001, 0x51CE, 0x6B55, 0x6B55, 0x6B55, 0x6B55, 0x6B55, 0x6B55, 0x6B55,
    0x6B55, 0x6B55, 0x6B55, 0x6B55, 0x51CE, 0x4B2F, 0x5BD2, 0x5BD2, 0x5BD2, 0x8D59, 0x8D59, 0x8D59,
    0x8D59, 0x8D59, 0x8D59, 0x5BD2, 0x5BD2, 0x51CE, 0x51CE, 0x8C38, 0x8C38, 0x8C38, 0x8C38, 0x8C38,
    0x8C38, 0x8C38, 0x6B55, 0x8C38, 0x8C38, 0x8C38, 0x8C38, 0x51CE, 0x0001, 0x0001, 0x0001, 0x0001,
    0x0001, 0x0001, 0x0001, 0x0001, 0x51CE, 0x6B55, 0x6B55, 0x6B55, 0x6B55, 0x6B55, 0x6B55, 0x6B55,
    0x6B55, 0x6B55, 0x6B55, 0x51CE, 0x4B2F, 0x5BD2, 0x8D59, 0x8D59, 0x8D59, 0xA63C, 0xA63C, 0xA63C,
    0xA63C, 0xA63C, 0xA63C, 0x8D59, 0x8D59, 0x5BD2, 0x51CE, 0x6B55, 0x8C38, 0x8C38, 0x8C38, 0x8C38,
    0x8C38, 0x8C38, 0x8C38, 0x8C38, 0x8C38, 0x8C38, 0x8C38, 0x51CE, 0x0001, 0x0001, 0x0001, 0x0001,
    0x0001, 0x0001, 0x0001, 0x0001, 0x51CE, 0x6B55, 0x6B55, 0x6B55, 0x6B55, 0x6B55, 0x6B55, 0x6B55,
    0x6B55, 0x6B55, 0x6B55, 0x51CE, 0x5BD2, 0x8D59, 0x8D59, 0x8D59, 0xA63C, 0xA63C, 0xA63C, 0xA63C,
    0xA63C, 0xBEDE, 0xBEDE, 0xBEDE, 0xA63C, 0x8D59, 0x5BD2, 0x51CE, 0x6B55, 0x8C38, 0x8C38, 0x8C38,
    0x8C38, 0x8C38, 0x8C38, 0x8C38, 0x8C38, 0x8C38, 0x8C38, 0x51CE, 0x0001, 0x0001, 0x0001, 0x0001,
    0x0001, 0x0001, 0x0001, 0x0001, 0x51CE, 0x6B55, 0x6B55, 0x6B55, 0x6B55, 0x6B55, 0x6B55, 0x6B55,
    0x6B55, 0x6B55, 0x51CE, 0x4B2F, 0x5BD2, 0x8D59, 0x8D59, 0xA63C, 0xA63C, 0xA63C, 0xA63C, 0xA63C,
    0xA63C, 0xBEDE, 0xBEDE, 0xBEDE, 0xBEDE, 0xA63C, 0x8D59, 0x5BD2, 0x51CE, 0x6B55, 0x8C38, 0x8C38,
    0x8C38, 0x8C38, 0x8C38, 0x8C38, 0x8C38, 0x8C38, 0x6B55, 0x51CE, 0x0001, 0x0001, 0x0001, 0x0001,
    0x0001, 0x0001, 0x0001, 0x0001, 0x51CE, 0x6B55, 0x6B55, 0x6B55, 0x6B55, 0x6B55, 0x6B55, 0x6B55,
    0x6B55, 0x51CE, 0x4B2F, 0x5BD2, 0x8D59, 0x8D59, 0x8D59, 0xA63C, 0xA63C, 0xA63C, 0xA63C, 0xA63C,
    0xA63C, 0xBEDE, 0xBEDE, 0xBEDE, 0xBEDE, 0xBEDE, 0xA63C, 0x8D59, 0x5BD2, 0x51CE, 0x51CE, 0x6B55,
    0x8C38, 0x8C38, 0x8C38, 0x8C38, 0x6B55, 0x8C38, 0x6B55, 0x51CE, 0x0001, 0x0001, 0x0001, 0x0001,
    0x0001, 0x0001, 0x0001, 0x51CE, 0x6B55, 0x6B55, 0x6B55, 0x6B55, 0x6B55, 0x51CE, 0x6B55, 0x6B55,
    0x51CE, 0x4B2F, 0x5BD2, 0x5BD2, 0x8D59, 0x8D59, 0x8D59, 0xA63C, 0xA63C, 0xA63C, 0xA63C, 0xA63C,
    0xA63C, 0xA63C, 0xBEDE, 0xBEDE, 0xBEDE, 0xA63C, 0xA63C, 0x8D59, 0x8D59, 0x5BD2, 0x4B2F, 0x51CE,
    0x6B55, 0x8C38, 0x8C38, 0x51CE, 0x8C38, 0x8C38, 0x6B55, 0x6B55, 0x51CE, 0x0001, 0x0001, 0x0001,
    0x0001, 0x0001, 0x0001, 0x51CE, 0x6B55, 0x6B55, 0x6B55, 0x6B55, 0x6B55, 0x6B55, 0x51CE, 0x51CE,
    0x4B2F, 0x5BD2, 0x5BD2, 0x5BD2, 0x8D59, 0x8D59, 0x8D59, 0xA63C, 0xA63C, 0xA63C, 0xA63C, 0xA63C,
    0xA63C, 0xA63C, 0xA63C, 0xA63C, 0xA63C, 0xA63C, 0xA63C, 0x8D59, 0x8D59, 0x8D59, 0x5BD2, 0x4B2F,
    0x51CE, 0x51CE, 0x51CE, 0x6B55, 0x8C38, 0x8C38, 0x6B55, 0x6B55, 0x51CE, 0x0001, 0x0001, 0x0001,
    0x0001, 0x0001, 0x0001, 0x51CE, 0x6B55, 0x6B55, 0x6B55, 0x6B55, 0x6B55, 0x6B55, 0x6B55, 0x4B2F,
    0x5BD2, 0x5BD2, 0x4B2F, 0x4B2F, 0x4B2F, 0x8D59, 0x8D59, 0x8D59, 0xA63C, 0xA63C, 0xA63C, 0xA63C,
    0xA63C, 0xA63C, 0xA63C, 0xA63C, 0xA63C, 0xA63C, 0x8D59, 0x4B2F, 0x4B2F, 0x4B2F, 0x5BD2, 0x5BD2,
    0x4B2F, 0x51CE, 0x6B55, 0x8C38, 0x8C38, 0x6B55, 0x6B55, 0x6B55, 0x51CE, 0x0001, 0x0001, 0x0001,
    0x0001, 0x0001, 0x0001, 0x51CE, 0x6B55, 0x6B55, 0x51CE, 0x6B55, 0x6B55, 0x6B55, 0x51CE, 0x5BD2,
    0x4B2F, 0x520F, 0x520F, 0x520F, 0x520F, 0x520F, 0x4B2F, 0x8D59, 0x8D59, 0xA63C, 0xA63C, 0xA63C,
    0xA63C, 0xA63C, 0xA63C, 0xA63C, 0x8D59, 0x4B2F, 0x520F, 0x520F, 0x520F, 0x520F, 0x520F, 0x4B2F,
    0x5BD2, 0x4B2F, 0x51CE, 0x6B55, 0x6B55, 0x51CE, 0x6B55, 0x6B55, 0x51CE, 0x0001, 0x0001, 0x0001,
    0x0001, 0x0001, 0x0001, 0x51CE, 0x6B55, 0x6B55, 0x120E, 0x51CE, 0x6B55, 0x51CE, 0x4B2F, 0x520F,
    0x520F, 0x4B2F, 0x4B2F, 0x5BD2, 0x5BD2, 0x4B2F, 0x520F, 0x520F, 0x8D59, 0xA63C, 0xA63C, 0xA63C,
    0xA63C, 0xA63C, 0xA63C, 0x8D59, 0x520F, 0x520F, 0x4B2F, 0x5BD2, 0x5BD2, 0x4B2F, 0x4B2F, 0x520F,
    0x520F, 0x4B2F, 0x120E, 0x51CE, 0x51CE, 0x120E, 0x6B55, 0x6B55, 0x51CE, 0x0001, 0x0001, 0x0001,
    0x0001, 0x0001, 0x0001, 0x51CE, 0x6B55, 0x6B55, 0x120E, 0x8D59, 0x6B55, 0x51CE, 0x520F, 0x4B2F,
    0x4B2F, 0x39C9, 0x39C9, 0x39C9, 0x39C9, 0x5BD2, 0x4B2F, 0x5BD2, 0x520F, 0x8D59, 0xA63C, 0xA63C,
    0xA63C, 0xA63C, 0x8D59, 0x520F, 0x5BD2, 0x4B2F, 0x5BD2, 0x39C9, 0x39C9, 0x39C9, 0x39C9, 0x4B2F,
    0x4B2F, 0x520F, 0x4B2F, 0x120E, 0x8D59, 0x120E, 0x6B55, 0x6B55, 0x51CE, 0x0001, 0x0001, 0x0001,
    0x0001, 0x0001, 0x0001, 0x51CE, 0x6B55, 0x120E, 0xA63C, 0xA63C, 0x51CE, 0x4B2F, 0x4B2F, 0x39C9,
    0x39C9, 0x39C9, 0x39C9, 0x39C9, 0x39C9, 0x39C9, 0x39C9, 0x4B2F, 0x5BD2, 0x8D59, 0xA63C, 0xA63C,
    0xA63C, 0xA63C, 0xA63C, 0x8D59, 0x4B2F, 0x39C9, 0x39C9, 0x39C9, 0x39C9, 0x39C9, 0x39C9, 0x39C9,
    0x39C9, 0x4B2F, 0x4B2F, 0x120E, 0x8D59, 0xA63C, 0x120E, 0x6B55, 0x51CE, 0x0001, 0x0001, 0x0001,
    0x0001, 0x0001, 0x0001, 0x51CE, 0x6B55, 0x120E, 0xA63C, 0x120E, 0x8D59, 0x120E, 0x4B2F, 0x4B2F,
    0x39C9, 0xD6DC, 0x19CD, 0x2A71, 0x7C35, 0x39C9, 0x5BD2, 0x5BD2, 0x5BD2, 0x5BD2, 0x8D59, 0xA63C,
    0xA63C, 0xA63C, 0xA63C, 0x5BD2, 0x5BD2, 0x5BD2, 0x39C9, 0x7C35, 0x2A71, 0x19CD, 0xD6DC, 0x39C9,
    0x4B2F, 0x4B2F, 0x120E, 0x5BD2, 0x120E, 0xA63C, 0x120E, 0x6B55, 0x51CE, 0x0001, 0x0001, 0x0001,
    0x0001, 0x0001, 0x0001, 0x51CE, 0x6B55, 0x120E, 0xA63C, 0x120E, 0x120E, 0x120E, 0x4B2F, 0x39C9,
    0x39C9, 0xD6DC, 0x19CD, 0x2A71, 0x19CD, 0xD6DC, 0x8D59, 0x8D59, 0x5BD2, 0x5BD2, 0x5BD2, 0xA63C,
    0xA63C, 0xA63C, 0xA63C, 0xA63C, 0x8D59, 0x8D59, 0xD6DC, 0x19CD, 0x2A71, 0x19CD, 0xD6DC, 0x39C9,
    0x39C9, 0x4B2F, 0x120E, 0x120E, 0x120E, 0xA63C, 0x120E, 0x6B55, 0x51CE, 0x0001, 0x0001, 0x0001,
    0x0001, 0x0001, 0x0001, 0x51CE, 0x6B55, 0x120E, 0x8D59, 0x120E, 0x6434, 0x120E, 0x4B2F, 0x4B2F,
    0x39C9, 0xBE1A, 0x19CD, 0x19CD, 0x19CD, 0xD6DC, 0xA63C, 0x8D59, 0x8D59, 0x5BD2, 0x4B2F, 0xA63C,
    0xA63C, 0xA63C, 0xA63C, 0xA63C, 0xA63C, 0x8D59, 0xD6DC, 0x19CD, 0x19CD, 0x19CD, 0xBE1A, 0x39C9,
    0x4B2F, 0x4B2F, 0x120E, 0x6434, 0x120E, 0xA63C, 0x120E, 0x6B55, 0x51CE, 0x0001, 0x0001, 0x0001,
    0x0001, 0x0001, 0x0001, 0x51CE, 0x6B55, 0x6B55, 0x120E, 0x8D59, 0x6434, 0x120E, 0x4B2F, 0x39C9,
    0x8D59, 0x8D59, 0x8D59, 0xA63C, 0xA63C, 0xA63C, 0xA63C, 0xA63C, 0x8D59, 0x5BD2, 0x4B2F, 0xA63C,
    0xA63C, 0xA63C, 0xA63C, 0xA63C, 0xA63C, 0xA63C, 0xA63C, 0xA63C, 0xA63C, 0xA63C, 0x8D59, 0x5BD2,
    0x39C9, 0x4B2F, 0x120E, 0x6434, 0xA63C, 0x120E, 0x6B55, 0x6B55, 0x51CE, 0x0001, 0x0001, 0x0001,
    0x0001, 0x0001, 0x0001, 0x51CE, 0x6B55, 0x6B55, 0x120E, 0x8D59, 0x120E, 0x120E, 0x4B2F, 0x8D59,
    0x8D59, 0xA63C, 0xA63C, 0xA63C, 0xA63C, 0xBEDE, 0xBEDE, 0xBEDE, 0xA63C, 0x8D59, 0x4B2F, 0xA63C,
    0xA63C, 0xBEDE, 0xA63C, 0xA63C, 0xA63C, 0xA63C, 0xBEDE, 0xBEDE, 0xBEDE, 0xBEDE, 0xA63C, 0x8D59,
    0x5BD2, 0x4B2F, 0x120E, 0x120E, 0xA63C, 0x120E, 0x6B55, 0x6B55, 0x51CE, 0x0001, 0x0001, 0x0001,
    0x0001, 0x0001, 0x0001, 0x51CE, 0x6B55, 0x6B55, 0x6B55, 0x120E, 0x120E, 0x8D59, 0x120E, 0x8D59,
    0x8D59, 0xA63C, 0xA63C, 0xA63C, 0xA63C, 0xBEDE, 0xBEDE, 0xBEDE, 0xA63C, 0x8D59, 0x5BD2, 0xA63C,
    0xA63C, 0xBEDE, 0xBEDE, 0xA63C, 0xA63C, 0xA63C, 0xBEDE, 0xBEDE, 0xBEDE, 0xBEDE, 0xBEDE, 0xA63C,
    0x5BD2, 0x120E, 0x5BD2, 0x120E, 0x120E, 0x6B55, 0x6B55, 0x6B55, 0x51CE, 0x0001, 0x0001, 0x0001,
    0x0001, 0x0001, 0x0001, 0x51CE, 0x6B55, 0x6B55, 0x6B55, 0x120E, 0xA63C, 0xA63C, 0x120E, 0x5BD2,
    0x8D59, 0x8D59, 0xA63C, 0xA63C, 0xA63C, 0xA63C, 0xBEDE, 0xBEDE, 0x8D59, 0x8D59, 0x5BD2, 0xA63C,
    0xA63C, 0xBEDE, 0xBEDE, 0xBEDE, 0xA63C, 0xA63C, 0xBEDE, 0xBEDE, 0xBEDE, 0xBEDE, 0xBEDE, 0xA63C,
    0x5BD2, 0x120E, 0x8D59, 0xA63C, 0x120E, 0x6B55, 0x6B55, 0x6B55, 0x51CE, 0x0001, 0x0001, 0x0001,
    0x0001, 0x0001, 0x0001, 0x0001, 0x51CE, 0x6B55, 0x6B55, 0x51CE, 0x120E, 0xA63C, 0x120E, 0x5BD2,
    0x8D59, 0x8D59, 0x8D59, 0xA63C, 0xA63C, 0xA63C, 0xA63C, 0xA63C, 0x8D59, 0x5BD2, 0x120E, 0xA63C,
    0xA63C, 0xA63C, 0xBEDE, 0xBEDE, 0xA63C, 0xA63C, 0xBEDE, 0xBEDE, 0xBEDE, 0xBEDE, 0xBEDE, 0x8D59,
    0x5BD2, 0x120E, 0xA63C, 0x120E, 0x51CE, 0x6B55, 0x6B55, 0x51CE, 0x0001, 0x0001, 0x0001, 0x0001,
    0x0001, 0x0001, 0x0001, 0x0001, 0x51CE, 0x6B55, 0x51CE, 0x6B55, 0x6B55, 0x120E, 0x120E, 0x120E,
    0x8D59, 0x8D59, 0x8D59, 0x8D59, 0xA63C, 0xA63C, 0xA63C, 0x8D59, 0x5BD2, 0x120E, 0x120E, 0xA63C,
    0xA63C, 0xA63C, 0xBEDE, 0xA63C, 0xA63C, 0xA63C, 0xBEDE, 0xBEDE, 0xBEDE, 0xBEDE, 0xA63C, 0x8D59,
    0x120E, 0x120E, 0x120E, 0x8C38, 0x6B55, 0x51CE, 0x6B55, 0x51CE, 0x0001, 0x0001, 0x0001, 0x0001,
    0x0001, 0x0001, 0x0001, 0x0001, 0x51CE, 0x6B55, 0x51CE, 0x6B55, 0x6B55, 0x6B55, 0x6B55, 0x120E,
    0x5BD2, 0x8D59, 0x8D59, 0x8D59, 0x8D59, 0x8D59, 0x8D59, 0x8D59, 0x5BD2, 0x120E, 0x120E, 0x8D59,
    0xA63C, 0xA63C, 0xA63C, 0xA63C, 0xA63C, 0xA63C, 0xA63C, 0xBEDE, 0xBEDE, 0xBEDE, 0xA63C, 0x5BD2,
    0x120E, 0x6B55, 0x8C38, 0x8C38, 0x8C38, 0x51CE, 0x6B55, 0x51CE, 0x0001, 0x0001, 0x0001, 0x0001,
    0x0001, 0x0001, 0x0001, 0x0001, 0x51CE, 0x6B55, 0x51CE, 0x6B55, 0x6B55, 0x6B55, 0x6B55, 0x6B55,
    0x120E, 0x8D59, 0x8D59, 0x8D59, 0x8D59, 0x8D59, 0x8D59, 0x8D59, 0x8D59, 0x5BD2, 0x120E, 0x5BD2,
    0x8D59, 0x8D59, 0x8D59, 0xA63C, 0xA63C, 0xA63C, 0xA63C, 0xBEDE, 0xBEDE, 0xA63C, 0x8D59, 0x120E,
    0x6B55, 0x8C38, 0x8C38, 0x8C38, 0x8C38, 0x51CE, 0x6B55, 0x51CE, 0x0001, 0x0001, 0x0001, 0x0001,
    0x0001, 0x0001, 0x0001, 0x0001, 0x51CE, 0x6B55, 0x51CE, 0x6B55, 0x6B55, 0x6B55, 0x6B55, 0x6B55,
    0x120E, 0x5BD2, 0x8D59, 0x8D59, 0x8D59, 0x8D59, 0x8D59, 0x8D59, 0x8D59, 0x8D59, 0x8D59, 0x5BD2,
    0x5BD2, 0x8D59, 0xA63C, 0xA63C, 0xA63C, 0xA63C, 0xA63C, 0xBEDE, 0xBEDE, 0xA63C, 0x5BD2, 0x120E,
    0x8C38, 0x8C38, 0x8C38, 0x8C38, 0x8C38, 0x6B55, 0x51CE, 0x0001, 0x0001, 0x0001, 0x0001, 0x0001,
    0x0001, 0x0001, 0x0001, 0x0001, 0x0001, 0x51CE, 0x6B55, 0x6B55, 0x6B55, 0x6B55, 0x6B55, 0x6B55,
    0x6B55, 0x120E, 0x8D59, 0x8D59, 0x8D59, 0x8D59, 0x8D59, 0x8D59, 0x8D59, 0x8D59, 0x8D59, 0x8D59,
    0x8D59, 0xA63C, 0xA63C, 0xA63C, 0xA63C, 0xA63C, 0xA63C, 0xBEDE, 0xA63C, 0x8D59, 0x120E, 0x6B55,
    0x8C38, 0x8C38, 0x8C38, 0x8C38, 0x8C38, 0x6B55, 0x51CE, 0x0001, 0x0001, 0x0001, 0x0001, 0x0001,
    0x0001, 0x0001, 0x0001, 0x0001, 0x0001, 0x51CE, 0x6B55, 0x6B55, 0x6B55, 0x6B55, 0x6B55, 0x6B55,
    0x6B55, 0x120E, 0x5BD2, 0x8D59, 0x8D59, 0x8D59, 0x8D59, 0x8D59, 0x8D59, 0x8D59, 0x8D59, 0x8D59,
    0xA63C, 0xA63C, 0xA63C, 0xA63C, 0xA63C, 0xA63C, 0xA63C, 0xA63C, 0xA63C, 0x5BD2, 0x120E, 0x8C38,
    0x8C38, 0x8C38, 0x8C38, 0x8C38, 0x8C38, 0x6B55, 0x51CE, 0x0001, 0x0001, 0x0001, 0x0001, 0x0001,
    0x0001, 0x0001, 0x0001, 0x0001, 0x0001, 0x51CE, 0x6B55, 0x6B55, 0x6B55, 0x6B55, 0x6B55, 0x6B55,
    0x6B55, 0x6B55, 0x120E, 0x5BD2, 0x8D59, 0x8D59, 0x8D59, 0x8D59, 0x8D59, 0x8D59, 0x8D59, 0x92B7,
    0x92B7, 0x92B7, 0xA63C, 0xA63C, 0xA63C, 0xA63C, 0xA63C, 0xA63C, 0x8D59, 0x120E, 0x6B55, 0x8C38,
    0x8C38, 0x8C38, 0x8C38, 0x8C38, 0x8C38, 0x6B55, 0x51CE, 0x0001, 0x0001, 0x0001, 0x0001, 0x0001,
    0x0001, 0x0001, 0x0001, 0x0001, 0x0001, 0x51CE, 0x6B55, 0x6B55, 0x6B55, 0x6B55, 0x6B55, 0x6B55,
    0x6B55, 0x6B55, 0x120E, 0x120E, 0x5BD2, 0x8D59, 0x8D59, 0x8D59, 0x8D59, 0x516D, 0x516D, 0x516D,
    0x69F0, 0x69F0, 0x516D, 0x92B7, 0xA63C, 0xA63C, 0xA63C, 0x8D59, 0x120E, 0x120E, 0x6B55, 0x8C38,
    0x8C38, 0x8C38, 0x8C38, 0x8C38, 0x8C38, 0x6B55, 0x51CE, 0x0001, 0x0001, 0x0001, 0x0001, 0x0001,
    0x0001, 0x0001, 0x0001, 0x0001, 0x0001, 0x51CE, 0x6B55, 0x6B55, 0x6B55, 0x6B55, 0x6B55, 0x6B55,
    0x6B55, 0x6B55, 0x120E, 0x4B2F, 0x120E, 0x5BD2, 0x8D59, 0x8D59, 0x8D59, 0x8D59, 0x92B7, 0x92B7,
    0xB3BB, 0x92B7, 0x92B7, 0xA63C, 0xA63C, 0xA63C, 0x8D59, 0x120E, 0x8D59, 0x120E, 0x6B55, 0x6B55,
    0x6B55, 0x8C38, 0x8C38, 0x8C38, 0x8C38, 0x6B55, 0x51CE, 0x0001, 0x0001, 0x0001, 0x0001, 0x0001,
    0x0001, 0x0001, 0x0001, 0x0001, 0x0001, 0x0001, 0x51CE, 0x6B55, 0x6B55, 0x6B55, 0x6B55, 0x51CE,
    0x51CE, 0x51CE, 0x120E, 0x4B2F, 0x4B2F, 0x120E, 0x5BD2, 0x8D59, 0x8D59, 0x8D59, 0x8D59, 0x69F0,
    0x69F0, 0x69F0, 0xA63C, 0xA63C, 0xA63C, 0x8D59, 0x120E, 0x8D59, 0xA63C, 0x120E, 0x51CE, 0x51CE,
    0x51CE, 0x6B55, 0x6B55, 0x8C38, 0x6B55, 0x51CE, 0x0001, 0x0001, 0x0001, 0x0001, 0x0001, 0x0001,
    0x0001, 0x0001, 0x0001, 0x0001, 0x0001, 0x0001, 0x51CE, 0x6B55, 0x6B55, 0x51CE, 0x51CE, 0x0001,
    0x0001, 0x0001, 0x120E, 0x4B2F, 0x4B2F, 0x4B2F, 0x120E, 0x5BD2, 0x8D59, 0x8D59, 0x8D59, 0x8D59,
    0x8D59, 0xA63C, 0xA63C, 0xA63C, 0x8D59, 0x120E, 0x8D59, 0xA63C, 0xA63C, 0x120E, 0x0001, 0x0001,
    0x0001, 0x51CE, 0x51CE, 0x6B55, 0x6B55, 0x51CE, 0x0001, 0x0001, 0x0001, 0x0001, 0x0001, 0x0001,
    0x0001, 0x0001, 0x0001, 0x0001, 0x0001, 0x0001, 0x0001, 0x51CE, 0x51CE, 0x0001, 0x0001, 0x0001,
    0x0001, 0x0001, 0x120E, 0x5BD2, 0x5BD2, 0x4B2F, 0x4B2F, 0x120E, 0x120E, 0x5BD2, 0x8D59, 0x8D59,
    0xA63C, 0xA63C, 0x8D59, 0x120E, 0x120E, 0x8D59, 0xA63C, 0xBEDE, 0xA63C, 0x120E, 0x0001, 0x0001,
    0x0001, 0x0001, 0x0001, 0x51CE, 0x51CE, 0x0001, 0x0001, 0x0001, 0x0001, 0x0001, 0x0001, 0x0001,
    0x0001, 0x0001, 0x0001, 0x0001, 0x0001, 0x0001, 0x0001, 0x51CE, 0x0001, 0x0001, 0x0001, 0x0001,
    0x0001, 0x120E, 0x4B2F, 0x5BD2, 0x5BD2, 0x5BD2, 0x4B2F, 0x4B2F, 0x4B2F, 0x120E, 0x120E, 0x120E,
    0x120E, 0x120E, 0x120E, 0x8D59, 0xA63C, 0xA63C, 0xBEDE, 0xBEDE, 0xA63C, 0x8D59, 0x120E, 0x0001,
    0x0001, 0x0001, 0x0001, 0x0001, 0x51CE, 0x0001, 0x0001, 0x0001, 0x0001, 0x0001, 0x0001, 0x0001,
    0x0001, 0x0001, 0x0001, 0x0001, 0x0001, 0x0001, 0x0001, 0x0001, 0x0001, 0x0001, 0x0001, 0x0001,
    0x0001, 0x120E, 0x4B2F, 0x5BD2, 0x5BD2, 0x5BD2, 0x5BD2, 0x4B2F, 0x5BD2, 0x5BD2, 0x8D59, 0x8D59,
    0x8D59, 0x8D59, 0xA63C, 0xA63C, 0xA63C, 0xA63C, 0xBEDE, 0xBEDE, 0xA63C, 0x8D59, 0x120E, 0x0001,
    0x0001, 0x0001, 0x0001, 0x0001, 0x0001, 0x0001, 0x0001, 0x0001, 0x0001, 0x0001, 0x0001, 0x0001,
  },
};

}  // namespace pipa
